key,subset_seed,initialization,strategy,id,iou,boundary_iou
seed17_random_reference,17,random,reference,26,0.9600286342145569,0.4129801324503311
seed17_random_reference,17,random,reference,27,0.6658054469199597,0.25175209564380924
seed17_random_reference,17,random,reference,28,0.7167123411772699,0.2224352828379674
seed17_random_reference,17,random,reference,29,0.7447126004605913,0.227280224311397
seed17_random_reference,17,random,reference,30,0.7623161882062522,0.1954038435694127
seed17_random_reference,17,random,reference,31,0.6516111917792918,0.19039078723805927
seed17_random_reference,17,random,reference,32,0.9273371792106966,0.323452879284987
seed17_random_reference,17,random,reference,33,0.9512265951268081,0.3423267860997194
seed17_random_reference,17,random,reference,34,0.30463127437874266,0.11014176663031625
seed17_random_reference,17,random,reference,39,0.0,
seed17_random_reference,17,random,reference,56,0.8183886829081998,0.2880738833140929
seed17_random_reference,17,random,reference,64,0.7712909645582098,0.10410205807724839
seed17_random_reference,17,random,reference,65,0.7655991165102154,0.1384928716904277
seed17_random_reference,17,random,reference,66,0.5283025110000993,0.18038147138964578
seed17_random_reference,17,random,reference,67,0.0037755608223557294,0.010029498525073746
seed17_random_reference,17,random,reference,68,0.6901392956836214,0.183156594255122
seed17_random_reference,17,random,reference,69,0.5574266571813847,0.16837136113296616
seed17_random_reference,17,random,reference,70,0.7147457908072652,0.12050154697931934
seed17_random_reference,17,random,reference,71,0.6358650336304175,0.15051118456453225
seed17_random_reference,17,random,reference,73,0.6348495033236239,0.16273471352912855
seed17_random_reference,17,random,reference,74,0.05018565380885935,0.029411764705882353
seed17_random_reference,17,random,reference,76,0.6914740116074005,0.10778364116094986
seed17_random_reference,17,random,reference,79,0.6564809964495664,0.13282247765006386
seed17_random_reference,17,random,reference,83,0.6393142428699138,0.17687219970130147
seed17_random_reference,17,random,reference,86,0.87124334336652,0.2997004357298475
seed17_random_reference,17,random,reference,88,0.39625577065319967,0.04945300290243358
seed17_random_reference,17,random,reference,89,0.9143108016996723,0.2814846145712171
seed17_random_reference,17,random,reference,90,0.9083792072229947,0.33085817333191897
seed17_random_reference,17,random,reference,91,0.7626306844517691,0.2831896551724138
seed17_random_reference,17,random,reference,92,0.7661066039133082,0.27733277852907523
seed17_random_reference,17,random,reference,93,0.8141035236356016,0.2522804507243785
seed17_random_reference,17,random,reference,94,0.7564383741545735,0.23442912689996465
seed17_random_reference,17,random,reference,95,0.7613995988410965,0.186919046814264
seed17_random_reference,17,random,reference,96,0.7671241613306462,0.1779238063550158
seed17_random_reference,17,random,reference,102,0.826144865575927,0.3105101649405447
seed17_random_reference,17,random,reference,104,0.7524629871543653,0.2045297610827234
seed17_random_reference,17,random,reference,105,0.8822605965463108,0.2944526800343294
seed17_random_reference,17,random,reference,106,0.9070657894736842,0.32628304821150855
seed17_random_reference,17,random,reference,107,0.87004549209128,0.22006833554145458
seed17_random_reference,17,random,reference,108,0.8732811286293116,0.31174313965114986
seed17_random_reference,17,random,reference,109,0.7027569111998335,0.15587999643906347
seed17_random_reference,17,random,reference,112,0.8272427473759981,0.2736266049252789
seed17_random_reference,17,random,reference,115,0.8493964007846132,0.3204366812227074
seed17_random_reference,17,random,reference,116,0.8098052417645445,0.21846671846671847
seed17_random_reference,17,random,reference,117,0.7891671997769139,0.22672287390029325
seed17_random_reference,17,random,reference,118,0.8412761015797893,0.30770163735597333
seed17_random_reference,17,random,reference,119,0.8582644258037553,0.3158416659780183
seed17_random_reference,17,random,reference,122,0.7284490145672665,0.23595959595959595
seed17_random_reference,17,random,reference,123,0.8094696323264501,0.27213184027044157
seed17_random_reference,17,random,reference,125,0.7403588570152919,0.23986302435987236
seed17_random_reference,17,random,reference,126,0.8331113039439753,0.22925027071788012
seed17_random_reference,17,random,reference,127,0.933063124523456,0.40469700146781296
seed17_random_reference,17,random,reference,128,0.8729065902037086,0.3461990595611285
seed17_random_reference,17,random,reference,132,0.6736547997927614,0.15243955282086835
seed17_random_reference,17,random,reference,134,0.8665254237288136,0.3007569766128121
seed17_random_reference,17,random,reference,136,0.93895611553855,0.4127940006817407
seed17_random_reference,17,random,reference,137,0.8763845550938318,0.27320587420338044
seed17_random_reference,17,random,reference,138,0.7512196938661503,0.2510252100840336
seed17_random_reference,17,random,reference,139,0.8667640196187362,0.34084934277047524
seed17_random_reference,17,random,reference,142,0.769099795435893,0.19812974868497954
seed17_random_reference,17,random,reference,147,0.9641935245962091,0.3743383829165906
seed17_random_reference,17,random,reference,148,0.9451596743894802,0.31066563296046074
seed17_random_reference,17,random,reference,149,0.9310942150297619,0.25689609588437473
seed17_random_reference,17,random,reference,150,0.8912128573042594,0.33353590600627975
seed17_random_reference,17,random,reference,152,0.8419601400100007,0.2861828618286183
seed17_random_reference,17,random,reference,154,0.8921527206421916,0.2811437403400309
seed17_random_reference,17,random,reference,155,0.8249153750222697,0.29283933024581404
seed17_random_reference,17,random,reference,156,0.8460800467182514,0.2550383631713555
seed17_random_reference,17,random,reference,158,0.8347465709479963,0.2691255625165446
seed17_random_reference,17,random,reference,159,0.8719311722230757,0.32812253276488235
seed17_random_reference,17,random,reference,160,0.8923435678196657,0.209171890465193
seed17_random_reference,17,random,reference,161,0.8663503241503332,0.21541465228709558
seed17_random_reference,17,random,reference,162,0.8942079129470181,0.2361823997619579
seed17_random_reference,17,random,reference,164,0.884385506163616,0.2578821482931072
seed17_random_reference,17,random,reference,166,0.8907922623145561,0.2976629766297663
seed17_random_reference,17,random,reference,173,0.6075971731448764,0.2586524899641966
seed17_random_reference,17,random,reference,188,0.7787577869610807,0.19360414866032843
seed17_random_reference,17,random,reference,189,0.8109484574567368,0.18828916331344525
seed17_random_reference,17,random,reference,190,0.5767895599627142,0.14687811358352706
seed17_random_reference,17,random,reference,193,0.674224704878787,0.23650863010705703
seed17_random_reference,17,random,reference,200,0.5391634980988593,0.12767810485978054
seed17_random_reference,17,random,reference,201,0.6372340425531915,0.19490480756060813
seed17_random_reference,17,random,reference,202,0.7122116416309013,0.22794691647150664
seed17_random_reference,17,random,reference,203,0.6288390860726311,0.14570460434522622
seed17_random_reference,17,random,reference,204,0.804296488154186,0.16229428059312367
seed17_random_reference,17,random,reference,205,0.5731666103413315,0.15960912052117263
seed17_random_reference,17,random,reference,206,0.6661472237479084,0.18204334365325078
seed17_random_reference,17,random,reference,207,0.6308553442311404,0.20086630937522942
seed17_random_reference,17,random,reference,208,0.5012893765485159,0.10760998810939358
seed17_random_reference,17,random,reference,209,0.758941935483871,0.322563629170513
seed17_random_reference,17,random,reference,210,0.8196533466796617,0.25451218497879063
seed17_random_reference,17,random,reference,211,0.6804640064261582,0.15903403403403404
seed17_random_reference,17,random,reference,213,0.7600572997493136,0.2912498873569433
seed17_random_reference,17,random,reference,214,0.8300794814414693,0.2255029201817002
seed17_random_reference,17,random,reference,215,0.8365670780943593,0.2553332890277132
seed17_random_reference,17,random,reference,218,0.7690287776209785,0.19859280547022098
seed17_random_reference,17,random,reference,219,0.9194862441100471,0.345561880666245
seed17_random_reference,17,random,reference,577,0.7905169997196748,0.20602605863192183
seed17_random_reference,17,random,reference,611,0.9536176035296418,0.3164625555435136
seed17_random_reference,17,random,reference,613,0.8613177805800757,0.24936274940669773
seed17_random_reference,17,random,reference,614,0.8629258845031234,0.28631505169090593
seed17_random_reference,17,random,reference,615,0.8362457770994461,0.21904552452166262
seed17_random_reference,17,random,reference,616,0.8339298072170045,0.1969111969111969
seed17_random_reference,17,random,reference,617,0.8126423477579061,0.16471938243271436
seed17_random_reference,17,random,reference,618,0.8702318991035479,0.25106047153990335
seed17_random_reference,17,random,reference,619,0.8228427244676162,0.255789372537715
seed17_random_reference,17,random,reference,647,0.9338112211741074,0.37293458964905096
seed17_random_reference,17,random,reference,651,0.8778068833941522,0.2201798983183418
seed17_random_reference,17,random,reference,653,0.7298893602861659,0.1905793688177108
seed17_random_reference,17,random,reference,663,0.7310994714309631,0.3163918790025889
seed17_random_reference,17,random,reference,664,0.869063829071898,0.33215585527724256
seed17_random_reference,17,random,reference,665,0.8836632482709277,0.2967256775810747
seed17_random_reference,17,random,reference,666,0.8997763988303938,0.32626325639426074
seed17_random_reference,17,random,reference,667,0.7957346216446638,0.2153323262839879
seed17_random_reference,17,random,reference,668,0.7041178412279254,0.24024545559800856
seed17_random_reference,17,random,reference,669,0.8596227505962275,0.2568727845608507
seed17_random_reference,17,random,reference,674,0.7335162584978294,0.23974161344784556
seed17_random_reference,17,random,reference,704,0.6456295091092034,0.20736314307301326
seed17_random_reference,17,random,reference,705,0.749792210025508,0.2655998713412673
seed17_random_reference,17,random,reference,706,0.8430759296999536,0.311554820415879
seed17_random_reference,17,random,reference,707,0.7807786528455449,0.20626905487804878
seed17_random_reference,17,random,reference,708,0.791808441323391,0.21359802334497743
seed17_random_reference,17,random,reference,709,0.7841376958121178,0.2436178973373593
seed17_random_reference,17,random,reference,710,0.872555244127166,0.2983516073692847
seed17_random_reference,17,random,reference,711,0.5959881225188006,0.11972982580874511
seed17_random_reference,17,random,reference,712,0.6541363079502225,0.20417273168364872
seed17_random_reference,17,random,reference,713,0.6319553567831098,0.140187678498572
seed17_random_reference,17,random,reference,714,0.5792290706605223,0.13410872638478344
seed17_random_reference,17,random,reference,716,0.8860992295152773,0.26646644573322287
seed17_random_reference,17,random,reference,723,0.8552301854371017,0.3940661351457326
seed17_random_reference,17,random,reference,724,0.28157323990657324,0.11814713896457765
seed17_random_reference,17,random,reference,725,0.8415726902720355,0.2818127844844647
seed17_random_reference,17,random,reference,728,0.8578006907252615,0.267472306143001
seed17_random_reference,17,random,reference,729,0.880172628692509,0.21184224291243853
seed17_random_reference,17,random,reference,730,0.9057727926224306,0.2761633253632518
seed17_random_reference,17,random,reference,731,0.8918485675306957,0.3270136456949644
seed17_random_reference,17,random,reference,732,0.8964599959075097,0.3664984378755107
seed17_random_reference,17,random,reference,733,0.8640374795498488,0.2463586312635027
seed17_random_reference,17,random,reference,734,0.7815498674424607,0.23945578231292516
seed17_random_reference,17,random,reference,735,0.839922060458032,0.2773388466366389
seed17_random_reference,17,random,reference,736,0.8858626658972879,0.29746348962336666
seed17_random_reference,17,random,reference,737,0.9188967966593138,0.3775334608030593
seed17_random_reference,17,random,reference,745,0.8792326239647762,0.3130112804615517
seed17_random_reference,17,random,reference,746,0.7711036386130762,0.2231208372978116
seed17_random_reference,17,random,reference,747,0.8464394516374715,0.23825363825363827
seed17_random_reference,17,random,reference,748,0.9373704471424341,0.3313107964942695
seed17_random_reference,17,random,reference,749,0.7940956555369344,0.20542072875613634
seed17_random_reference,17,random,reference,750,0.9223271309483975,0.3122006198929276
seed17_random_reference,17,random,reference,751,0.8501514650103098,0.22523703075618592
seed17_random_reference,17,random,reference,752,0.7860030244867097,0.23575293373620967
seed17_random_reference,17,random,reference,753,0.8780431134632761,0.2630783908411512
seed17_random_reference,17,random,reference,754,0.8794771010908449,0.26227995457126635
seed17_random_reference,17,random,reference,755,0.857580167611783,0.24856225259541415
seed17_random_reference,17,random,reference,757,0.8380855397148677,0.2959953569355775
seed17_random_reference,17,random,reference,762,0.8460600889755622,0.21630368822061896
seed17_random_reference,17,random,reference,763,0.6264037558685446,0.1640991292699263
seed17_random_reference,17,random,reference,764,0.561199901647406,0.13724396270024708
seed17_random_reference,17,random,reference,765,0.5815553925165077,0.11834319526627218
seed17_random_reference,17,random,reference,766,0.8730098904383765,0.3441729803354048
seed17_random_reference,17,random,reference,767,0.8289728366064244,0.28338918142651986
seed17_random_reference,17,random,reference,769,0.8242797639708435,0.20456031382804837
seed17_random_reference,17,random,reference,770,0.9148464194350525,0.3735291054878684
seed17_random_reference,17,random,reference,771,0.806509611506923,0.29014866851821597
seed17_random_reference,17,random,reference,772,0.900492740540134,0.35725888324873095
seed17_random_reference,17,random,reference,773,0.8323702197819789,0.2600652883569097
seed17_random_reference,17,random,reference,775,0.8724150612464284,0.30058396464646464
seed17_random_reference,17,random,reference,776,0.7383440111220995,0.19477346757477051
seed17_random_reference,17,random,reference,777,0.7830061719801383,0.23231886564067092
seed17_random_reference,17,random,reference,778,0.814757381921561,0.22833365219054907
seed17_random_reference,17,random,reference,779,0.7732273248029594,0.24980953832088984
seed17_random_reference,17,random,reference,782,0.769356039456542,0.2664698439477014
seed17_random_reference,17,random,reference,791,0.9100787829394187,0.2876603473720059
seed17_random_reference,17,random,reference,792,0.7138606062374186,0.23180930050801093
seed17_random_reference,17,random,reference,794,0.8491833765766307,0.2669815371404036
seed17_random_reference,17,random,reference,795,0.6842003807137177,0.20767743717205192
seed17_random_reference,17,random,reference,797,0.866928511437182,0.22350570852921423
seed17_random_reference,17,random,reference,798,0.7820983474118164,0.21713503215051203
seed17_random_reference,17,random,reference,800,0.7273316869964329,0.19848107005214238
seed17_random_reference,17,random,reference,801,0.7223840530043408,0.23091809877690045
seed17_random_reference,17,random,reference,802,0.822076755230394,0.19992230998316715
seed17_random_reference,17,random,reference,803,0.7199613339777671,0.21794871794871795
seed17_random_reference,17,random,reference,804,0.6534217631177368,0.14045441133077605
seed17_random_reference,17,random,reference,805,0.7755120226938558,0.2716435576597903
seed17_random_reference,17,random,reference,807,0.7260437703499155,0.20583926329007954
seed17_random_reference,17,random,reference,809,0.8727606905216136,0.2516036130383558
seed17_random_reference,17,random,reference,810,0.6984190618953827,0.2407365310297795
seed17_random_reference,17,random,reference,812,0.8822164688477186,0.3085094099988454
seed17_random_reference,17,random,reference,813,0.9017228693201538,0.2857142857142857
seed17_random_reference,17,random,reference,814,0.851447455386649,0.33440268866483347
seed17_random_reference,17,random,reference,815,0.8243440032971562,0.2351004851004851
seed17_random_reference,17,random,reference,816,0.89036671100133,0.3687743950039032
seed17_random_reference,17,random,reference,817,0.8636741956777545,0.2806281788168109
seed17_random_reference,17,random,reference,818,0.8831792607008745,0.3206685690990624
seed17_random_reference,17,random,reference,819,0.9026777578554422,0.3609740736853154
seed17_random_reference,17,random,reference,820,0.9283082077051926,0.40134291435975966
seed17_random_reference,17,random,reference,823,0.8797659406492361,0.3382896195049871
seed17_random_reference,17,random,reference,824,0.8607470013664659,0.3115667483842211
seed17_random_reference,17,random,reference,825,0.8149951529038513,0.221751225327858
seed17_random_reference,17,random,reference,826,0.8761680541734423,0.2823666849917537
seed17_random_reference,17,random,reference,828,0.8665783555651397,0.2808805544231553
seed17_random_reference,17,random,reference,851,0.9017272617465878,0.3224431818181818
seed17_random_reference,17,random,reference,855,0.8398758617421999,0.2901537718380163
seed17_random_reference,17,random,reference,858,0.8734993365076887,0.2885649835155301
seed17_random_reference,17,random,reference,860,0.8935276263279186,0.3488662567255957
seed17_random_reference,17,random,reference,862,0.8370416797242244,0.31368055006717777
seed17_random_reference,17,random,reference,864,0.8957377212293074,0.36908230152949745
seed17_random_reference,17,random,reference,866,0.8241039391701965,0.32734806629834257
seed17_random_reference,17,random,reference,968,0.8433616888611767,0.2335558388959724
seed17_random_reference,17,random,reference,969,0.8697203142195742,0.23776223776223776
seed17_random_reference,17,random,reference,970,0.8403988261499841,0.1994823442410797
seed17_random_reference,17,random,reference,972,0.8397339861877444,0.2250446890582369
seed17_random_reference,17,random,reference,975,0.8931320754716982,0.2260287081339713
seed17_random_reference,17,random,reference,976,0.9147702753243764,0.41732283464566927
seed17_random_reference,17,random,reference,978,0.8870020935674116,0.23968947113051917
seed17_random_reference,17,random,reference,979,0.8465776083208343,0.3589480555814604
seed17_random_reference,17,random,reference,981,0.931466077666557,0.3722959685349066
seed17_random_reference,17,random,reference,982,0.9349304862721725,0.3685993975903614
seed17_random_reference,17,random,reference,983,0.9359922858235382,0.3706865016461407
seed17_random_reference,17,random,reference,984,0.8768040287416323,0.2736550769763017
seed17_random_reference,17,random,reference,985,0.8280422364549074,0.2521213303423388
seed17_random_reference,17,random,reference,986,0.7608193517272889,0.2183550859747255
seed17_random_reference,17,random,reference,1074,0.8126040145365622,0.3889801730748165
seed17_random_reference,17,random,reference,1075,0.923568915893828,0.34766910053759126
seed17_random_reference,17,random,reference,1076,0.7528662420382166,0.24074279995552095
seed17_random_reference,17,random,reference,1078,0.6482501398644869,0.24013857176600267
seed17_random_reference,17,random,reference,1079,0.8866633873397485,0.3140305652734303
seed17_random_reference,17,random,reference,1080,0.7388378495258789,0.2704346023630208
seed17_random_reference,17,random,reference,1081,0.8530899461453777,0.2874557285231859
seed17_random_reference,17,random,reference,1083,0.6465499930490122,0.24638559432083804
seed17_random_reference,17,random,reference,1085,0.6284108005384432,0.2154053274353303
seed17_random_reference,17,random,reference,1087,0.638904581662053,0.19095869056897896
seed17_random_reference,17,random,reference,1089,0.6418423379113696,0.17927767096951386
seed17_random_reference,17,random,reference,1091,0.9403128674767487,0.3309996110462855
seed17_random_reference,17,random,reference,1096,0.9305006066360711,0.3407938450778108
seed17_random_reference,17,random,reference,1108,0.6712665372767579,0.15367827589342548
seed17_random_reference,17,random,reference,1114,0.6456857757777343,0.12281216387992569
seed17_random_reference,17,random,reference,1243,0.8894008075103416,0.30925167133922793
seed17_random_reference,17,random,reference,1245,0.8961873186904269,0.2720257716511837
seed17_random_reference,17,random,reference,1247,0.8983437654312749,0.2913605876716704
seed17_random_reference,17,random,reference,1252,0.550129921507629,0.2156349898285382
seed17_random_reference,17,random,reference,1253,0.5877086654004371,0.2734238603297769
seed17_random_reference,17,random,reference,1261,0.9326727244242519,0.3721416828575699
seed17_random_reference,17,random,reference,1262,0.8563629313687475,0.3483182060864923
seed17_random_reference,17,random,reference,1263,0.8827099910915158,0.37258426966292135
seed17_random_reference,17,random,reference,1324,0.698897821354497,0.18895833333333334
seed17_random_reference,17,random,reference,1326,0.687826422237022,0.18151495588551753
seed17_random_reference,17,random,reference,1714,0.6754432178781902,0.20307147076196103
seed17_random_reference,17,random,reference,1715,0.6543359974488271,0.1460260363138061
seed17_random_reference,17,random,reference,1716,0.6980809806088617,0.21283655669321197
seed17_random_reference,17,random,reference,1717,0.7625187192469515,0.14584659452577975
seed17_random_reference,17,random,reference,1718,0.42001355819648317,0.0841556636553162
seed17_random_reference,17,random,reference,1719,0.6037810161480898,0.13841765500675574
seed17_random_reference,17,random,reference,1720,0.5875682486350273,0.08039244398887099
seed17_random_reference,17,random,reference,1776,0.5415374443097558,0.13178047223994896
seed17_random_reference,17,random,reference,1830,0.873362391798146,0.32564952586539203
seed17_random_reference,17,random,reference,1831,0.9011093173773308,0.3060945880058508
seed17_random_reference,17,random,reference,1832,0.8701511198925644,0.3089005235602094
seed17_random_reference,17,random,reference,1833,0.6953391700146304,0.20583873233939584
seed17_random_reference,17,random,reference,1834,0.5802474571793405,0.17494404029099048
seed17_random_reference,17,random,reference,1835,0.8452852889910379,0.2635897435897436
seed17_random_reference,17,random,reference,1836,0.6513185568678207,0.19458217438626194
seed17_random_reference,17,random,reference,1837,0.8154527230203809,0.2195756442565645
seed17_random_reference,17,random,reference,1838,0.731806983928362,0.20426173052087818
seed17_random_reference,17,random,reference,1839,0.774404280470354,0.19055308841340332
seed17_random_reference,17,random,reference,1840,0.724049331963001,0.17795472846023083
seed17_random_reference,17,random,reference,1841,0.7783309435044451,0.2250233426704015
seed17_random_reference,17,random,reference,1842,0.8207524257809338,0.2525682616923493
seed17_random_reference,17,random,reference,1843,0.8335654165119446,0.19768797357684087
seed17_random_reference,17,random,reference,1844,0.8351688169091408,0.2057827735644637
seed17_random_reference,17,random,reference,1845,0.7771610555050046,0.2221361138509229
seed17_random_reference,17,random,reference,1846,0.8924723640648673,0.31208751469125756
seed17_random_reference,17,random,reference,1847,0.8759235668789809,0.2858291457286432
seed17_random_reference,17,random,reference,1848,0.9024419050993593,0.25270801095107726
seed17_random_reference,17,random,reference,1849,0.7175857264842029,0.21362586605080833
seed17_random_reference,17,random,reference,1850,0.7448219600259847,0.22703917790622993
seed17_random_reference,17,random,reference,1851,0.8409804564840418,0.37645308286059703
seed17_random_reference,17,random,reference,1852,0.6906119392167758,0.2817373674360574
seed17_random_reference,17,random,reference,1855,0.7653473975909,0.1902223230490018
seed17_random_reference,17,random,reference,1856,0.8683774995619074,0.2482470535581083
seed17_random_reference,17,random,reference,1858,0.9133590556595484,0.33857471264367817
seed17_random_reference,17,random,reference,1872,0.8634695926066941,0.3284939814389415
seed17_random_reference,17,random,reference,1873,0.7754035962724767,0.2748709254835478
seed17_random_reference,17,random,reference,1874,0.6658473218313913,0.20663730255164034
seed17_random_reference,17,random,reference,1875,0.7873242892698146,0.23579644475426978
seed17_random_reference,17,random,reference,1876,0.8146772329536074,0.24024483550114767
seed17_random_reference,17,random,reference,1877,0.6469400339139818,0.1841502519468621
seed17_random_reference,17,random,reference,1890,0.65938997125519,0.16149679960610536
seed17_random_reference,17,random,reference,1894,0.4119279858877244,0.17565089842317566
seed17_random_reference,17,random,reference,1896,0.4680716483137345,0.14388259690540756
seed17_random_area_proportional,17,random,area_proportional,26,0.9608185094756424,0.4325746612287857
seed17_random_area_proportional,17,random,area_proportional,27,0.8161671090395114,0.2865752599065843
seed17_random_area_proportional,17,random,area_proportional,28,0.7174918582149431,0.21120558761008199
seed17_random_area_proportional,17,random,area_proportional,29,0.7148158100136911,0.19302714319828065
seed17_random_area_proportional,17,random,area_proportional,30,0.7753688121516774,0.1832726326742976
seed17_random_area_proportional,17,random,area_proportional,31,0.5757128461331025,0.17657920310981534
seed17_random_area_proportional,17,random,area_proportional,32,0.9142644201336209,0.29652963160704754
seed17_random_area_proportional,17,random,area_proportional,33,0.9474974857756898,0.31329016342892385
seed17_random_area_proportional,17,random,area_proportional,34,0.395319120317439,0.16369646450129346
seed17_random_area_proportional,17,random,area_proportional,39,0.0,
seed17_random_area_proportional,17,random,area_proportional,56,0.8266057128035534,0.32460026969755346
seed17_random_area_proportional,17,random,area_proportional,64,0.6706530134290056,0.09172105805565098
seed17_random_area_proportional,17,random,area_proportional,65,0.7716638592551002,0.163844199830652
seed17_random_area_proportional,17,random,area_proportional,66,0.550431490261623,0.22109120521172637
seed17_random_area_proportional,17,random,area_proportional,67,0.4929498212630743,0.00833031510322347
seed17_random_area_proportional,17,random,area_proportional,68,0.6080020742075026,0.19048097198513908
seed17_random_area_proportional,17,random,area_proportional,69,0.5258916252038299,0.16807156373645277
seed17_random_area_proportional,17,random,area_proportional,70,0.6731055842764659,0.1046012500941336
seed17_random_area_proportional,17,random,area_proportional,71,0.6750381573470238,0.1650686507632124
seed17_random_area_proportional,17,random,area_proportional,73,0.6046520362047597,0.14817950889077053
seed17_random_area_proportional,17,random,area_proportional,74,0.7041898839392913,0.007269155206286837
seed17_random_area_proportional,17,random,area_proportional,76,0.6581535947712418,0.1316241764537382
seed17_random_area_proportional,17,random,area_proportional,79,0.6218962083959849,0.08757799205899036
seed17_random_area_proportional,17,random,area_proportional,83,0.7739649029209459,0.18330865242225514
seed17_random_area_proportional,17,random,area_proportional,86,0.9071236430012489,0.31080300404390526
seed17_random_area_proportional,17,random,area_proportional,88,0.4301979839002103,0.07690585469607075
seed17_random_area_proportional,17,random,area_proportional,89,0.9030303030303031,0.24867238562091504
seed17_random_area_proportional,17,random,area_proportional,90,0.8965178158260064,0.3052752054937051
seed17_random_area_proportional,17,random,area_proportional,91,0.8181323169071604,0.299962852897474
seed17_random_area_proportional,17,random,area_proportional,92,0.9280380614466576,0.34472016328284455
seed17_random_area_proportional,17,random,area_proportional,93,0.8849849760509326,0.33860067580997816
seed17_random_area_proportional,17,random,area_proportional,94,0.8441953356526221,0.283258061960225
seed17_random_area_proportional,17,random,area_proportional,95,0.8534025273404287,0.26424254433765976
seed17_random_area_proportional,17,random,area_proportional,96,0.8456869382514299,0.24600798403193613
seed17_random_area_proportional,17,random,area_proportional,102,0.8429335015437734,0.2842018800766633
seed17_random_area_proportional,17,random,area_proportional,104,0.6327368972457335,0.1634766024112799
seed17_random_area_proportional,17,random,area_proportional,105,0.8767176971796266,0.288135593220339
seed17_random_area_proportional,17,random,area_proportional,106,0.888350827484062,0.2732836811444584
seed17_random_area_proportional,17,random,area_proportional,107,0.8142778337410659,0.2122823984526112
seed17_random_area_proportional,17,random,area_proportional,108,0.9083121344552432,0.3693920891956464
seed17_random_area_proportional,17,random,area_proportional,109,0.7239116035406756,0.18613707165109034
seed17_random_area_proportional,17,random,area_proportional,112,0.8096589486336243,0.28425956017766224
seed17_random_area_proportional,17,random,area_proportional,115,0.8466202354662938,0.31189309576837415
seed17_random_area_proportional,17,random,area_proportional,116,0.8327580169093001,0.2527550155411133
seed17_random_area_proportional,17,random,area_proportional,117,0.7742153398461858,0.23189074467103443
seed17_random_area_proportional,17,random,area_proportional,118,0.7988256530489449,0.23782791752132137
seed17_random_area_proportional,17,random,area_proportional,119,0.8095563723395162,0.24012553582363746
seed17_random_area_proportional,17,random,area_proportional,122,0.7149270968673307,0.2398912674142032
seed17_random_area_proportional,17,random,area_proportional,123,0.8026494053891314,0.24136147320504864
seed17_random_area_proportional,17,random,area_proportional,125,0.7502643494292763,0.2420200462606014
seed17_random_area_proportional,17,random,area_proportional,126,0.7246732125301907,0.18574859887910328
seed17_random_area_proportional,17,random,area_proportional,127,0.9488084730803178,0.4815222173339199
seed17_random_area_proportional,17,random,area_proportional,128,0.8959419240035904,0.33006753543232187
seed17_random_area_proportional,17,random,area_proportional,132,0.6985232343222,0.17270097308670115
seed17_random_area_proportional,17,random,area_proportional,134,0.954009230073548,0.315314335436154
seed17_random_area_proportional,17,random,area_proportional,136,0.9085106382978724,0.3576649850715536
seed17_random_area_proportional,17,random,area_proportional,137,0.8512703722155007,0.22747539328678387
seed17_random_area_proportional,17,random,area_proportional,138,0.7996124574531825,0.25381783474229613
seed17_random_area_proportional,17,random,area_proportional,139,0.9450099450099451,0.37239291320923973
seed17_random_area_proportional,17,random,area_proportional,142,0.7701279527559055,0.1954855905380643
seed17_random_area_proportional,17,random,area_proportional,147,0.9607061190889966,0.37289048473967684
seed17_random_area_proportional,17,random,area_proportional,148,0.9435993910665,0.29205333333333333
seed17_random_area_proportional,17,random,area_proportional,149,0.9308618511779908,0.2566609850183906
seed17_random_area_proportional,17,random,area_proportional,150,0.901488812875007,0.3474154564842084
seed17_random_area_proportional,17,random,area_proportional,152,0.8566957035287169,0.32148536151903473
seed17_random_area_proportional,17,random,area_proportional,154,0.9115894414863487,0.3425760286225403
seed17_random_area_proportional,17,random,area_proportional,155,0.8013311939145421,0.22385204081632654
seed17_random_area_proportional,17,random,area_proportional,156,0.8188571880186517,0.20727007603374648
seed17_random_area_proportional,17,random,area_proportional,158,0.8408925949057272,0.2596358258619096
seed17_random_area_proportional,17,random,area_proportional,159,0.8719492009991273,0.3674649050371594
seed17_random_area_proportional,17,random,area_proportional,160,0.8960921672484073,0.21642917015926236
seed17_random_area_proportional,17,random,area_proportional,161,0.874327290219777,0.18219827185728887
seed17_random_area_proportional,17,random,area_proportional,162,0.9067182962245885,0.2539952948811552
seed17_random_area_proportional,17,random,area_proportional,164,0.9090528956721723,0.2622215794041076
seed17_random_area_proportional,17,random,area_proportional,166,0.922773330347646,0.33322108099006564
seed17_random_area_proportional,17,random,area_proportional,173,0.594922268474132,0.23244837758112094
seed17_random_area_proportional,17,random,area_proportional,188,0.7847415344348111,0.18977628877120933
seed17_random_area_proportional,17,random,area_proportional,189,0.7816157727722,0.15412867274569403
seed17_random_area_proportional,17,random,area_proportional,190,0.4940480137940182,0.08890484003281378
seed17_random_area_proportional,17,random,area_proportional,193,0.6625854253119137,0.19357479025987312
seed17_random_area_proportional,17,random,area_proportional,200,0.3864416550928959,0.12339946531588575
seed17_random_area_proportional,17,random,area_proportional,201,0.7386726828351193,0.2531245708007142
seed17_random_area_proportional,17,random,area_proportional,202,0.7907293669610022,0.24582879181688605
seed17_random_area_proportional,17,random,area_proportional,203,0.5768925695387387,0.14725956566701137
seed17_random_area_proportional,17,random,area_proportional,204,0.7945480216923916,0.1646195696974693
seed17_random_area_proportional,17,random,area_proportional,205,0.6008259843497702,0.1726027397260274
seed17_random_area_proportional,17,random,area_proportional,206,0.6845597104945718,0.21621402513173896
seed17_random_area_proportional,17,random,area_proportional,207,0.6043818009201782,0.18650880654827157
seed17_random_area_proportional,17,random,area_proportional,208,0.5753722132825071,0.16261277517141826
seed17_random_area_proportional,17,random,area_proportional,209,0.8578627280625543,0.4146977600490948
seed17_random_area_proportional,17,random,area_proportional,210,0.7857985196336721,0.19815500835330863
seed17_random_area_proportional,17,random,area_proportional,211,0.6594293357111012,0.12300459217144107
seed17_random_area_proportional,17,random,area_proportional,213,0.803504289633748,0.23869728734896375
seed17_random_area_proportional,17,random,area_proportional,214,0.8195621066494447,0.20701181592039802
seed17_random_area_proportional,17,random,area_proportional,215,0.8230936277060195,0.22739067147648884
seed17_random_area_proportional,17,random,area_proportional,218,0.7385803566891926,0.17592323349810993
seed17_random_area_proportional,17,random,area_proportional,219,0.9308633248301933,0.3446607280325525
seed17_random_area_proportional,17,random,area_proportional,577,0.7704055692440064,0.16249582916249583
seed17_random_area_proportional,17,random,area_proportional,611,0.9604207996870546,0.36907953529937443
seed17_random_area_proportional,17,random,area_proportional,613,0.813489612120818,0.21161572052401748
seed17_random_area_proportional,17,random,area_proportional,614,0.8631754037667007,0.2971936552204985
seed17_random_area_proportional,17,random,area_proportional,615,0.8015246711904164,0.18034414295168763
seed17_random_area_proportional,17,random,area_proportional,616,0.8234715749316658,0.1810110267793212
seed17_random_area_proportional,17,random,area_proportional,617,0.8233874339579611,0.22196671046868155
seed17_random_area_proportional,17,random,area_proportional,618,0.7617834932605454,0.18708670095518
seed17_random_area_proportional,17,random,area_proportional,619,0.806738327775131,0.2530577415378781
seed17_random_area_proportional,17,random,area_proportional,647,0.9083869963619385,0.29773700305810397
seed17_random_area_proportional,17,random,area_proportional,651,0.7735390382029796,0.18339034587609274
seed17_random_area_proportional,17,random,area_proportional,653,0.6507339522335952,0.19072104709594484
seed17_random_area_proportional,17,random,area_proportional,663,0.7540669618426944,0.36082474226804123
seed17_random_area_proportional,17,random,area_proportional,664,0.8713515364204399,0.3503303055326177
seed17_random_area_proportional,17,random,area_proportional,665,0.8756851311953353,0.3098249027237354
seed17_random_area_proportional,17,random,area_proportional,666,0.8956294400262809,0.30097959917318234
seed17_random_area_proportional,17,random,area_proportional,667,0.8340296240030384,0.23492259108064392
seed17_random_area_proportional,17,random,area_proportional,668,0.7207762745421548,0.27263291431207476
seed17_random_area_proportional,17,random,area_proportional,669,0.8532221136598953,0.24743975903614457
seed17_random_area_proportional,17,random,area_proportional,674,0.7620495129296329,0.20808889502381117
seed17_random_area_proportional,17,random,area_proportional,704,0.693850467689805,0.23485447358965145
seed17_random_area_proportional,17,random,area_proportional,705,0.7395570263287758,0.23014783100411987
seed17_random_area_proportional,17,random,area_proportional,706,0.8583189619774986,0.26982456140350874
seed17_random_area_proportional,17,random,area_proportional,707,0.746473422473345,0.18318672349687132
seed17_random_area_proportional,17,random,area_proportional,708,0.746719592310759,0.17478313149531907
seed17_random_area_proportional,17,random,area_proportional,709,0.7849731973024382,0.26274762211256525
seed17_random_area_proportional,17,random,area_proportional,710,0.7250476398737934,0.23867168329788974
seed17_random_area_proportional,17,random,area_proportional,711,0.5515414808886856,0.16471952937277323
seed17_random_area_proportional,17,random,area_proportional,712,0.6327031887363481,0.1964495969567974
seed17_random_area_proportional,17,random,area_proportional,713,0.5243414074507002,0.128344056891297
seed17_random_area_proportional,17,random,area_proportional,714,0.6508453981002623,0.15308883210581692
seed17_random_area_proportional,17,random,area_proportional,716,0.8771220020855057,0.2475227704934441
seed17_random_area_proportional,17,random,area_proportional,723,0.8010806042562576,0.32685634975711314
seed17_random_area_proportional,17,random,area_proportional,724,0.21858567893597278,0.1006556999884965
seed17_random_area_proportional,17,random,area_proportional,725,0.8444796328911438,0.2728824407936847
seed17_random_area_proportional,17,random,area_proportional,728,0.8578562145153568,0.2524771341463415
seed17_random_area_proportional,17,random,area_proportional,729,0.903645043347756,0.2729299008135518
seed17_random_area_proportional,17,random,area_proportional,730,0.9503526130909286,0.3525955992309336
seed17_random_area_proportional,17,random,area_proportional,731,0.8233993178313891,0.33280054800776343
seed17_random_area_proportional,17,random,area_proportional,732,0.9178847505270555,0.37713803902674053
seed17_random_area_proportional,17,random,area_proportional,733,0.8964044322721676,0.2573151510998424
seed17_random_area_proportional,17,random,area_proportional,734,0.8954128876015005,0.27384366497536583
seed17_random_area_proportional,17,random,area_proportional,735,0.917509143246513,0.32973753503779835
seed17_random_area_proportional,17,random,area_proportional,736,0.9042344322344322,0.3125876577840112
seed17_random_area_proportional,17,random,area_proportional,737,0.9222037191229531,0.3590669529572516
seed17_random_area_proportional,17,random,area_proportional,745,0.900753096571257,0.33266199649737305
seed17_random_area_proportional,17,random,area_proportional,746,0.77083855602908,0.239450441609421
seed17_random_area_proportional,17,random,area_proportional,747,0.8025150219909558,0.22204132748904196
seed17_random_area_proportional,17,random,area_proportional,748,0.9299716516902011,0.3021795345400813
seed17_random_area_proportional,17,random,area_proportional,749,0.77281210592686,0.1983037156704362
seed17_random_area_proportional,17,random,area_proportional,750,0.9180717587497248,0.31359567325624765
seed17_random_area_proportional,17,random,area_proportional,751,0.8109539962648169,0.19840087794936115
seed17_random_area_proportional,17,random,area_proportional,752,0.7841697502312673,0.238549207942083
seed17_random_area_proportional,17,random,area_proportional,753,0.8337186282648956,0.24181443298969071
seed17_random_area_proportional,17,random,area_proportional,754,0.8015760628695586,0.18156459211505083
seed17_random_area_proportional,17,random,area_proportional,755,0.8719844785298532,0.24189729169749888
seed17_random_area_proportional,17,random,area_proportional,757,0.7962867647058823,0.23649449618966978
seed17_random_area_proportional,17,random,area_proportional,762,0.8378588723625043,0.2208217617318237
seed17_random_area_proportional,17,random,area_proportional,763,0.7125156206976891,0.21894993399004772
seed17_random_area_proportional,17,random,area_proportional,764,0.584,0.12394578313253012
seed17_random_area_proportional,17,random,area_proportional,765,0.6148695028753604,0.1134802179578299
seed17_random_area_proportional,17,random,area_proportional,766,0.8598416244728527,0.33191561755699217
seed17_random_area_proportional,17,random,area_proportional,767,0.8688262128256865,0.304297862560331
seed17_random_area_proportional,17,random,area_proportional,769,0.7758626735867583,0.23691730666190391
seed17_random_area_proportional,17,random,area_proportional,770,0.7917255694934059,0.2704817573300651
seed17_random_area_proportional,17,random,area_proportional,771,0.783089146198444,0.2710747557373324
seed17_random_area_proportional,17,random,area_proportional,772,0.8086706397698858,0.2730568573702361
seed17_random_area_proportional,17,random,area_proportional,773,0.8035555985364988,0.2862107985774329
seed17_random_area_proportional,17,random,area_proportional,775,0.8500995449374289,0.2973692214111922
seed17_random_area_proportional,17,random,area_proportional,776,0.7503581402752254,0.2175911968646367
seed17_random_area_proportional,17,random,area_proportional,777,0.7665199622760138,0.2527452581903984
seed17_random_area_proportional,17,random,area_proportional,778,0.8280836739600865,0.22030355357629738
seed17_random_area_proportional,17,random,area_proportional,779,0.7576647876632413,0.18504893454570695
seed17_random_area_proportional,17,random,area_proportional,782,0.7950884119310102,0.20467117393976644
seed17_random_area_proportional,17,random,area_proportional,791,0.9160038071928751,0.2839193210624931
seed17_random_area_proportional,17,random,area_proportional,792,0.7664045628218616,0.20735052111903457
seed17_random_area_proportional,17,random,area_proportional,794,0.8680985676063209,0.2862115809135677
seed17_random_area_proportional,17,random,area_proportional,795,0.7108739522848547,0.20729525999744475
seed17_random_area_proportional,17,random,area_proportional,797,0.8233732709916228,0.1893424036281179
seed17_random_area_proportional,17,random,area_proportional,798,0.6948179028429159,0.19522814350400558
seed17_random_area_proportional,17,random,area_proportional,800,0.8152759756462721,0.2050798580301686
seed17_random_area_proportional,17,random,area_proportional,801,0.7614986779789058,0.23763301696865113
seed17_random_area_proportional,17,random,area_proportional,802,0.8398018816006709,0.22268289420890733
seed17_random_area_proportional,17,random,area_proportional,803,0.7372531071668645,0.23446250512225106
seed17_random_area_proportional,17,random,area_proportional,804,0.7031054830512125,0.14943726552730305
seed17_random_area_proportional,17,random,area_proportional,805,0.8026535729210197,0.26195442875481384
seed17_random_area_proportional,17,random,area_proportional,807,0.723488688075571,0.17430534194606787
seed17_random_area_proportional,17,random,area_proportional,809,0.8544020847842203,0.25759626030262023
seed17_random_area_proportional,17,random,area_proportional,810,0.693149816952971,0.23188095492987904
seed17_random_area_proportional,17,random,area_proportional,812,0.8775287704421563,0.2589246843709186
seed17_random_area_proportional,17,random,area_proportional,813,0.8661243833490383,0.20782761653474055
seed17_random_area_proportional,17,random,area_proportional,814,0.8894143023062884,0.3200930954228084
seed17_random_area_proportional,17,random,area_proportional,815,0.823374087164606,0.23306562829561125
seed17_random_area_proportional,17,random,area_proportional,816,0.9405249148515985,0.3771277474797554
seed17_random_area_proportional,17,random,area_proportional,817,0.8664415762030943,0.25731189067577703
seed17_random_area_proportional,17,random,area_proportional,818,0.8932209737827715,0.2945899910779463
seed17_random_area_proportional,17,random,area_proportional,819,0.9208647886496489,0.38648766644837373
seed17_random_area_proportional,17,random,area_proportional,820,0.8991024591406652,0.37943262411347517
seed17_random_area_proportional,17,random,area_proportional,823,0.8534380898307425,0.30615536242272195
seed17_random_area_proportional,17,random,area_proportional,824,0.9059082378826118,0.3348297213622291
seed17_random_area_proportional,17,random,area_proportional,825,0.8076804848059019,0.22893821877507356
seed17_random_area_proportional,17,random,area_proportional,826,0.8801225584067407,0.2703747978341889
seed17_random_area_proportional,17,random,area_proportional,828,0.8206187103988073,0.23381382848766186
seed17_random_area_proportional,17,random,area_proportional,851,0.8671874106519974,0.269496762801648
seed17_random_area_proportional,17,random,area_proportional,855,0.8271470075537478,0.2352588147036759
seed17_random_area_proportional,17,random,area_proportional,858,0.9382993765666174,0.3945347561583724
seed17_random_area_proportional,17,random,area_proportional,860,0.8886358555940539,0.31191823325424345
seed17_random_area_proportional,17,random,area_proportional,862,0.8609122700703203,0.3209245556487909
seed17_random_area_proportional,17,random,area_proportional,864,0.9078154061240029,0.3581328802646875
seed17_random_area_proportional,17,random,area_proportional,866,0.9222593628487619,0.3176859504132231
seed17_random_area_proportional,17,random,area_proportional,968,0.8558245170193193,0.2026438952294934
seed17_random_area_proportional,17,random,area_proportional,969,0.8812731180645806,0.2406990699069907
seed17_random_area_proportional,17,random,area_proportional,970,0.8865850792675211,0.21052631578947367
seed17_random_area_proportional,17,random,area_proportional,972,0.8811084788716875,0.23298083278255122
seed17_random_area_proportional,17,random,area_proportional,975,0.9045611991539712,0.23379310344827586
seed17_random_area_proportional,17,random,area_proportional,976,0.8478239540262107,0.31179110567115464
seed17_random_area_proportional,17,random,area_proportional,978,0.8826233363621786,0.19545043935287837
seed17_random_area_proportional,17,random,area_proportional,979,0.8450666516359947,0.29928131416837783
seed17_random_area_proportional,17,random,area_proportional,981,0.9046240966117073,0.3626413278806832
seed17_random_area_proportional,17,random,area_proportional,982,0.9490334145806735,0.4175898931000972
seed17_random_area_proportional,17,random,area_proportional,983,0.9626073111078282,0.4049674591579227
seed17_random_area_proportional,17,random,area_proportional,984,0.9419438055951034,0.35124003939475335
seed17_random_area_proportional,17,random,area_proportional,985,0.7719671338811019,0.20560341077177413
seed17_random_area_proportional,17,random,area_proportional,986,0.7770970357689881,0.24548631333721607
seed17_random_area_proportional,17,random,area_proportional,1074,0.836109294017008,0.3140428976123027
seed17_random_area_proportional,17,random,area_proportional,1075,0.9177337329155882,0.3400244237520989
seed17_random_area_proportional,17,random,area_proportional,1076,0.769459529350918,0.24174021271780946
seed17_random_area_proportional,17,random,area_proportional,1078,0.646626248307112,0.22055469727065402
seed17_random_area_proportional,17,random,area_proportional,1079,0.8953695792298122,0.28911105106727913
seed17_random_area_proportional,17,random,area_proportional,1080,0.7105736733529386,0.2395636668764422
seed17_random_area_proportional,17,random,area_proportional,1081,0.8916049727615589,0.31056164499957517
seed17_random_area_proportional,17,random,area_proportional,1083,0.5890511495544073,0.20128103886987803
seed17_random_area_proportional,17,random,area_proportional,1085,0.6342303826949767,0.23061368921241532
seed17_random_area_proportional,17,random,area_proportional,1087,0.6665195206502122,0.13583248372676654
seed17_random_area_proportional,17,random,area_proportional,1089,0.6930897748978457,0.15785714285714286
seed17_random_area_proportional,17,random,area_proportional,1091,0.8862881515924903,0.24871314927468413
seed17_random_area_proportional,17,random,area_proportional,1096,0.9029613345402819,0.24307879525403103
seed17_random_area_proportional,17,random,area_proportional,1108,0.7497309043644266,0.18292189397005262
seed17_random_area_proportional,17,random,area_proportional,1114,0.7324222569919813,0.14990947495473747
seed17_random_area_proportional,17,random,area_proportional,1243,0.8902789725943222,0.3055675753642002
seed17_random_area_proportional,17,random,area_proportional,1245,0.8692264478151487,0.2537652312116855
seed17_random_area_proportional,17,random,area_proportional,1247,0.9003540918006029,0.2748871465906391
seed17_random_area_proportional,17,random,area_proportional,1252,0.5288368577405123,0.19563392107472713
seed17_random_area_proportional,17,random,area_proportional,1253,0.5358302931006563,0.23800522099198848
seed17_random_area_proportional,17,random,area_proportional,1261,0.926123514062047,0.3474600870827286
seed17_random_area_proportional,17,random,area_proportional,1262,0.874728701127992,0.321135887173623
seed17_random_area_proportional,17,random,area_proportional,1263,0.779601872846668,0.32385171368617394
seed17_random_area_proportional,17,random,area_proportional,1324,0.783257313350938,0.16802021295794983
seed17_random_area_proportional,17,random,area_proportional,1326,0.7197402691361597,0.20671685002895193
seed17_random_area_proportional,17,random,area_proportional,1714,0.5568108776266997,0.10388775838063617
seed17_random_area_proportional,17,random,area_proportional,1715,0.6122586536789006,0.1218174696435566
seed17_random_area_proportional,17,random,area_proportional,1716,0.6553900146793326,0.15088521981300976
seed17_random_area_proportional,17,random,area_proportional,1717,0.5721566412760506,0.12035305557633331
seed17_random_area_proportional,17,random,area_proportional,1718,0.4077595570037213,0.12214298774913147
seed17_random_area_proportional,17,random,area_proportional,1719,0.4235174457170654,0.09064191802010828
seed17_random_area_proportional,17,random,area_proportional,1720,0.4194951121143218,0.05156184922948771
seed17_random_area_proportional,17,random,area_proportional,1776,0.5019275990593957,0.16613871290430143
seed17_random_area_proportional,17,random,area_proportional,1830,0.8460417678484702,0.2695008965929468
seed17_random_area_proportional,17,random,area_proportional,1831,0.8171959513736411,0.21166778749159382
seed17_random_area_proportional,17,random,area_proportional,1832,0.8768829756612403,0.2823982708392068
seed17_random_area_proportional,17,random,area_proportional,1833,0.6556594030775587,0.1838308683422557
seed17_random_area_proportional,17,random,area_proportional,1834,0.5948783529894693,0.1726844583987441
seed17_random_area_proportional,17,random,area_proportional,1835,0.8144414379590259,0.2864217436369918
seed17_random_area_proportional,17,random,area_proportional,1836,0.6492822656427206,0.20727048675292667
seed17_random_area_proportional,17,random,area_proportional,1837,0.8012188329347008,0.19500119779605526
seed17_random_area_proportional,17,random,area_proportional,1838,0.7943837202456877,0.2533482142857143
seed17_random_area_proportional,17,random,area_proportional,1839,0.7311064460360582,0.18752557911107473
seed17_random_area_proportional,17,random,area_proportional,1840,0.7929941790376468,0.21428571428571427
seed17_random_area_proportional,17,random,area_proportional,1841,0.7538026290312171,0.2066163668020894
seed17_random_area_proportional,17,random,area_proportional,1842,0.819421437739285,0.2337980278816729
seed17_random_area_proportional,17,random,area_proportional,1843,0.814059347088176,0.22623247399366803
seed17_random_area_proportional,17,random,area_proportional,1844,0.8453280015647582,0.20699273482096522
seed17_random_area_proportional,17,random,area_proportional,1845,0.7908524442731419,0.18784676354029062
seed17_random_area_proportional,17,random,area_proportional,1846,0.8321119802387814,0.28332260141661303
seed17_random_area_proportional,17,random,area_proportional,1847,0.9125700651416452,0.33529542425588627
seed17_random_area_proportional,17,random,area_proportional,1848,0.9188535655476272,0.3399184297731328
seed17_random_area_proportional,17,random,area_proportional,1849,0.7299688851787205,0.20085133217720322
seed17_random_area_proportional,17,random,area_proportional,1850,0.7391077368256194,0.20624598587026333
seed17_random_area_proportional,17,random,area_proportional,1851,0.8782400981309919,0.2789314950452391
seed17_random_area_proportional,17,random,area_proportional,1852,0.6936391950167705,0.251374532658896
seed17_random_area_proportional,17,random,area_proportional,1855,0.7533746647320054,0.14898048673536504
seed17_random_area_proportional,17,random,area_proportional,1856,0.858710771517311,0.23342810115217716
seed17_random_area_proportional,17,random,area_proportional,1858,0.9353378352887917,0.34576107899807323
seed17_random_area_proportional,17,random,area_proportional,1872,0.8798584678067871,0.37384615384615383
seed17_random_area_proportional,17,random,area_proportional,1873,0.7857693022761679,0.2762134822978788
seed17_random_area_proportional,17,random,area_proportional,1874,0.6648336803293018,0.24908195952808812
seed17_random_area_proportional,17,random,area_proportional,1875,0.7090979755990402,0.2463496817671284
seed17_random_area_proportional,17,random,area_proportional,1876,0.7956174143573175,0.2594142259414226
seed17_random_area_proportional,17,random,area_proportional,1877,0.7481680132552141,0.19532313606150398
seed17_random_area_proportional,17,random,area_proportional,1890,0.6065762244194067,0.1628850765541413
seed17_random_area_proportional,17,random,area_proportional,1894,0.3323464954438848,0.15889924545051043
seed17_random_area_proportional,17,random,area_proportional,1896,0.34385964912280703,0.12607985057202895
seed17_random_equal_per_image,17,random,equal_per_image,26,0.9500049451092869,0.4073317154170392
seed17_random_equal_per_image,17,random,equal_per_image,27,0.7494103890441366,0.29188954749168716
seed17_random_equal_per_image,17,random,equal_per_image,28,0.8972442388514371,0.3141419787590833
seed17_random_equal_per_image,17,random,equal_per_image,29,0.7086378186734004,0.16377336189702296
seed17_random_equal_per_image,17,random,equal_per_image,30,0.8006169193410776,0.231407243572021
seed17_random_equal_per_image,17,random,equal_per_image,31,0.6813255052500847,0.257253183051555
seed17_random_equal_per_image,17,random,equal_per_image,32,0.9268591845985654,0.34585805317512636
seed17_random_equal_per_image,17,random,equal_per_image,33,0.9395062745421094,0.35169357391579614
seed17_random_equal_per_image,17,random,equal_per_image,34,0.3992334263947381,0.17260061919504643
seed17_random_equal_per_image,17,random,equal_per_image,39,0.0,
seed17_random_equal_per_image,17,random,equal_per_image,56,0.8357067256807467,0.3040276388762615
seed17_random_equal_per_image,17,random,equal_per_image,64,0.681854113370555,0.0845715781894351
seed17_random_equal_per_image,17,random,equal_per_image,65,0.7859180346955408,0.15669398907103826
seed17_random_equal_per_image,17,random,equal_per_image,66,0.5704464943355196,0.2872628726287263
seed17_random_equal_per_image,17,random,equal_per_image,67,0.0,0.0
seed17_random_equal_per_image,17,random,equal_per_image,68,0.723538188277087,0.21249732505884872
seed17_random_equal_per_image,17,random,equal_per_image,69,0.5310582089235278,0.1436246117686561
seed17_random_equal_per_image,17,random,equal_per_image,70,0.7059348877086856,0.13326628111641942
seed17_random_equal_per_image,17,random,equal_per_image,71,0.5549194760179578,0.14221643518518517
seed17_random_equal_per_image,17,random,equal_per_image,73,0.567591763652641,0.14923747276688454
seed17_random_equal_per_image,17,random,equal_per_image,74,0.009225438957073229,0.013316220118722926
seed17_random_equal_per_image,17,random,equal_per_image,76,0.7363968467602384,0.12625940568805
seed17_random_equal_per_image,17,random,equal_per_image,79,0.6218443329088321,0.11082944635976476
seed17_random_equal_per_image,17,random,equal_per_image,83,0.6347001450223221,0.20135164127869556
seed17_random_equal_per_image,17,random,equal_per_image,86,0.8614233072316905,0.29338055025878507
seed17_random_equal_per_image,17,random,equal_per_image,88,0.484880404901986,0.07283707172787775
seed17_random_equal_per_image,17,random,equal_per_image,89,0.9310404779591901,0.30833775889537973
seed17_random_equal_per_image,17,random,equal_per_image,90,0.9286255611045258,0.3580344984112574
seed17_random_equal_per_image,17,random,equal_per_image,91,0.9184231998368124,0.3397978130802558
seed17_random_equal_per_image,17,random,equal_per_image,92,0.9222606802190481,0.3142404122485383
seed17_random_equal_per_image,17,random,equal_per_image,93,0.8352997472821617,0.26045104510451045
seed17_random_equal_per_image,17,random,equal_per_image,94,0.7026523054454412,0.2321627440789962
seed17_random_equal_per_image,17,random,equal_per_image,95,0.8004089430166264,0.22896216125513885
seed17_random_equal_per_image,17,random,equal_per_image,96,0.7876682870883238,0.23333333333333334
seed17_random_equal_per_image,17,random,equal_per_image,102,0.8242390466980282,0.3256294256490952
seed17_random_equal_per_image,17,random,equal_per_image,104,0.7487872198059552,0.21649258637060842
seed17_random_equal_per_image,17,random,equal_per_image,105,0.906986575117852,0.30476809357485174
seed17_random_equal_per_image,17,random,equal_per_image,106,0.9066705025434478,0.33236621534493876
seed17_random_equal_per_image,17,random,equal_per_image,107,0.848563428293158,0.2238649836111305
seed17_random_equal_per_image,17,random,equal_per_image,108,0.9171091053889037,0.3517046911048449
seed17_random_equal_per_image,17,random,equal_per_image,109,0.7041468989493498,0.18312832751973562
seed17_random_equal_per_image,17,random,equal_per_image,112,0.8223033265808374,0.31575492341356676
seed17_random_equal_per_image,17,random,equal_per_image,115,0.8399219388696959,0.3062123097539964
seed17_random_equal_per_image,17,random,equal_per_image,116,0.8505239653903732,0.2467260345730749
seed17_random_equal_per_image,17,random,equal_per_image,117,0.7919503049614574,0.2503553660270078
seed17_random_equal_per_image,17,random,equal_per_image,118,0.8817589798280048,0.33341879246250483
seed17_random_equal_per_image,17,random,equal_per_image,119,0.8729242307005536,0.3007625186699159
seed17_random_equal_per_image,17,random,equal_per_image,122,0.7863927228901834,0.2659384925245952
seed17_random_equal_per_image,17,random,equal_per_image,123,0.8119830428638719,0.2924850555081127
seed17_random_equal_per_image,17,random,equal_per_image,125,0.7514068189341278,0.24878680038822387
seed17_random_equal_per_image,17,random,equal_per_image,126,0.8336409342582575,0.23709016393442622
seed17_random_equal_per_image,17,random,equal_per_image,127,0.9090517747426916,0.3743016759776536
seed17_random_equal_per_image,17,random,equal_per_image,128,0.8993159094895632,0.3577478824115595
seed17_random_equal_per_image,17,random,equal_per_image,132,0.7104562297359889,0.15766187356419636
seed17_random_equal_per_image,17,random,equal_per_image,134,0.9624691490503273,0.41022549137827086
seed17_random_equal_per_image,17,random,equal_per_image,136,0.9335803776248456,0.3726741670272609
seed17_random_equal_per_image,17,random,equal_per_image,137,0.875659304129423,0.28331071913161465
seed17_random_equal_per_image,17,random,equal_per_image,138,0.7992162886973728,0.2577876048644079
seed17_random_equal_per_image,17,random,equal_per_image,139,0.9262519724275392,0.37769981361692795
seed17_random_equal_per_image,17,random,equal_per_image,142,0.7845173764315105,0.24153270650085937
seed17_random_equal_per_image,17,random,equal_per_image,147,0.9688016797666165,0.406888720666162
seed17_random_equal_per_image,17,random,equal_per_image,148,0.942104348689436,0.3104138148889123
seed17_random_equal_per_image,17,random,equal_per_image,149,0.9042962618452416,0.273396952954964
seed17_random_equal_per_image,17,random,equal_per_image,150,0.9119580055448443,0.3524904214559387
seed17_random_equal_per_image,17,random,equal_per_image,152,0.8448890305383323,0.2834184934893687
seed17_random_equal_per_image,17,random,equal_per_image,154,0.8709131538411472,0.2821104223727836
seed17_random_equal_per_image,17,random,equal_per_image,155,0.7338603042675927,0.24332596497194356
seed17_random_equal_per_image,17,random,equal_per_image,156,0.8183913985332989,0.27461706783369805
seed17_random_equal_per_image,17,random,equal_per_image,158,0.8579219689553909,0.32648093048417637
seed17_random_equal_per_image,17,random,equal_per_image,159,0.8761821047526673,0.35612448260003066
seed17_random_equal_per_image,17,random,equal_per_image,160,0.8751227691939154,0.21653300431832204
seed17_random_equal_per_image,17,random,equal_per_image,161,0.8594477563247027,0.2282330062759657
seed17_random_equal_per_image,17,random,equal_per_image,162,0.8979838395385694,0.26807894536310295
seed17_random_equal_per_image,17,random,equal_per_image,164,0.8974673868093586,0.3045427375971309
seed17_random_equal_per_image,17,random,equal_per_image,166,0.8463095650320965,0.2669560100044137
seed17_random_equal_per_image,17,random,equal_per_image,173,0.55681735281959,0.22743985712784956
seed17_random_equal_per_image,17,random,equal_per_image,188,0.8182764186204553,0.2525652985074627
seed17_random_equal_per_image,17,random,equal_per_image,189,0.842614055420925,0.20038482682792744
seed17_random_equal_per_image,17,random,equal_per_image,190,0.5928760818450147,0.13718946978123842
seed17_random_equal_per_image,17,random,equal_per_image,193,0.6963835269043476,0.22188107665540888
seed17_random_equal_per_image,17,random,equal_per_image,200,0.4355038091131235,0.11998242015821857
seed17_random_equal_per_image,17,random,equal_per_image,201,0.5285302321183757,0.165224605902572
seed17_random_equal_per_image,17,random,equal_per_image,202,0.7997920997920998,0.273993675754209
seed17_random_equal_per_image,17,random,equal_per_image,203,0.6127422708067869,0.17799329672680597
seed17_random_equal_per_image,17,random,equal_per_image,204,0.8336424997272062,0.23983739837398374
seed17_random_equal_per_image,17,random,equal_per_image,205,0.6083540638922854,0.23596256684491979
seed17_random_equal_per_image,17,random,equal_per_image,206,0.7100105825775944,0.2041816174441071
seed17_random_equal_per_image,17,random,equal_per_image,207,0.6484422894722176,0.2043057676921958
seed17_random_equal_per_image,17,random,equal_per_image,208,0.5636780187499122,0.16996825396825396
seed17_random_equal_per_image,17,random,equal_per_image,209,0.7755508891310704,0.38176559702520313
seed17_random_equal_per_image,17,random,equal_per_image,210,0.8195111076140268,0.26488819144762654
seed17_random_equal_per_image,17,random,equal_per_image,211,0.6835347268757701,0.14975599837332249
seed17_random_equal_per_image,17,random,equal_per_image,213,0.7520579905794655,0.2852852852852853
seed17_random_equal_per_image,17,random,equal_per_image,214,0.839057282301567,0.25128588020574083
seed17_random_equal_per_image,17,random,equal_per_image,215,0.7995826078935535,0.25943643512450854
seed17_random_equal_per_image,17,random,equal_per_image,218,0.7829006185115583,0.21710999281092738
seed17_random_equal_per_image,17,random,equal_per_image,219,0.9056874905460596,0.3648947951273533
seed17_random_equal_per_image,17,random,equal_per_image,577,0.7110690771525227,0.17936620272076748
seed17_random_equal_per_image,17,random,equal_per_image,611,0.9597810566396954,0.38196316262353996
seed17_random_equal_per_image,17,random,equal_per_image,613,0.8710415055850758,0.2863704619733239
seed17_random_equal_per_image,17,random,equal_per_image,614,0.9027336300063573,0.3180327868852459
seed17_random_equal_per_image,17,random,equal_per_image,615,0.8266826306337125,0.26848072562358277
seed17_random_equal_per_image,17,random,equal_per_image,616,0.839797064249619,0.18565294266228846
seed17_random_equal_per_image,17,random,equal_per_image,617,0.8054682824655894,0.195741109829015
seed17_random_equal_per_image,17,random,equal_per_image,618,0.7249766003914117,0.1930993922760243
seed17_random_equal_per_image,17,random,equal_per_image,619,0.8137175517980472,0.2483279770693998
seed17_random_equal_per_image,17,random,equal_per_image,647,0.8862802501758454,0.2960842683764598
seed17_random_equal_per_image,17,random,equal_per_image,651,0.7767019297364097,0.18703721511683816
seed17_random_equal_per_image,17,random,equal_per_image,653,0.6997509442224533,0.1740216486261449
seed17_random_equal_per_image,17,random,equal_per_image,663,0.7148977135980746,0.3644111570247934
seed17_random_equal_per_image,17,random,equal_per_image,664,0.9215955257742837,0.39767730296538506
seed17_random_equal_per_image,17,random,equal_per_image,665,0.8605039308447575,0.29455091533180777
seed17_random_equal_per_image,17,random,equal_per_image,666,0.9101423606918112,0.36274596311656226
seed17_random_equal_per_image,17,random,equal_per_image,667,0.7728877382913627,0.22321803668953927
seed17_random_equal_per_image,17,random,equal_per_image,668,0.6936967132413013,0.2683475378787879
seed17_random_equal_per_image,17,random,equal_per_image,669,0.8588335825678274,0.23868822027999073
seed17_random_equal_per_image,17,random,equal_per_image,674,0.7572251824394765,0.26083840917233964
seed17_random_equal_per_image,17,random,equal_per_image,704,0.7481360544217687,0.2649711282683449
seed17_random_equal_per_image,17,random,equal_per_image,705,0.806992437953337,0.2706407886629698
seed17_random_equal_per_image,17,random,equal_per_image,706,0.8291266428198224,0.33615299742552407
seed17_random_equal_per_image,17,random,equal_per_image,707,0.7283245623856978,0.21713746029020348
seed17_random_equal_per_image,17,random,equal_per_image,708,0.7301606308910823,0.1792139142296871
seed17_random_equal_per_image,17,random,equal_per_image,709,0.7867212425494027,0.24485524938960587
seed17_random_equal_per_image,17,random,equal_per_image,710,0.7518563759683693,0.3275862068965517
seed17_random_equal_per_image,17,random,equal_per_image,711,0.6563110211979946,0.18230718906738388
seed17_random_equal_per_image,17,random,equal_per_image,712,0.7137411549874458,0.2785428698356286
seed17_random_equal_per_image,17,random,equal_per_image,713,0.5063010525054422,0.12055738218255832
seed17_random_equal_per_image,17,random,equal_per_image,714,0.662663089001519,0.21045655375552283
seed17_random_equal_per_image,17,random,equal_per_image,716,0.8811338765684877,0.24928592534226338
seed17_random_equal_per_image,17,random,equal_per_image,723,0.8365208521686719,0.3454398708635997
seed17_random_equal_per_image,17,random,equal_per_image,724,0.2647591015464788,0.12698016714481727
seed17_random_equal_per_image,17,random,equal_per_image,725,0.8313794895109436,0.3233065953654189
seed17_random_equal_per_image,17,random,equal_per_image,728,0.8730834603725315,0.3170976370931788
seed17_random_equal_per_image,17,random,equal_per_image,729,0.8297608686031245,0.23614836740357042
seed17_random_equal_per_image,17,random,equal_per_image,730,0.8926100689249498,0.2801441374849857
seed17_random_equal_per_image,17,random,equal_per_image,731,0.8542030513724586,0.24319673012799828
seed17_random_equal_per_image,17,random,equal_per_image,732,0.9122577494025503,0.38294158715382826
seed17_random_equal_per_image,17,random,equal_per_image,733,0.8263687122609332,0.22811153017241378
seed17_random_equal_per_image,17,random,equal_per_image,734,0.8579639239529278,0.23913321401176169
seed17_random_equal_per_image,17,random,equal_per_image,735,0.8695229088716199,0.3312949090353157
seed17_random_equal_per_image,17,random,equal_per_image,736,0.881609477006442,0.33991747871126327
seed17_random_equal_per_image,17,random,equal_per_image,737,0.883381285107549,0.32940078085214736
seed17_random_equal_per_image,17,random,equal_per_image,745,0.8765602434495564,0.32134249754530037
seed17_random_equal_per_image,17,random,equal_per_image,746,0.747778370551025,0.24459816570806778
seed17_random_equal_per_image,17,random,equal_per_image,747,0.8617266327093405,0.29577464788732394
seed17_random_equal_per_image,17,random,equal_per_image,748,0.9397743053214869,0.35757049053688683
seed17_random_equal_per_image,17,random,equal_per_image,749,0.7706558032203586,0.2266589226078118
seed17_random_equal_per_image,17,random,equal_per_image,750,0.9013707263273988,0.3232669250878933
seed17_random_equal_per_image,17,random,equal_per_image,751,0.8110871972232244,0.2343549966111906
seed17_random_equal_per_image,17,random,equal_per_image,752,0.7736605918935688,0.24796323375809484
seed17_random_equal_per_image,17,random,equal_per_image,753,0.8217268767614655,0.2559389756629132
seed17_random_equal_per_image,17,random,equal_per_image,754,0.8795317342894479,0.26779807277434203
seed17_random_equal_per_image,17,random,equal_per_image,755,0.8809076364375142,0.2836801752464403
seed17_random_equal_per_image,17,random,equal_per_image,757,0.8200972653664002,0.2489223227115206
seed17_random_equal_per_image,17,random,equal_per_image,762,0.8603161259918739,0.26416698879010436
seed17_random_equal_per_image,17,random,equal_per_image,763,0.6635911857616149,0.19045238690327418
seed17_random_equal_per_image,17,random,equal_per_image,764,0.49374568337042435,0.11006372809346787
seed17_random_equal_per_image,17,random,equal_per_image,765,0.47148168884677777,0.10021039507519676
seed17_random_equal_per_image,17,random,equal_per_image,766,0.8849721954871137,0.3480931661121065
seed17_random_equal_per_image,17,random,equal_per_image,767,0.926106898379699,0.4237829209896249
seed17_random_equal_per_image,17,random,equal_per_image,769,0.7495179635951955,0.28053435114503816
seed17_random_equal_per_image,17,random,equal_per_image,770,0.7958985819215538,0.3121934720108236
seed17_random_equal_per_image,17,random,equal_per_image,771,0.7830288783322722,0.2849535013115015
seed17_random_equal_per_image,17,random,equal_per_image,772,0.908474704634959,0.3857170884834216
seed17_random_equal_per_image,17,random,equal_per_image,773,0.8383672558613985,0.33315691982005824
seed17_random_equal_per_image,17,random,equal_per_image,775,0.8439247098705523,0.3230210717386157
seed17_random_equal_per_image,17,random,equal_per_image,776,0.7791651464169403,0.2561655901350558
seed17_random_equal_per_image,17,random,equal_per_image,777,0.783214197683017,0.2529102354057084
seed17_random_equal_per_image,17,random,equal_per_image,778,0.802964929748866,0.25450647958686545
seed17_random_equal_per_image,17,random,equal_per_image,779,0.7778505611598759,0.22928566130109043
seed17_random_equal_per_image,17,random,equal_per_image,782,0.7979026217228464,0.2678741658722593
seed17_random_equal_per_image,17,random,equal_per_image,791,0.914575062243456,0.289781275315357
seed17_random_equal_per_image,17,random,equal_per_image,792,0.670201408125577,0.21581759349838212
seed17_random_equal_per_image,17,random,equal_per_image,794,0.913635335795583,0.3573386258387676
seed17_random_equal_per_image,17,random,equal_per_image,795,0.6721873143102772,0.21165913654618473
seed17_random_equal_per_image,17,random,equal_per_image,797,0.8283108445777111,0.3049795271430458
seed17_random_equal_per_image,17,random,equal_per_image,798,0.5810795084256587,0.14399313501144165
seed17_random_equal_per_image,17,random,equal_per_image,800,0.7651580496220001,0.1843978949540811
seed17_random_equal_per_image,17,random,equal_per_image,801,0.768141592920354,0.26201322556943424
seed17_random_equal_per_image,17,random,equal_per_image,802,0.8143215748447615,0.2531047516198704
seed17_random_equal_per_image,17,random,equal_per_image,803,0.7996208397696952,0.28009935710111045
seed17_random_equal_per_image,17,random,equal_per_image,804,0.6942212508838465,0.17909967845659164
seed17_random_equal_per_image,17,random,equal_per_image,805,0.8117855466561691,0.29896994258696385
seed17_random_equal_per_image,17,random,equal_per_image,807,0.7956594468944842,0.22930672268907562
seed17_random_equal_per_image,17,random,equal_per_image,809,0.7387996127783156,0.18701540370102346
seed17_random_equal_per_image,17,random,equal_per_image,810,0.7351517577698522,0.29955947136563876
seed17_random_equal_per_image,17,random,equal_per_image,812,0.9093602212902651,0.33836537327515037
seed17_random_equal_per_image,17,random,equal_per_image,813,0.9031958227398234,0.2987482369534556
seed17_random_equal_per_image,17,random,equal_per_image,814,0.8424917163684559,0.2941662080352229
seed17_random_equal_per_image,17,random,equal_per_image,815,0.8103364014009937,0.2522312119442823
seed17_random_equal_per_image,17,random,equal_per_image,816,0.8920806609414067,0.35432950191570883
seed17_random_equal_per_image,17,random,equal_per_image,817,0.8575973748038237,0.30361918345516137
seed17_random_equal_per_image,17,random,equal_per_image,818,0.8643954494627838,0.3183418068048494
seed17_random_equal_per_image,17,random,equal_per_image,819,0.9051400285802679,0.3737555602626562
seed17_random_equal_per_image,17,random,equal_per_image,820,0.8898877436941973,0.3935462408516301
seed17_random_equal_per_image,17,random,equal_per_image,823,0.9032563871640518,0.3481121023700099
seed17_random_equal_per_image,17,random,equal_per_image,824,0.8673234978814641,0.31173829377806284
seed17_random_equal_per_image,17,random,equal_per_image,825,0.8358105385682948,0.2440179142674344
seed17_random_equal_per_image,17,random,equal_per_image,826,0.8572530203067432,0.30167037063588786
seed17_random_equal_per_image,17,random,equal_per_image,828,0.8400520355065809,0.3071090047393365
seed17_random_equal_per_image,17,random,equal_per_image,851,0.9210600408249454,0.33595587638900154
seed17_random_equal_per_image,17,random,equal_per_image,855,0.8541412514360839,0.26133196420712923
seed17_random_equal_per_image,17,random,equal_per_image,858,0.9159770846594526,0.31689812657283994
seed17_random_equal_per_image,17,random,equal_per_image,860,0.8990799836566775,0.3415336056442629
seed17_random_equal_per_image,17,random,equal_per_image,862,0.9112356687898089,0.38791784132098267
seed17_random_equal_per_image,17,random,equal_per_image,864,0.9039826249463343,0.40596094552929085
seed17_random_equal_per_image,17,random,equal_per_image,866,0.8821638207043757,0.3194830565782553
seed17_random_equal_per_image,17,random,equal_per_image,968,0.8605359408822871,0.25105467780627017
seed17_random_equal_per_image,17,random,equal_per_image,969,0.8721772687663388,0.24937009041055283
seed17_random_equal_per_image,17,random,equal_per_image,970,0.9006636329161927,0.22042204220422043
seed17_random_equal_per_image,17,random,equal_per_image,972,0.8774748646558391,0.2244121377695385
seed17_random_equal_per_image,17,random,equal_per_image,975,0.8882924026131139,0.2294863242161441
seed17_random_equal_per_image,17,random,equal_per_image,976,0.9099010044918666,0.35285115979381443
seed17_random_equal_per_image,17,random,equal_per_image,978,0.8915879442195231,0.22428582670968758
seed17_random_equal_per_image,17,random,equal_per_image,979,0.8451268167569108,0.3387772552372809
seed17_random_equal_per_image,17,random,equal_per_image,981,0.921295363293906,0.34837962962962965
seed17_random_equal_per_image,17,random,equal_per_image,982,0.9449373933210856,0.3871184488385487
seed17_random_equal_per_image,17,random,equal_per_image,983,0.954523930046864,0.46934992718125246
seed17_random_equal_per_image,17,random,equal_per_image,984,0.9526685428236994,0.3623709875958716
seed17_random_equal_per_image,17,random,equal_per_image,985,0.8093453445193234,0.2817955112219451
seed17_random_equal_per_image,17,random,equal_per_image,986,0.7703490673069312,0.23807953571193036
seed17_random_equal_per_image,17,random,equal_per_image,1074,0.7652382309071712,0.290125774357049
seed17_random_equal_per_image,17,random,equal_per_image,1075,0.9299455822250322,0.3488223041179298
seed17_random_equal_per_image,17,random,equal_per_image,1076,0.7344319442243702,0.25343276515151514
seed17_random_equal_per_image,17,random,equal_per_image,1078,0.6166600029986506,0.22593669250645995
seed17_random_equal_per_image,17,random,equal_per_image,1079,0.8664547141683653,0.2993311036789298
seed17_random_equal_per_image,17,random,equal_per_image,1080,0.7572445733330447,0.25669718548660564
seed17_random_equal_per_image,17,random,equal_per_image,1081,0.880343716433942,0.33129880621129165
seed17_random_equal_per_image,17,random,equal_per_image,1083,0.6556257901390645,0.2550851661981148
seed17_random_equal_per_image,17,random,equal_per_image,1085,0.695307492494012,0.26482500778897083
seed17_random_equal_per_image,17,random,equal_per_image,1087,0.5939780013265532,0.16420941114152027
seed17_random_equal_per_image,17,random,equal_per_image,1089,0.6808008083870153,0.22502057613168724
seed17_random_equal_per_image,17,random,equal_per_image,1091,0.9321561668145519,0.35941417073492543
seed17_random_equal_per_image,17,random,equal_per_image,1096,0.8865258962133252,0.3090052015604681
seed17_random_equal_per_image,17,random,equal_per_image,1108,0.5871884896048465,0.1411734994528159
seed17_random_equal_per_image,17,random,equal_per_image,1114,0.657655959086517,0.17236521961838905
seed17_random_equal_per_image,17,random,equal_per_image,1243,0.8993435178558207,0.3382553221991255
seed17_random_equal_per_image,17,random,equal_per_image,1245,0.8739475259987046,0.30045716855279925
seed17_random_equal_per_image,17,random,equal_per_image,1247,0.9178507462686567,0.32074288848836296
seed17_random_equal_per_image,17,random,equal_per_image,1252,0.48265968286883926,0.20650210716435882
seed17_random_equal_per_image,17,random,equal_per_image,1253,0.5593127691858218,0.23779976521884957
seed17_random_equal_per_image,17,random,equal_per_image,1261,0.9399508833082468,0.3789441280591042
seed17_random_equal_per_image,17,random,equal_per_image,1262,0.8694279901872793,0.2889113088140879
seed17_random_equal_per_image,17,random,equal_per_image,1263,0.7714596475962584,0.32917115177610334
seed17_random_equal_per_image,17,random,equal_per_image,1324,0.7477885069889931,0.21802058913464478
seed17_random_equal_per_image,17,random,equal_per_image,1326,0.7442617700437707,0.18914204731276574
seed17_random_equal_per_image,17,random,equal_per_image,1714,0.5687076836116538,0.16255094701510428
seed17_random_equal_per_image,17,random,equal_per_image,1715,0.7646953804954252,0.1988454137267479
seed17_random_equal_per_image,17,random,equal_per_image,1716,0.6509573644715146,0.18534897135166314
seed17_random_equal_per_image,17,random,equal_per_image,1717,0.8271003190358029,0.21652633931897772
seed17_random_equal_per_image,17,random,equal_per_image,1718,0.5485384514778969,0.18304589834838944
seed17_random_equal_per_image,17,random,equal_per_image,1719,0.6918081295748326,0.1978439113270574
seed17_random_equal_per_image,17,random,equal_per_image,1720,0.6296713490591042,0.15652600588812562
seed17_random_equal_per_image,17,random,equal_per_image,1776,0.5656020753517618,0.19763274151871302
seed17_random_equal_per_image,17,random,equal_per_image,1830,0.8625292367225481,0.2846610690149498
seed17_random_equal_per_image,17,random,equal_per_image,1831,0.9067968099035829,0.3304049277996567
seed17_random_equal_per_image,17,random,equal_per_image,1832,0.8532254790199416,0.31284387895460797
seed17_random_equal_per_image,17,random,equal_per_image,1833,0.7439132007233273,0.22610048910626945
seed17_random_equal_per_image,17,random,equal_per_image,1834,0.5962592418284778,0.19723064205015156
seed17_random_equal_per_image,17,random,equal_per_image,1835,0.8205255637696465,0.2922506660488822
seed17_random_equal_per_image,17,random,equal_per_image,1836,0.8639746327573934,0.25183585313174944
seed17_random_equal_per_image,17,random,equal_per_image,1837,0.8027701465201466,0.21783017414085376
seed17_random_equal_per_image,17,random,equal_per_image,1838,0.7055103708604117,0.19738506959088992
seed17_random_equal_per_image,17,random,equal_per_image,1839,0.7624892770802464,0.2014279714405712
seed17_random_equal_per_image,17,random,equal_per_image,1840,0.7321233561485812,0.17614115841963943
seed17_random_equal_per_image,17,random,equal_per_image,1841,0.7830306406685237,0.20132616897221906
seed17_random_equal_per_image,17,random,equal_per_image,1842,0.8604214677722078,0.2576386526029262
seed17_random_equal_per_image,17,random,equal_per_image,1843,0.8754502867921028,0.252147061661681
seed17_random_equal_per_image,17,random,equal_per_image,1844,0.883476631393298,0.2901380945738597
seed17_random_equal_per_image,17,random,equal_per_image,1845,0.8550281893273896,0.27815191855912297
seed17_random_equal_per_image,17,random,equal_per_image,1846,0.890422417398578,0.3144120566735854
seed17_random_equal_per_image,17,random,equal_per_image,1847,0.8501277773834032,0.2844626168224299
seed17_random_equal_per_image,17,random,equal_per_image,1848,0.9132815522423593,0.33167495854063017
seed17_random_equal_per_image,17,random,equal_per_image,1849,0.7284529732290926,0.26497769279796046
seed17_random_equal_per_image,17,random,equal_per_image,1850,0.7136370425690814,0.24736965162497077
seed17_random_equal_per_image,17,random,equal_per_image,1851,0.7663728341209257,0.26599113362887905
seed17_random_equal_per_image,17,random,equal_per_image,1852,0.7034360495894222,0.28437978560490046
seed17_random_equal_per_image,17,random,equal_per_image,1855,0.7082550027154614,0.16212958312405826
seed17_random_equal_per_image,17,random,equal_per_image,1856,0.9387509375863566,0.2662684690348947
seed17_random_equal_per_image,17,random,equal_per_image,1858,0.9126124771286062,0.3418178271893895
seed17_random_equal_per_image,17,random,equal_per_image,1872,0.9115184678522572,0.42081165452653485
seed17_random_equal_per_image,17,random,equal_per_image,1873,0.7363684842021064,0.23767211558027537
seed17_random_equal_per_image,17,random,equal_per_image,1874,0.7168790113995593,0.29926716584355584
seed17_random_equal_per_image,17,random,equal_per_image,1875,0.7312801000908359,0.21677215189873417
seed17_random_equal_per_image,17,random,equal_per_image,1876,0.8844278881530537,0.2988557325555306
seed17_random_equal_per_image,17,random,equal_per_image,1877,0.5690739355660822,0.15670510708401977
seed17_random_equal_per_image,17,random,equal_per_image,1890,0.5975471760907911,0.20350497194053363
seed17_random_equal_per_image,17,random,equal_per_image,1894,0.4486510579166776,0.20544269835185894
seed17_random_equal_per_image,17,random,equal_per_image,1896,0.5848608866114111,0.19636565918783608
seed17_imagenet_reference,17,imagenet,reference,26,0.9608644859813084,0.42508989212944465
seed17_imagenet_reference,17,imagenet,reference,27,0.951864098745488,0.3689636462289745
seed17_imagenet_reference,17,imagenet,reference,28,0.8345544978072521,0.27370802157647467
seed17_imagenet_reference,17,imagenet,reference,29,0.8098107936836387,0.17423584235052522
seed17_imagenet_reference,17,imagenet,reference,30,0.863941605839416,0.25540582889376373
seed17_imagenet_reference,17,imagenet,reference,31,0.8570670252671809,0.29084737827715357
seed17_imagenet_reference,17,imagenet,reference,32,0.8821583290677786,0.3646437448218724
seed17_imagenet_reference,17,imagenet,reference,33,0.9603387932241355,0.40029210201101
seed17_imagenet_reference,17,imagenet,reference,34,0.8516977846570571,0.27069499778663125
seed17_imagenet_reference,17,imagenet,reference,39,0.0,
seed17_imagenet_reference,17,imagenet,reference,56,0.8313518060206079,0.3547644180021111
seed17_imagenet_reference,17,imagenet,reference,64,0.7925308211770926,0.0894878369082609
seed17_imagenet_reference,17,imagenet,reference,65,0.839586234911792,0.1695536730307245
seed17_imagenet_reference,17,imagenet,reference,66,0.7921227693498997,0.277073732718894
seed17_imagenet_reference,17,imagenet,reference,67,0.5826507886841766,0.1401410610242257
seed17_imagenet_reference,17,imagenet,reference,68,0.713721115976755,0.32801992528019924
seed17_imagenet_reference,17,imagenet,reference,69,0.5908680117696511,0.18327702702702703
seed17_imagenet_reference,17,imagenet,reference,70,0.7251151429717216,0.15712270803949224
seed17_imagenet_reference,17,imagenet,reference,71,0.6828848444245943,0.2240794162565756
seed17_imagenet_reference,17,imagenet,reference,73,0.6496165955718058,0.1877153180405008
seed17_imagenet_reference,17,imagenet,reference,74,0.19174579760916996,0.016541181838923114
seed17_imagenet_reference,17,imagenet,reference,76,0.8775597550536643,0.25694034258712345
seed17_imagenet_reference,17,imagenet,reference,79,0.8505716940729667,0.2754222274713594
seed17_imagenet_reference,17,imagenet,reference,83,0.7614653956602266,0.2839367783880731
seed17_imagenet_reference,17,imagenet,reference,86,0.905562215296092,0.3418679080593541
seed17_imagenet_reference,17,imagenet,reference,88,0.46918854415274464,0.1258741258741259
seed17_imagenet_reference,17,imagenet,reference,89,0.9205872279478158,0.36529327294819397
seed17_imagenet_reference,17,imagenet,reference,90,0.9102703527750748,0.3447398843930636
seed17_imagenet_reference,17,imagenet,reference,91,0.9574983256916182,0.46169799092676606
seed17_imagenet_reference,17,imagenet,reference,92,0.9395126965516134,0.4175760390062689
seed17_imagenet_reference,17,imagenet,reference,93,0.9350788296655126,0.3140415404586759
seed17_imagenet_reference,17,imagenet,reference,94,0.8348779634214313,0.27941176470588236
seed17_imagenet_reference,17,imagenet,reference,95,0.8984704680397412,0.26257655293088367
seed17_imagenet_reference,17,imagenet,reference,96,0.9189093484419264,0.20029382957884426
seed17_imagenet_reference,17,imagenet,reference,102,0.8227318012191621,0.3569270608545533
seed17_imagenet_reference,17,imagenet,reference,104,0.8305781377497053,0.2775891341256367
seed17_imagenet_reference,17,imagenet,reference,105,0.9002075900903701,0.3267684887459807
seed17_imagenet_reference,17,imagenet,reference,106,0.9294050631234517,0.4159090909090909
seed17_imagenet_reference,17,imagenet,reference,107,0.9169960989993086,0.3159494480883059
seed17_imagenet_reference,17,imagenet,reference,108,0.8462362332019804,0.40832141154029566
seed17_imagenet_reference,17,imagenet,reference,109,0.7984284250085412,0.25404636920384954
seed17_imagenet_reference,17,imagenet,reference,112,0.876442438229704,0.3495679497250589
seed17_imagenet_reference,17,imagenet,reference,115,0.7908722353791193,0.3539670371789958
seed17_imagenet_reference,17,imagenet,reference,116,0.8621787025703794,0.3273854528958113
seed17_imagenet_reference,17,imagenet,reference,117,0.8188406990726251,0.32780898876404496
seed17_imagenet_reference,17,imagenet,reference,118,0.8980222075887282,0.36090709960056694
seed17_imagenet_reference,17,imagenet,reference,119,0.8856587408404367,0.37399750490108713
seed17_imagenet_reference,17,imagenet,reference,122,0.7437380127672975,0.27610474631751225
seed17_imagenet_reference,17,imagenet,reference,123,0.8885098280341949,0.36936324495807843
seed17_imagenet_reference,17,imagenet,reference,125,0.8047756752203942,0.33729449606862044
seed17_imagenet_reference,17,imagenet,reference,126,0.9061391080550609,0.289902045520023
seed17_imagenet_reference,17,imagenet,reference,127,0.9104582021685904,0.4042027194066749
seed17_imagenet_reference,17,imagenet,reference,128,0.9025851901437634,0.3669945794017266
seed17_imagenet_reference,17,imagenet,reference,132,0.7996289834588459,0.18962488374496228
seed17_imagenet_reference,17,imagenet,reference,134,0.9721206209867512,0.5012956724540036
seed17_imagenet_reference,17,imagenet,reference,136,0.9620473578848865,0.4545770971110338
seed17_imagenet_reference,17,imagenet,reference,137,0.8707196835517771,0.32882674321696453
seed17_imagenet_reference,17,imagenet,reference,138,0.8807367368527831,0.3620464203988231
seed17_imagenet_reference,17,imagenet,reference,139,0.9039278750812405,0.3634076990376203
seed17_imagenet_reference,17,imagenet,reference,142,0.8296706686573794,0.30945678240016683
seed17_imagenet_reference,17,imagenet,reference,147,0.9529858346449402,0.3259706643658326
seed17_imagenet_reference,17,imagenet,reference,148,0.9582660476382721,0.36379633974659786
seed17_imagenet_reference,17,imagenet,reference,149,0.938826129377329,0.2964618249534451
seed17_imagenet_reference,17,imagenet,reference,150,0.9425461186172261,0.43274209540597114
seed17_imagenet_reference,17,imagenet,reference,152,0.8876883541642332,0.36172353856005857
seed17_imagenet_reference,17,imagenet,reference,154,0.9605937150072665,0.5066140177690029
seed17_imagenet_reference,17,imagenet,reference,155,0.8005680853362973,0.3337991429103782
seed17_imagenet_reference,17,imagenet,reference,156,0.8595904276855542,0.309493264913406
seed17_imagenet_reference,17,imagenet,reference,158,0.8777694664102016,0.33913616260468615
seed17_imagenet_reference,17,imagenet,reference,159,0.9082064961556566,0.39996559435747464
seed17_imagenet_reference,17,imagenet,reference,160,0.9141908466932627,0.2812556053811659
seed17_imagenet_reference,17,imagenet,reference,161,0.9222015643031158,0.32477482141008385
seed17_imagenet_reference,17,imagenet,reference,162,0.9334615697217632,0.3511618081960287
seed17_imagenet_reference,17,imagenet,reference,164,0.9272169864880209,0.3636808614782183
seed17_imagenet_reference,17,imagenet,reference,166,0.9121002380105601,0.3619987875638694
seed17_imagenet_reference,17,imagenet,reference,173,0.7061584874255546,0.28688956861090603
seed17_imagenet_reference,17,imagenet,reference,188,0.7569344720731616,0.3476284815289593
seed17_imagenet_reference,17,imagenet,reference,189,0.7749762357414449,0.2972972972972973
seed17_imagenet_reference,17,imagenet,reference,190,0.8685933231387777,0.32148760330578513
seed17_imagenet_reference,17,imagenet,reference,193,0.6948294647413353,0.25060096153846156
seed17_imagenet_reference,17,imagenet,reference,200,0.5626707347358711,0.11084945332211943
seed17_imagenet_reference,17,imagenet,reference,201,0.753056098241697,0.2545262323245672
seed17_imagenet_reference,17,imagenet,reference,202,0.8554197229013855,0.3382018209408194
seed17_imagenet_reference,17,imagenet,reference,203,0.6517686225551395,0.20845879140116239
seed17_imagenet_reference,17,imagenet,reference,204,0.8767674387287907,0.2687354677159721
seed17_imagenet_reference,17,imagenet,reference,205,0.6792071615024997,0.2622006668687481
seed17_imagenet_reference,17,imagenet,reference,206,0.683996534026528,0.26100966702470463
seed17_imagenet_reference,17,imagenet,reference,207,0.7316578253181436,0.27169253510716923
seed17_imagenet_reference,17,imagenet,reference,208,0.8066757874444203,0.2743176094207338
seed17_imagenet_reference,17,imagenet,reference,209,0.8471101963620181,0.4463531809579269
seed17_imagenet_reference,17,imagenet,reference,210,0.8487569802405498,0.31796987087517936
seed17_imagenet_reference,17,imagenet,reference,211,0.8221541225266161,0.18512552020405423
seed17_imagenet_reference,17,imagenet,reference,213,0.8277978120549108,0.32123495359735366
seed17_imagenet_reference,17,imagenet,reference,214,0.8176917207650068,0.27867353723404253
seed17_imagenet_reference,17,imagenet,reference,215,0.8541650279241721,0.29632098107171423
seed17_imagenet_reference,17,imagenet,reference,218,0.8229543120173469,0.2578037278239389
seed17_imagenet_reference,17,imagenet,reference,219,0.9560142775917619,0.44151033576293464
seed17_imagenet_reference,17,imagenet,reference,577,0.7883895518375281,0.2266150585199521
seed17_imagenet_reference,17,imagenet,reference,611,0.96197670670348,0.39083588522173074
seed17_imagenet_reference,17,imagenet,reference,613,0.9132810923521895,0.35676199709161416
seed17_imagenet_reference,17,imagenet,reference,614,0.8357055280132203,0.3494669148756135
seed17_imagenet_reference,17,imagenet,reference,615,0.8249654457498272,0.21409528225339053
seed17_imagenet_reference,17,imagenet,reference,616,0.8658677301159943,0.1804360298336202
seed17_imagenet_reference,17,imagenet,reference,617,0.8690756434400502,0.2241304347826087
seed17_imagenet_reference,17,imagenet,reference,618,0.8810817091236529,0.2111655055545095
seed17_imagenet_reference,17,imagenet,reference,619,0.8905881030023614,0.34643893006767645
seed17_imagenet_reference,17,imagenet,reference,647,0.9303750391481366,0.39094028826355526
seed17_imagenet_reference,17,imagenet,reference,651,0.8776523567391855,0.2719834282755049
seed17_imagenet_reference,17,imagenet,reference,653,0.8695293826753482,0.33707596751075014
seed17_imagenet_reference,17,imagenet,reference,663,0.7505862237420615,0.3908517812637443
seed17_imagenet_reference,17,imagenet,reference,664,0.832300067066887,0.32126942723616997
seed17_imagenet_reference,17,imagenet,reference,665,0.8764346648290283,0.36008283717318146
seed17_imagenet_reference,17,imagenet,reference,666,0.8643328947543293,0.3723720930232558
seed17_imagenet_reference,17,imagenet,reference,667,0.7978958358430711,0.3029590948651001
seed17_imagenet_reference,17,imagenet,reference,668,0.8142451341399264,0.4265329189036451
seed17_imagenet_reference,17,imagenet,reference,669,0.8826533573211073,0.31147268802922135
seed17_imagenet_reference,17,imagenet,reference,674,0.7328415607165829,0.27099767981438516
seed17_imagenet_reference,17,imagenet,reference,704,0.8341273569080051,0.3154757577960311
seed17_imagenet_reference,17,imagenet,reference,705,0.8863564514429374,0.33665729140032385
seed17_imagenet_reference,17,imagenet,reference,706,0.8822810418949676,0.41292324295157157
seed17_imagenet_reference,17,imagenet,reference,707,0.7958627523844916,0.2763965463434932
seed17_imagenet_reference,17,imagenet,reference,708,0.8223270151745904,0.2866878691503862
seed17_imagenet_reference,17,imagenet,reference,709,0.7779709934910457,0.31471230881281864
seed17_imagenet_reference,17,imagenet,reference,710,0.8517374403239871,0.36281617528596743
seed17_imagenet_reference,17,imagenet,reference,711,0.8644334577741903,0.3102606573097376
seed17_imagenet_reference,17,imagenet,reference,712,0.8194514072906969,0.2855611533926466
seed17_imagenet_reference,17,imagenet,reference,713,0.7446114273465596,0.18592767295597484
seed17_imagenet_reference,17,imagenet,reference,714,0.8583810672294242,0.3137544733156994
seed17_imagenet_reference,17,imagenet,reference,716,0.9319465334733377,0.35077314128362636
seed17_imagenet_reference,17,imagenet,reference,723,0.9055260205823538,0.4500200722601365
seed17_imagenet_reference,17,imagenet,reference,724,0.27011098354381935,0.14212465950969397
seed17_imagenet_reference,17,imagenet,reference,725,0.8673634123544907,0.36505612493899464
seed17_imagenet_reference,17,imagenet,reference,728,0.8161842484854313,0.2954499494438827
seed17_imagenet_reference,17,imagenet,reference,729,0.8113529479238357,0.2971288443854092
seed17_imagenet_reference,17,imagenet,reference,730,0.8255915141822288,0.29397506925207756
seed17_imagenet_reference,17,imagenet,reference,731,0.8855084202355641,0.41033925686591277
seed17_imagenet_reference,17,imagenet,reference,732,0.9236635855621551,0.415924887208877
seed17_imagenet_reference,17,imagenet,reference,733,0.8864913491398433,0.29062793554447575
seed17_imagenet_reference,17,imagenet,reference,734,0.9113796696649938,0.3636018525548554
seed17_imagenet_reference,17,imagenet,reference,735,0.9178886438809262,0.41728624535315983
seed17_imagenet_reference,17,imagenet,reference,736,0.9239780918411509,0.42598730940429963
seed17_imagenet_reference,17,imagenet,reference,737,0.9116829405239588,0.41273540928584745
seed17_imagenet_reference,17,imagenet,reference,745,0.8918730975123333,0.3232688483095281
seed17_imagenet_reference,17,imagenet,reference,746,0.8293612964728313,0.23402387640449437
seed17_imagenet_reference,17,imagenet,reference,747,0.8984300431162163,0.3341303048416019
seed17_imagenet_reference,17,imagenet,reference,748,0.932500471177405,0.35764934434191353
seed17_imagenet_reference,17,imagenet,reference,749,0.8815452954637233,0.35109170305676857
seed17_imagenet_reference,17,imagenet,reference,750,0.9288178951752037,0.3497411856626624
seed17_imagenet_reference,17,imagenet,reference,751,0.9011549441993252,0.25863874345549737
seed17_imagenet_reference,17,imagenet,reference,752,0.834171004607192,0.2967948717948718
seed17_imagenet_reference,17,imagenet,reference,753,0.8332481965538293,0.3145232905465407
seed17_imagenet_reference,17,imagenet,reference,754,0.9327567494993119,0.3645876588323229
seed17_imagenet_reference,17,imagenet,reference,755,0.9259026687598116,0.35188477951635844
seed17_imagenet_reference,17,imagenet,reference,757,0.8732988107939317,0.3901547721410146
seed17_imagenet_reference,17,imagenet,reference,762,0.8940889458682366,0.34394572025052195
seed17_imagenet_reference,17,imagenet,reference,763,0.7005252491831755,0.2677657177964366
seed17_imagenet_reference,17,imagenet,reference,764,0.5898616033484613,0.19513351240322327
seed17_imagenet_reference,17,imagenet,reference,765,0.6792494709895086,0.1764526227380316
seed17_imagenet_reference,17,imagenet,reference,766,0.879354944541887,0.3402052811650145
seed17_imagenet_reference,17,imagenet,reference,767,0.92112932180076,0.4493531516652904
seed17_imagenet_reference,17,imagenet,reference,769,0.8416114405301709,0.3358411074330424
seed17_imagenet_reference,17,imagenet,reference,770,0.8735288888888889,0.33730898248229596
seed17_imagenet_reference,17,imagenet,reference,771,0.8778292093529833,0.36986061190497066
seed17_imagenet_reference,17,imagenet,reference,772,0.8996353830377151,0.3740643530669777
seed17_imagenet_reference,17,imagenet,reference,773,0.7954374175720655,0.3215287517531557
seed17_imagenet_reference,17,imagenet,reference,775,0.8369167722014315,0.3492576926266899
seed17_imagenet_reference,17,imagenet,reference,776,0.8424628023209054,0.2904343621564993
seed17_imagenet_reference,17,imagenet,reference,777,0.8514995769218716,0.3490023368685961
seed17_imagenet_reference,17,imagenet,reference,778,0.8605584406825386,0.3406289842753931
seed17_imagenet_reference,17,imagenet,reference,779,0.7949504714668012,0.26596810231913093
seed17_imagenet_reference,17,imagenet,reference,782,0.7777235137071042,0.2810012467632109
seed17_imagenet_reference,17,imagenet,reference,791,0.9366745917428805,0.3956262425447316
seed17_imagenet_reference,17,imagenet,reference,792,0.8081642801772682,0.34182479854432024
seed17_imagenet_reference,17,imagenet,reference,794,0.9039542884857303,0.3947648435837412
seed17_imagenet_reference,17,imagenet,reference,795,0.759669918721625,0.32213173084525976
seed17_imagenet_reference,17,imagenet,reference,797,0.8050328723645432,0.2854017792037334
seed17_imagenet_reference,17,imagenet,reference,798,0.8410312255865154,0.29758250191864927
seed17_imagenet_reference,17,imagenet,reference,800,0.8178900399238056,0.2964149316249846
seed17_imagenet_reference,17,imagenet,reference,801,0.7799747645719209,0.3126897389192471
seed17_imagenet_reference,17,imagenet,reference,802,0.8512306090007126,0.27417732432820807
seed17_imagenet_reference,17,imagenet,reference,803,0.7946111817977697,0.36136807264703386
seed17_imagenet_reference,17,imagenet,reference,804,0.6330017481062182,0.17374313476975073
seed17_imagenet_reference,17,imagenet,reference,805,0.7797888840368022,0.329468248935592
seed17_imagenet_reference,17,imagenet,reference,807,0.8001917775380558,0.2841323769976092
seed17_imagenet_reference,17,imagenet,reference,809,0.7984575513104544,0.27243218177602596
seed17_imagenet_reference,17,imagenet,reference,810,0.841111704531449,0.3918844566712517
seed17_imagenet_reference,17,imagenet,reference,812,0.9186385051082526,0.3794559682027077
seed17_imagenet_reference,17,imagenet,reference,813,0.9121182654772474,0.356952146231259
seed17_imagenet_reference,17,imagenet,reference,814,0.8648151112534016,0.40181171142025235
seed17_imagenet_reference,17,imagenet,reference,815,0.8268058609023051,0.2392857142857143
seed17_imagenet_reference,17,imagenet,reference,816,0.8999076739260305,0.37795775766237893
seed17_imagenet_reference,17,imagenet,reference,817,0.8872547607386707,0.34924015100183914
seed17_imagenet_reference,17,imagenet,reference,818,0.90153745088874,0.38564156573635244
seed17_imagenet_reference,17,imagenet,reference,819,0.9206901703017628,0.42474546259406815
seed17_imagenet_reference,17,imagenet,reference,820,0.9318367151148846,0.45114144220316466
seed17_imagenet_reference,17,imagenet,reference,823,0.8821597843932963,0.3779333838001514
seed17_imagenet_reference,17,imagenet,reference,824,0.8991162820268295,0.4116924588553181
seed17_imagenet_reference,17,imagenet,reference,825,0.8310355527972338,0.26710364604670217
seed17_imagenet_reference,17,imagenet,reference,826,0.8536058019001964,0.35506683245259557
seed17_imagenet_reference,17,imagenet,reference,828,0.8916220203431944,0.36022433132010356
seed17_imagenet_reference,17,imagenet,reference,851,0.9281857715235023,0.3277850021673169
seed17_imagenet_reference,17,imagenet,reference,855,0.8535738158899924,0.2589523064894449
seed17_imagenet_reference,17,imagenet,reference,858,0.8844182803022932,0.35373870172555466
seed17_imagenet_reference,17,imagenet,reference,860,0.9030296220346363,0.32808683853459975
seed17_imagenet_reference,17,imagenet,reference,862,0.855707877945543,0.337171701238268
seed17_imagenet_reference,17,imagenet,reference,864,0.878657961463552,0.38039600428112735
seed17_imagenet_reference,17,imagenet,reference,866,0.8669908307863295,0.36555327486471356
seed17_imagenet_reference,17,imagenet,reference,968,0.9401235619280616,0.3936034533503385
seed17_imagenet_reference,17,imagenet,reference,969,0.9303959385480044,0.34805955577251646
seed17_imagenet_reference,17,imagenet,reference,970,0.9387813374450346,0.33345049794961923
seed17_imagenet_reference,17,imagenet,reference,972,0.9358562156764852,0.31567328918322296
seed17_imagenet_reference,17,imagenet,reference,975,0.9138558453869913,0.2768050363958292
seed17_imagenet_reference,17,imagenet,reference,976,0.9286411644625898,0.4233845600790869
seed17_imagenet_reference,17,imagenet,reference,978,0.9291477559253656,0.30535585909417684
seed17_imagenet_reference,17,imagenet,reference,979,0.9324345241780695,0.3689198336717919
seed17_imagenet_reference,17,imagenet,reference,981,0.9463005844084244,0.42099832322971753
seed17_imagenet_reference,17,imagenet,reference,982,0.9557874985340683,0.43373616329846654
seed17_imagenet_reference,17,imagenet,reference,983,0.9543728757357208,0.48714442013129106
seed17_imagenet_reference,17,imagenet,reference,984,0.9609611472237384,0.422197933227345
seed17_imagenet_reference,17,imagenet,reference,985,0.8113044296059437,0.37396840367837775
seed17_imagenet_reference,17,imagenet,reference,986,0.8652666212170614,0.3151183970856102
seed17_imagenet_reference,17,imagenet,reference,1074,0.8816262270790888,0.35227765726681126
seed17_imagenet_reference,17,imagenet,reference,1075,0.9036400836907142,0.4229871140707429
seed17_imagenet_reference,17,imagenet,reference,1076,0.754993441608992,0.2574985102297557
seed17_imagenet_reference,17,imagenet,reference,1078,0.7658997393593797,0.2848572114230862
seed17_imagenet_reference,17,imagenet,reference,1079,0.8877293384952029,0.31650271029913674
seed17_imagenet_reference,17,imagenet,reference,1080,0.7591148254700986,0.29368620037807186
seed17_imagenet_reference,17,imagenet,reference,1081,0.8691313012714549,0.30996468865730775
seed17_imagenet_reference,17,imagenet,reference,1083,0.7516818876141571,0.30867530597552195
seed17_imagenet_reference,17,imagenet,reference,1085,0.7350526955816782,0.32036914963744234
seed17_imagenet_reference,17,imagenet,reference,1087,0.9067888546305812,0.2907862276091387
seed17_imagenet_reference,17,imagenet,reference,1089,0.8291136794093773,0.3241507520703059
seed17_imagenet_reference,17,imagenet,reference,1091,0.9078748540421733,0.3271814187068424
seed17_imagenet_reference,17,imagenet,reference,1096,0.9030672033423346,0.31528411773965054
seed17_imagenet_reference,17,imagenet,reference,1108,0.788988750179956,0.22670299727520435
seed17_imagenet_reference,17,imagenet,reference,1114,0.8467298928439463,0.20761856710393542
seed17_imagenet_reference,17,imagenet,reference,1243,0.9082628253853534,0.3717634016945126
seed17_imagenet_reference,17,imagenet,reference,1245,0.8856173542667525,0.3442512807592173
seed17_imagenet_reference,17,imagenet,reference,1247,0.9039686494202567,0.3670660209023706
seed17_imagenet_reference,17,imagenet,reference,1252,0.6443971398941106,0.3218708041175593
seed17_imagenet_reference,17,imagenet,reference,1253,0.6923542058586402,0.36270245256825545
seed17_imagenet_reference,17,imagenet,reference,1261,0.9570860288504038,0.45762426284751473
seed17_imagenet_reference,17,imagenet,reference,1262,0.9087263641691601,0.3591927796369537
seed17_imagenet_reference,17,imagenet,reference,1263,0.9267876812578275,0.47737444057682743
seed17_imagenet_reference,17,imagenet,reference,1324,0.7816747040771591,0.2076908786921791
seed17_imagenet_reference,17,imagenet,reference,1326,0.8366477272727273,0.2733884297520661
seed17_imagenet_reference,17,imagenet,reference,1714,0.7601959583588488,0.1989433237271854
seed17_imagenet_reference,17,imagenet,reference,1715,0.8434537816974202,0.29430491687301025
seed17_imagenet_reference,17,imagenet,reference,1716,0.8140847910470334,0.2590577950461389
seed17_imagenet_reference,17,imagenet,reference,1717,0.7436585882851692,0.21790461297888974
seed17_imagenet_reference,17,imagenet,reference,1718,0.7807722301819039,0.25098302483935936
seed17_imagenet_reference,17,imagenet,reference,1719,0.700974735819264,0.22004635920390056
seed17_imagenet_reference,17,imagenet,reference,1720,0.632831147896711,0.16696405811878665
seed17_imagenet_reference,17,imagenet,reference,1776,0.5614849187935035,0.26240765789199877
seed17_imagenet_reference,17,imagenet,reference,1830,0.8639718717270959,0.3342689870879782
seed17_imagenet_reference,17,imagenet,reference,1831,0.7717627444045875,0.25783775048480934
seed17_imagenet_reference,17,imagenet,reference,1832,0.9270871955249625,0.3768446073091017
seed17_imagenet_reference,17,imagenet,reference,1833,0.7300248644089977,0.14513835721316853
seed17_imagenet_reference,17,imagenet,reference,1834,0.8291565980026023,0.3381693885301937
seed17_imagenet_reference,17,imagenet,reference,1835,0.9212765957446809,0.3469323544834819
seed17_imagenet_reference,17,imagenet,reference,1836,0.9424718086050301,0.36298390604610703
seed17_imagenet_reference,17,imagenet,reference,1837,0.8186373596507618,0.2512144915603129
seed17_imagenet_reference,17,imagenet,reference,1838,0.8679383132910767,0.3231646471846044
seed17_imagenet_reference,17,imagenet,reference,1839,0.8537643259672006,0.3041296393099843
seed17_imagenet_reference,17,imagenet,reference,1840,0.8158024935681774,0.23722044728434505
seed17_imagenet_reference,17,imagenet,reference,1841,0.868816706869775,0.31048770547479965
seed17_imagenet_reference,17,imagenet,reference,1842,0.8861857204888034,0.3120926864590876
seed17_imagenet_reference,17,imagenet,reference,1843,0.9191259292633476,0.3405478525532634
seed17_imagenet_reference,17,imagenet,reference,1844,0.9487263484891274,0.3668955605237943
seed17_imagenet_reference,17,imagenet,reference,1845,0.9330420550002029,0.3914523788191022
seed17_imagenet_reference,17,imagenet,reference,1846,0.8963846079286615,0.38337005460293133
seed17_imagenet_reference,17,imagenet,reference,1847,0.8731202839065832,0.38898888300688195
seed17_imagenet_reference,17,imagenet,reference,1848,0.9266900064610161,0.3300561797752809
seed17_imagenet_reference,17,imagenet,reference,1849,0.8702478738096969,0.35801029826095404
seed17_imagenet_reference,17,imagenet,reference,1850,0.8752517600926834,0.36728725996685835
seed17_imagenet_reference,17,imagenet,reference,1851,0.9094347479093654,0.4172561629153269
seed17_imagenet_reference,17,imagenet,reference,1852,0.7209372828901661,0.3158524904214559
seed17_imagenet_reference,17,imagenet,reference,1855,0.7727354908696438,0.2242979242979243
seed17_imagenet_reference,17,imagenet,reference,1856,0.9050761115902208,0.2882675632631393
seed17_imagenet_reference,17,imagenet,reference,1858,0.888495462098939,0.3911695531323498
seed17_imagenet_reference,17,imagenet,reference,1872,0.7679523209613335,0.3107104098839636
seed17_imagenet_reference,17,imagenet,reference,1873,0.8112328422113084,0.36992635725295425
seed17_imagenet_reference,17,imagenet,reference,1874,0.6472631310121734,0.2806848956058356
seed17_imagenet_reference,17,imagenet,reference,1875,0.7884212886829123,0.2893416606941743
seed17_imagenet_reference,17,imagenet,reference,1876,0.9249063063896729,0.3919362400375059
seed17_imagenet_reference,17,imagenet,reference,1877,0.7553859092967588,0.2327305311176279
seed17_imagenet_reference,17,imagenet,reference,1890,0.7210710128055879,0.22607697740112995
seed17_imagenet_reference,17,imagenet,reference,1894,0.40571101943436555,0.17327034440719294
seed17_imagenet_reference,17,imagenet,reference,1896,0.4710263339827792,0.18330733229329174
seed17_imagenet_area_proportional,17,imagenet,area_proportional,26,0.9583778727952966,0.39548243896069984
seed17_imagenet_area_proportional,17,imagenet,area_proportional,27,0.9530840556339447,0.3769481696266763
seed17_imagenet_area_proportional,17,imagenet,area_proportional,28,0.9135238436501538,0.3317914213624895
seed17_imagenet_area_proportional,17,imagenet,area_proportional,29,0.7284546324804015,0.16168029222473473
seed17_imagenet_area_proportional,17,imagenet,area_proportional,30,0.8545237048972218,0.2897691827822832
seed17_imagenet_area_proportional,17,imagenet,area_proportional,31,0.8010505470900181,0.24917729329494034
seed17_imagenet_area_proportional,17,imagenet,area_proportional,32,0.9189213929827773,0.3763062369376306
seed17_imagenet_area_proportional,17,imagenet,area_proportional,33,0.9640975802135271,0.44694421894932157
seed17_imagenet_area_proportional,17,imagenet,area_proportional,34,0.8965798045602605,0.32290297133841706
seed17_imagenet_area_proportional,17,imagenet,area_proportional,39,0.0,
seed17_imagenet_area_proportional,17,imagenet,area_proportional,56,0.8099573530116441,0.28971449487554907
seed17_imagenet_area_proportional,17,imagenet,area_proportional,64,0.8640215406517904,0.11318611987381703
seed17_imagenet_area_proportional,17,imagenet,area_proportional,65,0.8021082056956497,0.1741065407956844
seed17_imagenet_area_proportional,17,imagenet,area_proportional,66,0.8400502459960222,0.2927354611317799
seed17_imagenet_area_proportional,17,imagenet,area_proportional,67,0.7225422877239993,0.1257134703196347
seed17_imagenet_area_proportional,17,imagenet,area_proportional,68,0.7094906285065178,0.27842582773653823
seed17_imagenet_area_proportional,17,imagenet,area_proportional,69,0.5873799725651577,0.17393364928909952
seed17_imagenet_area_proportional,17,imagenet,area_proportional,70,0.6808609571356901,0.13447265625
seed17_imagenet_area_proportional,17,imagenet,area_proportional,71,0.6877290569828661,0.1900866217516843
seed17_imagenet_area_proportional,17,imagenet,area_proportional,73,0.61020956613866,0.15813132123936427
seed17_imagenet_area_proportional,17,imagenet,area_proportional,74,0.030039671556416642,0.011739594450373533
seed17_imagenet_area_proportional,17,imagenet,area_proportional,76,0.8771687242798354,0.22752652149637073
seed17_imagenet_area_proportional,17,imagenet,area_proportional,79,0.8420459575838062,0.2265892002734108
seed17_imagenet_area_proportional,17,imagenet,area_proportional,83,0.6757120500782473,0.22545260915867946
seed17_imagenet_area_proportional,17,imagenet,area_proportional,86,0.8688351338656646,0.2847102506298899
seed17_imagenet_area_proportional,17,imagenet,area_proportional,88,0.39543564944430304,0.1025010250102501
seed17_imagenet_area_proportional,17,imagenet,area_proportional,89,0.8869961977186311,0.32877676148356616
seed17_imagenet_area_proportional,17,imagenet,area_proportional,90,0.9185346237469455,0.3402073601458357
seed17_imagenet_area_proportional,17,imagenet,area_proportional,91,0.9552187569729321,0.43270087864510376
seed17_imagenet_area_proportional,17,imagenet,area_proportional,92,0.9539904412727511,0.40761385199240985
seed17_imagenet_area_proportional,17,imagenet,area_proportional,93,0.9353348041261702,0.33014407924358397
seed17_imagenet_area_proportional,17,imagenet,area_proportional,94,0.8178599992133314,0.2971548998946259
seed17_imagenet_area_proportional,17,imagenet,area_proportional,95,0.9012254606768638,0.28732706142778086
seed17_imagenet_area_proportional,17,imagenet,area_proportional,96,0.911479871579754,0.2289565554693561
seed17_imagenet_area_proportional,17,imagenet,area_proportional,102,0.8193999122481352,0.37839029768467475
seed17_imagenet_area_proportional,17,imagenet,area_proportional,104,0.7675719520040276,0.24659595814820123
seed17_imagenet_area_proportional,17,imagenet,area_proportional,105,0.8851632562057177,0.3211805555555556
seed17_imagenet_area_proportional,17,imagenet,area_proportional,106,0.940420778253584,0.4272976680384088
seed17_imagenet_area_proportional,17,imagenet,area_proportional,107,0.9227702843998327,0.3192771084337349
seed17_imagenet_area_proportional,17,imagenet,area_proportional,108,0.9359816005716327,0.48816447991343165
seed17_imagenet_area_proportional,17,imagenet,area_proportional,109,0.8365700564495745,0.23423879991891344
seed17_imagenet_area_proportional,17,imagenet,area_proportional,112,0.8674281640896825,0.3571265938069217
seed17_imagenet_area_proportional,17,imagenet,area_proportional,115,0.8756213558320123,0.3654753877275792
seed17_imagenet_area_proportional,17,imagenet,area_proportional,116,0.7853628536285363,0.26113178493519823
seed17_imagenet_area_proportional,17,imagenet,area_proportional,117,0.8465373285223727,0.336075767722185
seed17_imagenet_area_proportional,17,imagenet,area_proportional,118,0.8851240227994683,0.29067013971110583
seed17_imagenet_area_proportional,17,imagenet,area_proportional,119,0.9248834085455122,0.39400179051029544
seed17_imagenet_area_proportional,17,imagenet,area_proportional,122,0.6735611625678697,0.2242310889443059
seed17_imagenet_area_proportional,17,imagenet,area_proportional,123,0.8429085616505714,0.3198174291476489
seed17_imagenet_area_proportional,17,imagenet,area_proportional,125,0.7831280225033602,0.2817582784218867
seed17_imagenet_area_proportional,17,imagenet,area_proportional,126,0.8635273736143716,0.2733015254351186
seed17_imagenet_area_proportional,17,imagenet,area_proportional,127,0.9023995062109406,0.40322910279991825
seed17_imagenet_area_proportional,17,imagenet,area_proportional,128,0.9083617693019103,0.38264219811416406
seed17_imagenet_area_proportional,17,imagenet,area_proportional,132,0.718238408989854,0.18251977619139495
seed17_imagenet_area_proportional,17,imagenet,area_proportional,134,0.9692497425055565,0.47112346771136104
seed17_imagenet_area_proportional,17,imagenet,area_proportional,136,0.959652882190678,0.4558095687013905
seed17_imagenet_area_proportional,17,imagenet,area_proportional,137,0.869155739654907,0.30383690910709515
seed17_imagenet_area_proportional,17,imagenet,area_proportional,138,0.8383560546379502,0.32206774145836414
seed17_imagenet_area_proportional,17,imagenet,area_proportional,139,0.8977924908089764,0.3373584905660377
seed17_imagenet_area_proportional,17,imagenet,area_proportional,142,0.7967250420500643,0.2536327608982827
seed17_imagenet_area_proportional,17,imagenet,area_proportional,147,0.9586412574558277,0.39075018208302986
seed17_imagenet_area_proportional,17,imagenet,area_proportional,148,0.9547496425272375,0.35998623379603073
seed17_imagenet_area_proportional,17,imagenet,area_proportional,149,0.935551841039646,0.2938192748450122
seed17_imagenet_area_proportional,17,imagenet,area_proportional,150,0.895736958223614,0.33854492391077756
seed17_imagenet_area_proportional,17,imagenet,area_proportional,152,0.8906439315582612,0.35365966503192375
seed17_imagenet_area_proportional,17,imagenet,area_proportional,154,0.9072909334483776,0.41398312381608404
seed17_imagenet_area_proportional,17,imagenet,area_proportional,155,0.8442489156963638,0.31879453936636043
seed17_imagenet_area_proportional,17,imagenet,area_proportional,156,0.8800218459858001,0.3519064787501366
seed17_imagenet_area_proportional,17,imagenet,area_proportional,158,0.8852912638804039,0.3524368651570217
seed17_imagenet_area_proportional,17,imagenet,area_proportional,159,0.9197578075207138,0.4410153396639883
seed17_imagenet_area_proportional,17,imagenet,area_proportional,160,0.9251908396946565,0.2878316559926807
seed17_imagenet_area_proportional,17,imagenet,area_proportional,161,0.9184703375574745,0.295116988809766
seed17_imagenet_area_proportional,17,imagenet,area_proportional,162,0.9102517329441809,0.29870740305522914
seed17_imagenet_area_proportional,17,imagenet,area_proportional,164,0.9172468795098362,0.3286798922361009
seed17_imagenet_area_proportional,17,imagenet,area_proportional,166,0.9096144528275767,0.3294580270131646
seed17_imagenet_area_proportional,17,imagenet,area_proportional,173,0.6436928202391953,0.366053412462908
seed17_imagenet_area_proportional,17,imagenet,area_proportional,188,0.7686821109295395,0.2980665950590763
seed17_imagenet_area_proportional,17,imagenet,area_proportional,189,0.7898136231469565,0.2749185667752443
seed17_imagenet_area_proportional,17,imagenet,area_proportional,190,0.870230720115964,0.30866222450025627
seed17_imagenet_area_proportional,17,imagenet,area_proportional,193,0.680122214729077,0.24049079754601227
seed17_imagenet_area_proportional,17,imagenet,area_proportional,200,0.5954734219269103,0.12846663088208982
seed17_imagenet_area_proportional,17,imagenet,area_proportional,201,0.725163077988801,0.2173514786705051
seed17_imagenet_area_proportional,17,imagenet,area_proportional,202,0.723898778297441,0.2237501899407385
seed17_imagenet_area_proportional,17,imagenet,area_proportional,203,0.7438877755511022,0.2339612699249111
seed17_imagenet_area_proportional,17,imagenet,area_proportional,204,0.8974465538451308,0.33734061930783243
seed17_imagenet_area_proportional,17,imagenet,area_proportional,205,0.7561959482591805,0.3082623193775472
seed17_imagenet_area_proportional,17,imagenet,area_proportional,206,0.778180903324903,0.2829990233641349
seed17_imagenet_area_proportional,17,imagenet,area_proportional,207,0.7896556650950136,0.277896842406058
seed17_imagenet_area_proportional,17,imagenet,area_proportional,208,0.8351319602161484,0.3124134412129164
seed17_imagenet_area_proportional,17,imagenet,area_proportional,209,0.8883903697838773,0.46101127017971366
seed17_imagenet_area_proportional,17,imagenet,area_proportional,210,0.8268280211351627,0.29380807499383277
seed17_imagenet_area_proportional,17,imagenet,area_proportional,211,0.6717528842575363,0.19003150315031503
seed17_imagenet_area_proportional,17,imagenet,area_proportional,213,0.8563917841814838,0.3577432132161144
seed17_imagenet_area_proportional,17,imagenet,area_proportional,214,0.8376234678828589,0.28413253413253414
seed17_imagenet_area_proportional,17,imagenet,area_proportional,215,0.8520405867530597,0.2893582562925973
seed17_imagenet_area_proportional,17,imagenet,area_proportional,218,0.832420443587271,0.2679507636197857
seed17_imagenet_area_proportional,17,imagenet,area_proportional,219,0.95613965388466,0.42552938377349514
seed17_imagenet_area_proportional,17,imagenet,area_proportional,577,0.6918752897542884,0.20416425679583575
seed17_imagenet_area_proportional,17,imagenet,area_proportional,611,0.9610933198494297,0.37713832559193383
seed17_imagenet_area_proportional,17,imagenet,area_proportional,613,0.8619045220224002,0.30596000776548243
seed17_imagenet_area_proportional,17,imagenet,area_proportional,614,0.8625743355598772,0.3320663441603317
seed17_imagenet_area_proportional,17,imagenet,area_proportional,615,0.8486972880874627,0.20032485110990797
seed17_imagenet_area_proportional,17,imagenet,area_proportional,616,0.9062439590179779,0.22847682119205298
seed17_imagenet_area_proportional,17,imagenet,area_proportional,617,0.8096652214369148,0.21588486140724947
seed17_imagenet_area_proportional,17,imagenet,area_proportional,618,0.9014313074752555,0.2127400468384075
seed17_imagenet_area_proportional,17,imagenet,area_proportional,619,0.8796460459693005,0.3218709953011534
seed17_imagenet_area_proportional,17,imagenet,area_proportional,647,0.9243731937827072,0.3863453815261044
seed17_imagenet_area_proportional,17,imagenet,area_proportional,651,0.8622106158856842,0.2540458015267176
seed17_imagenet_area_proportional,17,imagenet,area_proportional,653,0.8237943535098319,0.302366040361865
seed17_imagenet_area_proportional,17,imagenet,area_proportional,663,0.7632750358784753,0.41421392677674085
seed17_imagenet_area_proportional,17,imagenet,area_proportional,664,0.8511253804220594,0.32193332614089976
seed17_imagenet_area_proportional,17,imagenet,area_proportional,665,0.8705678801668563,0.33729334551798623
seed17_imagenet_area_proportional,17,imagenet,area_proportional,666,0.8829312240815083,0.3412705162003572
seed17_imagenet_area_proportional,17,imagenet,area_proportional,667,0.8135186771197048,0.30206333973128596
seed17_imagenet_area_proportional,17,imagenet,area_proportional,668,0.7906206840523194,0.41470667748040013
seed17_imagenet_area_proportional,17,imagenet,area_proportional,669,0.8777830344214586,0.3310788243152973
seed17_imagenet_area_proportional,17,imagenet,area_proportional,674,0.6701561610612022,0.21464750171115674
seed17_imagenet_area_proportional,17,imagenet,area_proportional,704,0.8200765961214912,0.26479835953520164
seed17_imagenet_area_proportional,17,imagenet,area_proportional,705,0.8551994806421152,0.2882961092257912
seed17_imagenet_area_proportional,17,imagenet,area_proportional,706,0.902748230799288,0.37528450930512786
seed17_imagenet_area_proportional,17,imagenet,area_proportional,707,0.7399498256134125,0.2356051703877791
seed17_imagenet_area_proportional,17,imagenet,area_proportional,708,0.7552193312645746,0.2637066331116304
seed17_imagenet_area_proportional,17,imagenet,area_proportional,709,0.7380085577173117,0.2734682599986185
seed17_imagenet_area_proportional,17,imagenet,area_proportional,710,0.8742653167984737,0.39700437563110064
seed17_imagenet_area_proportional,17,imagenet,area_proportional,711,0.8346411047390323,0.36622563377436623
seed17_imagenet_area_proportional,17,imagenet,area_proportional,712,0.8346431709460119,0.31935701438848924
seed17_imagenet_area_proportional,17,imagenet,area_proportional,713,0.7373689677967702,0.2435506804793825
seed17_imagenet_area_proportional,17,imagenet,area_proportional,714,0.8125037391564464,0.32731517509727626
seed17_imagenet_area_proportional,17,imagenet,area_proportional,716,0.9329541802328019,0.32948979591836736
seed17_imagenet_area_proportional,17,imagenet,area_proportional,723,0.8111279917211617,0.35692239858906527
seed17_imagenet_area_proportional,17,imagenet,area_proportional,724,0.39340142671854733,0.1637618636755824
seed17_imagenet_area_proportional,17,imagenet,area_proportional,725,0.8271853232610615,0.34604138551506974
seed17_imagenet_area_proportional,17,imagenet,area_proportional,728,0.7881959632568893,0.24663379480371705
seed17_imagenet_area_proportional,17,imagenet,area_proportional,729,0.7909712798847278,0.2833221701272606
seed17_imagenet_area_proportional,17,imagenet,area_proportional,730,0.8150402718934774,0.2730974802748791
seed17_imagenet_area_proportional,17,imagenet,area_proportional,731,0.8754765567520567,0.37020402925702556
seed17_imagenet_area_proportional,17,imagenet,area_proportional,732,0.9302404093889373,0.4141873616916646
seed17_imagenet_area_proportional,17,imagenet,area_proportional,733,0.9029219506644245,0.3012592592592593
seed17_imagenet_area_proportional,17,imagenet,area_proportional,734,0.9019162544039478,0.3464822791506083
seed17_imagenet_area_proportional,17,imagenet,area_proportional,735,0.910928852054716,0.42377634262406527
seed17_imagenet_area_proportional,17,imagenet,area_proportional,736,0.9346135074126045,0.45908538296081547
seed17_imagenet_area_proportional,17,imagenet,area_proportional,737,0.9378685972954062,0.4496388834667187
seed17_imagenet_area_proportional,17,imagenet,area_proportional,745,0.878099336184504,0.28309203722854187
seed17_imagenet_area_proportional,17,imagenet,area_proportional,746,0.7887265619823759,0.2203626220362622
seed17_imagenet_area_proportional,17,imagenet,area_proportional,747,0.9004031854986505,0.3886914877182141
seed17_imagenet_area_proportional,17,imagenet,area_proportional,748,0.896270411581561,0.32597295059343084
seed17_imagenet_area_proportional,17,imagenet,area_proportional,749,0.8574673108228745,0.3076685219542362
seed17_imagenet_area_proportional,17,imagenet,area_proportional,750,0.9215203474056498,0.3225403535741737
seed17_imagenet_area_proportional,17,imagenet,area_proportional,751,0.8921746806521965,0.26359663321463256
seed17_imagenet_area_proportional,17,imagenet,area_proportional,752,0.8324447033170542,0.29850746268656714
seed17_imagenet_area_proportional,17,imagenet,area_proportional,753,0.8816225165562914,0.3204726874315229
seed17_imagenet_area_proportional,17,imagenet,area_proportional,754,0.9127578287178129,0.3296660424469413
seed17_imagenet_area_proportional,17,imagenet,area_proportional,755,0.9023882237186778,0.3373732164345883
seed17_imagenet_area_proportional,17,imagenet,area_proportional,757,0.8422495025716109,0.36631927534820297
seed17_imagenet_area_proportional,17,imagenet,area_proportional,762,0.8695695139274906,0.30521861777150916
seed17_imagenet_area_proportional,17,imagenet,area_proportional,763,0.6857302533532041,0.24433607639947172
seed17_imagenet_area_proportional,17,imagenet,area_proportional,764,0.5842945375792091,0.1992680558667563
seed17_imagenet_area_proportional,17,imagenet,area_proportional,765,0.7234842041781998,0.1927900922931293
seed17_imagenet_area_proportional,17,imagenet,area_proportional,766,0.8605448632780371,0.30583362098722816
seed17_imagenet_area_proportional,17,imagenet,area_proportional,767,0.915851775604735,0.43902107409925223
seed17_imagenet_area_proportional,17,imagenet,area_proportional,769,0.7586109939547308,0.30837807719582616
seed17_imagenet_area_proportional,17,imagenet,area_proportional,770,0.8735401888052562,0.35920734654422426
seed17_imagenet_area_proportional,17,imagenet,area_proportional,771,0.8086005507897819,0.32699052963872327
seed17_imagenet_area_proportional,17,imagenet,area_proportional,772,0.8160683950070168,0.3192581255064374
seed17_imagenet_area_proportional,17,imagenet,area_proportional,773,0.7957342710801927,0.3217721295560851
seed17_imagenet_area_proportional,17,imagenet,area_proportional,775,0.7994734056269595,0.33656276326874474
seed17_imagenet_area_proportional,17,imagenet,area_proportional,776,0.7831805872386974,0.2637001984429858
seed17_imagenet_area_proportional,17,imagenet,area_proportional,777,0.8375150275570267,0.35931645800968653
seed17_imagenet_area_proportional,17,imagenet,area_proportional,778,0.9206188523898703,0.3308722708575045
seed17_imagenet_area_proportional,17,imagenet,area_proportional,779,0.7818969800695633,0.2633994554647997
seed17_imagenet_area_proportional,17,imagenet,area_proportional,782,0.7866827606733027,0.2972129992957038
seed17_imagenet_area_proportional,17,imagenet,area_proportional,791,0.925936753047994,0.3383352872215709
seed17_imagenet_area_proportional,17,imagenet,area_proportional,792,0.8339852755261397,0.36485672489458737
seed17_imagenet_area_proportional,17,imagenet,area_proportional,794,0.9048361219344487,0.38022404136148213
seed17_imagenet_area_proportional,17,imagenet,area_proportional,795,0.8173434809177268,0.34740333157458353
seed17_imagenet_area_proportional,17,imagenet,area_proportional,797,0.8393158517846797,0.29599073672022
seed17_imagenet_area_proportional,17,imagenet,area_proportional,798,0.854775277520536,0.306392002423508
seed17_imagenet_area_proportional,17,imagenet,area_proportional,800,0.7936565709086182,0.28915216586449466
seed17_imagenet_area_proportional,17,imagenet,area_proportional,801,0.7807234188889236,0.27680672268907563
seed17_imagenet_area_proportional,17,imagenet,area_proportional,802,0.8135484044123568,0.27440751229691457
seed17_imagenet_area_proportional,17,imagenet,area_proportional,803,0.8122492804628898,0.323378041172801
seed17_imagenet_area_proportional,17,imagenet,area_proportional,804,0.6275037369207773,0.15021665864227252
seed17_imagenet_area_proportional,17,imagenet,area_proportional,805,0.7962461875342144,0.28961050029830393
seed17_imagenet_area_proportional,17,imagenet,area_proportional,807,0.7821194195396987,0.27745340220076353
seed17_imagenet_area_proportional,17,imagenet,area_proportional,809,0.8455495024987619,0.2611369055088468
seed17_imagenet_area_proportional,17,imagenet,area_proportional,810,0.7140822784810127,0.3186890637847997
seed17_imagenet_area_proportional,17,imagenet,area_proportional,812,0.9221890155514594,0.37883571157974494
seed17_imagenet_area_proportional,17,imagenet,area_proportional,813,0.8931361607142857,0.3364420377055756
seed17_imagenet_area_proportional,17,imagenet,area_proportional,814,0.8447158789166224,0.35265549114836287
seed17_imagenet_area_proportional,17,imagenet,area_proportional,815,0.8275231823679613,0.2451746690062211
seed17_imagenet_area_proportional,17,imagenet,area_proportional,816,0.8992853035406226,0.3811848958333333
seed17_imagenet_area_proportional,17,imagenet,area_proportional,817,0.8736388741826091,0.3229137065454201
seed17_imagenet_area_proportional,17,imagenet,area_proportional,818,0.8942020398129121,0.36328159645232816
seed17_imagenet_area_proportional,17,imagenet,area_proportional,819,0.9038781575037147,0.35695343163254484
seed17_imagenet_area_proportional,17,imagenet,area_proportional,820,0.8837374298229379,0.3241923756102628
seed17_imagenet_area_proportional,17,imagenet,area_proportional,823,0.8790392472452643,0.3561467889908257
seed17_imagenet_area_proportional,17,imagenet,area_proportional,824,0.8828111057287816,0.35217490668088675
seed17_imagenet_area_proportional,17,imagenet,area_proportional,825,0.8227919330152156,0.26298179871520344
seed17_imagenet_area_proportional,17,imagenet,area_proportional,826,0.9092833308431695,0.37332543853156686
seed17_imagenet_area_proportional,17,imagenet,area_proportional,828,0.9044625129999054,0.39432587194169705
seed17_imagenet_area_proportional,17,imagenet,area_proportional,851,0.9297045715484994,0.35281214354654733
seed17_imagenet_area_proportional,17,imagenet,area_proportional,855,0.8588861637853682,0.264411128036559
seed17_imagenet_area_proportional,17,imagenet,area_proportional,858,0.9182418074040934,0.3377760853008378
seed17_imagenet_area_proportional,17,imagenet,area_proportional,860,0.8881939455408584,0.3137383791905343
seed17_imagenet_area_proportional,17,imagenet,area_proportional,862,0.9109881949245858,0.37976199984026837
seed17_imagenet_area_proportional,17,imagenet,area_proportional,864,0.8789275611234593,0.35377482285014433
seed17_imagenet_area_proportional,17,imagenet,area_proportional,866,0.8660127308775958,0.32787767020132164
seed17_imagenet_area_proportional,17,imagenet,area_proportional,968,0.8986314569187456,0.3319316453431153
seed17_imagenet_area_proportional,17,imagenet,area_proportional,969,0.9132210040698369,0.3296712109061748
seed17_imagenet_area_proportional,17,imagenet,area_proportional,970,0.8926240745818481,0.2757663032297881
seed17_imagenet_area_proportional,17,imagenet,area_proportional,972,0.8739497414008575,0.26428646878631035
seed17_imagenet_area_proportional,17,imagenet,area_proportional,975,0.9302483354895712,0.30101188721878375
seed17_imagenet_area_proportional,17,imagenet,area_proportional,976,0.9290065674125583,0.40818318984645424
seed17_imagenet_area_proportional,17,imagenet,area_proportional,978,0.9220573689416419,0.2806926854484363
seed17_imagenet_area_proportional,17,imagenet,area_proportional,979,0.8729801209021157,0.3217948717948718
seed17_imagenet_area_proportional,17,imagenet,area_proportional,981,0.9615901886067437,0.4843373493975904
seed17_imagenet_area_proportional,17,imagenet,area_proportional,982,0.9522726979165321,0.4652476545949763
seed17_imagenet_area_proportional,17,imagenet,area_proportional,983,0.9733705679948137,0.5413655802978912
seed17_imagenet_area_proportional,17,imagenet,area_proportional,984,0.9606306070899747,0.4028957528957529
seed17_imagenet_area_proportional,17,imagenet,area_proportional,985,0.9053410087301285,0.36215552828294095
seed17_imagenet_area_proportional,17,imagenet,area_proportional,986,0.8754595725601554,0.3318851690944714
seed17_imagenet_area_proportional,17,imagenet,area_proportional,1074,0.8047934192041435,0.29671407552721923
seed17_imagenet_area_proportional,17,imagenet,area_proportional,1075,0.7949590568557988,0.3337319620505461
seed17_imagenet_area_proportional,17,imagenet,area_proportional,1076,0.7929096000422676,0.3045277972361969
seed17_imagenet_area_proportional,17,imagenet,area_proportional,1078,0.7313323858821075,0.2676802057333031
seed17_imagenet_area_proportional,17,imagenet,area_proportional,1079,0.8886535598630999,0.2939848886272201
seed17_imagenet_area_proportional,17,imagenet,area_proportional,1080,0.7494683533203254,0.294104359611475
seed17_imagenet_area_proportional,17,imagenet,area_proportional,1081,0.8492817511590788,0.2879799666110184
seed17_imagenet_area_proportional,17,imagenet,area_proportional,1083,0.7725300136209573,0.31282532639303695
seed17_imagenet_area_proportional,17,imagenet,area_proportional,1085,0.8434794395215263,0.3381912942766142
seed17_imagenet_area_proportional,17,imagenet,area_proportional,1087,0.7472377476687884,0.18800840873777533
seed17_imagenet_area_proportional,17,imagenet,area_proportional,1089,0.584560281250826,0.23367823459390166
seed17_imagenet_area_proportional,17,imagenet,area_proportional,1091,0.8401069604858326,0.2922893653887806
seed17_imagenet_area_proportional,17,imagenet,area_proportional,1096,0.8737590754185806,0.27701181767023075
seed17_imagenet_area_proportional,17,imagenet,area_proportional,1108,0.7525306445235271,0.237183446571958
seed17_imagenet_area_proportional,17,imagenet,area_proportional,1114,0.7978365328814504,0.23574801335943799
seed17_imagenet_area_proportional,17,imagenet,area_proportional,1243,0.8980139693271358,0.2904007879384802
seed17_imagenet_area_proportional,17,imagenet,area_proportional,1245,0.9118438263530689,0.29803254797182416
seed17_imagenet_area_proportional,17,imagenet,area_proportional,1247,0.8929233395116878,0.31011650322688794
seed17_imagenet_area_proportional,17,imagenet,area_proportional,1252,0.6482269243463273,0.35529355532542023
seed17_imagenet_area_proportional,17,imagenet,area_proportional,1253,0.6629554071479435,0.3593557555660824
seed17_imagenet_area_proportional,17,imagenet,area_proportional,1261,0.8871715610510046,0.344391785150079
seed17_imagenet_area_proportional,17,imagenet,area_proportional,1262,0.8502044601188757,0.27296392711045
seed17_imagenet_area_proportional,17,imagenet,area_proportional,1263,0.8795022734075457,0.4275606835746163
seed17_imagenet_area_proportional,17,imagenet,area_proportional,1324,0.8551744106826543,0.23534216736249772
seed17_imagenet_area_proportional,17,imagenet,area_proportional,1326,0.7865056071119556,0.2506938020351526
seed17_imagenet_area_proportional,17,imagenet,area_proportional,1714,0.7746661364190325,0.22474801629852026
seed17_imagenet_area_proportional,17,imagenet,area_proportional,1715,0.828457079768148,0.2656838480576778
seed17_imagenet_area_proportional,17,imagenet,area_proportional,1716,0.8537129537129537,0.21651062297443285
seed17_imagenet_area_proportional,17,imagenet,area_proportional,1717,0.7664390020861315,0.2303866516926039
seed17_imagenet_area_proportional,17,imagenet,area_proportional,1718,0.7501867498879501,0.2362305269430493
seed17_imagenet_area_proportional,17,imagenet,area_proportional,1719,0.7155192773218397,0.2122057936028968
seed17_imagenet_area_proportional,17,imagenet,area_proportional,1720,0.6584560808205444,0.18881578947368421
seed17_imagenet_area_proportional,17,imagenet,area_proportional,1776,0.6159398775282984,0.24399482631189948
seed17_imagenet_area_proportional,17,imagenet,area_proportional,1830,0.8622247740775875,0.2951770451770452
seed17_imagenet_area_proportional,17,imagenet,area_proportional,1831,0.7733198164827595,0.2745647558386412
seed17_imagenet_area_proportional,17,imagenet,area_proportional,1832,0.9286593463544197,0.40373311333402084
seed17_imagenet_area_proportional,17,imagenet,area_proportional,1833,0.6487075225094394,0.15128119055611502
seed17_imagenet_area_proportional,17,imagenet,area_proportional,1834,0.7989307888815578,0.3581579560456628
seed17_imagenet_area_proportional,17,imagenet,area_proportional,1835,0.8804563492063492,0.2902463054187192
seed17_imagenet_area_proportional,17,imagenet,area_proportional,1836,0.9337637687977548,0.33490011750881316
seed17_imagenet_area_proportional,17,imagenet,area_proportional,1837,0.7879552103298698,0.22929889837309403
seed17_imagenet_area_proportional,17,imagenet,area_proportional,1838,0.8272511379378586,0.3768948460188288
seed17_imagenet_area_proportional,17,imagenet,area_proportional,1839,0.8630684340711613,0.30340897730680794
seed17_imagenet_area_proportional,17,imagenet,area_proportional,1840,0.8191491105828347,0.22115810942626585
seed17_imagenet_area_proportional,17,imagenet,area_proportional,1841,0.8480851155850615,0.26527311185765834
seed17_imagenet_area_proportional,17,imagenet,area_proportional,1842,0.8648684273594401,0.29066985645933013
seed17_imagenet_area_proportional,17,imagenet,area_proportional,1843,0.911577587598902,0.35829235583370583
seed17_imagenet_area_proportional,17,imagenet,area_proportional,1844,0.9236708387408988,0.3654228475302034
seed17_imagenet_area_proportional,17,imagenet,area_proportional,1845,0.8949751078659144,0.347347104090725
seed17_imagenet_area_proportional,17,imagenet,area_proportional,1846,0.8918117307905533,0.3563755254553947
seed17_imagenet_area_proportional,17,imagenet,area_proportional,1847,0.8796738875561407,0.4298295133792481
seed17_imagenet_area_proportional,17,imagenet,area_proportional,1848,0.9168262134077723,0.34703824043989
seed17_imagenet_area_proportional,17,imagenet,area_proportional,1849,0.8522628530050688,0.3151758231508255
seed17_imagenet_area_proportional,17,imagenet,area_proportional,1850,0.8593644113136213,0.34110209473485564
seed17_imagenet_area_proportional,17,imagenet,area_proportional,1851,0.8368363891905705,0.3513387006178618
seed17_imagenet_area_proportional,17,imagenet,area_proportional,1852,0.7655322467048999,0.3177903177903178
seed17_imagenet_area_proportional,17,imagenet,area_proportional,1855,0.7272476558190843,0.20974599367709582
seed17_imagenet_area_proportional,17,imagenet,area_proportional,1856,0.8753083519323388,0.22710566615620215
seed17_imagenet_area_proportional,17,imagenet,area_proportional,1858,0.8773696757990286,0.3344404186795491
seed17_imagenet_area_proportional,17,imagenet,area_proportional,1872,0.8396136272823613,0.3201935767707875
seed17_imagenet_area_proportional,17,imagenet,area_proportional,1873,0.8094671241509698,0.3379062551037073
seed17_imagenet_area_proportional,17,imagenet,area_proportional,1874,0.6959522111269615,0.25891121192482175
seed17_imagenet_area_proportional,17,imagenet,area_proportional,1875,0.7808274322519259,0.2881322574296398
seed17_imagenet_area_proportional,17,imagenet,area_proportional,1876,0.9175944515422523,0.45348837209302323
seed17_imagenet_area_proportional,17,imagenet,area_proportional,1877,0.6427521273594012,0.21523258616534105
seed17_imagenet_area_proportional,17,imagenet,area_proportional,1890,0.6635247281296196,0.1879341588643914
seed17_imagenet_area_proportional,17,imagenet,area_proportional,1894,0.4084207657719035,0.17438740833482383
seed17_imagenet_area_proportional,17,imagenet,area_proportional,1896,0.5173206079886886,0.18050801657359034
seed17_imagenet_equal_per_image,17,imagenet,equal_per_image,26,0.9594268902814022,0.409483887870055
seed17_imagenet_equal_per_image,17,imagenet,equal_per_image,27,0.9540487460972907,0.3879482978336064
seed17_imagenet_equal_per_image,17,imagenet,equal_per_image,28,0.9283235610865143,0.3260416666666667
seed17_imagenet_equal_per_image,17,imagenet,equal_per_image,29,0.7552487257242403,0.20043437790878063
seed17_imagenet_equal_per_image,17,imagenet,equal_per_image,30,0.8599825885084156,0.25888009927097877
seed17_imagenet_equal_per_image,17,imagenet,equal_per_image,31,0.7848870505886096,0.28616489014574725
seed17_imagenet_equal_per_image,17,imagenet,equal_per_image,32,0.9598875933907075,0.4300469483568075
seed17_imagenet_equal_per_image,17,imagenet,equal_per_image,33,0.9566549305536304,0.39496729852566237
seed17_imagenet_equal_per_image,17,imagenet,equal_per_image,34,0.7531106187148457,0.18157337949605692
seed17_imagenet_equal_per_image,17,imagenet,equal_per_image,39,0.0,
seed17_imagenet_equal_per_image,17,imagenet,equal_per_image,56,0.7373555370993398,0.2885866351271437
seed17_imagenet_equal_per_image,17,imagenet,equal_per_image,64,0.7757269495953064,0.10466122650840752
seed17_imagenet_equal_per_image,17,imagenet,equal_per_image,65,0.7857669243551767,0.12139407388069443
seed17_imagenet_equal_per_image,17,imagenet,equal_per_image,66,0.8718632099961926,0.25461667599328486
seed17_imagenet_equal_per_image,17,imagenet,equal_per_image,67,0.31680999774535384,0.07663618864292589
seed17_imagenet_equal_per_image,17,imagenet,equal_per_image,68,0.7138933142888535,0.32017815167635777
seed17_imagenet_equal_per_image,17,imagenet,equal_per_image,69,0.5973990589665399,0.21837858730312107
seed17_imagenet_equal_per_image,17,imagenet,equal_per_image,70,0.6825262444971216,0.1659064484393167
seed17_imagenet_equal_per_image,17,imagenet,equal_per_image,71,0.7075841519623819,0.2114142412037389
seed17_imagenet_equal_per_image,17,imagenet,equal_per_image,73,0.7935737110937775,0.23022709475332812
seed17_imagenet_equal_per_image,17,imagenet,equal_per_image,74,0.16904603806994245,0.018349524089883232
seed17_imagenet_equal_per_image,17,imagenet,equal_per_image,76,0.8735931723048358,0.2556801416347005
seed17_imagenet_equal_per_image,17,imagenet,equal_per_image,79,0.8361675736235595,0.2083102493074792
seed17_imagenet_equal_per_image,17,imagenet,equal_per_image,83,0.64906190831373,0.19838614445975203
seed17_imagenet_equal_per_image,17,imagenet,equal_per_image,86,0.8873731571893547,0.30544052548907613
seed17_imagenet_equal_per_image,17,imagenet,equal_per_image,88,0.509592295179323,0.10959930096117838
seed17_imagenet_equal_per_image,17,imagenet,equal_per_image,89,0.8932579185520362,0.32434357826175453
seed17_imagenet_equal_per_image,17,imagenet,equal_per_image,90,0.904055707161005,0.337279453614115
seed17_imagenet_equal_per_image,17,imagenet,equal_per_image,91,0.9543759408786096,0.41873449131513646
seed17_imagenet_equal_per_image,17,imagenet,equal_per_image,92,0.9511659316876312,0.42427827733080925
seed17_imagenet_equal_per_image,17,imagenet,equal_per_image,93,0.9104501989665618,0.3198862439435433
seed17_imagenet_equal_per_image,17,imagenet,equal_per_image,94,0.8308667522330199,0.28515766582094965
seed17_imagenet_equal_per_image,17,imagenet,equal_per_image,95,0.9232693911592994,0.269364527347455
seed17_imagenet_equal_per_image,17,imagenet,equal_per_image,96,0.9290364497010037,0.23141236189907435
seed17_imagenet_equal_per_image,17,imagenet,equal_per_image,102,0.87285263920967,0.4141572563780845
seed17_imagenet_equal_per_image,17,imagenet,equal_per_image,104,0.8313164757244572,0.2651453207463019
seed17_imagenet_equal_per_image,17,imagenet,equal_per_image,105,0.8922193019986553,0.27957822918281905
seed17_imagenet_equal_per_image,17,imagenet,equal_per_image,106,0.9313222500688877,0.36730466484381474
seed17_imagenet_equal_per_image,17,imagenet,equal_per_image,107,0.914626160424237,0.2837641357027464
seed17_imagenet_equal_per_image,17,imagenet,equal_per_image,108,0.9273255813953488,0.4559660972056681
seed17_imagenet_equal_per_image,17,imagenet,equal_per_image,109,0.7893406894228137,0.23354632587859425
seed17_imagenet_equal_per_image,17,imagenet,equal_per_image,112,0.8917777439899989,0.3951779563719862
seed17_imagenet_equal_per_image,17,imagenet,equal_per_image,115,0.8740923594059796,0.3768439440993789
seed17_imagenet_equal_per_image,17,imagenet,equal_per_image,116,0.8562531206475179,0.26503250270855905
seed17_imagenet_equal_per_image,17,imagenet,equal_per_image,117,0.8348078656561947,0.3432601880877743
seed17_imagenet_equal_per_image,17,imagenet,equal_per_image,118,0.9155766416884672,0.34448160535117056
seed17_imagenet_equal_per_image,17,imagenet,equal_per_image,119,0.9256675700893056,0.3931118455383545
seed17_imagenet_equal_per_image,17,imagenet,equal_per_image,122,0.6665084110710482,0.21567571207326106
seed17_imagenet_equal_per_image,17,imagenet,equal_per_image,123,0.8412751553026075,0.3242220353238015
seed17_imagenet_equal_per_image,17,imagenet,equal_per_image,125,0.821721736963774,0.31402657331529954
seed17_imagenet_equal_per_image,17,imagenet,equal_per_image,126,0.8687874224001764,0.2835831203812418
seed17_imagenet_equal_per_image,17,imagenet,equal_per_image,127,0.9148911353032659,0.4072314049586777
seed17_imagenet_equal_per_image,17,imagenet,equal_per_image,128,0.9138979878334114,0.3433975991269553
seed17_imagenet_equal_per_image,17,imagenet,equal_per_image,132,0.6782855572854657,0.19539698678251224
seed17_imagenet_equal_per_image,17,imagenet,equal_per_image,134,0.9634001256533304,0.45487583282858873
seed17_imagenet_equal_per_image,17,imagenet,equal_per_image,136,0.9552755388171248,0.4180038693524525
seed17_imagenet_equal_per_image,17,imagenet,equal_per_image,137,0.8388158808657239,0.26271532369989387
seed17_imagenet_equal_per_image,17,imagenet,equal_per_image,138,0.8505409500518355,0.31896300611709877
seed17_imagenet_equal_per_image,17,imagenet,equal_per_image,139,0.8900834953677228,0.3643078899475431
seed17_imagenet_equal_per_image,17,imagenet,equal_per_image,142,0.795905262897928,0.29330254041570436
seed17_imagenet_equal_per_image,17,imagenet,equal_per_image,147,0.9632384229708979,0.36730323041227914
seed17_imagenet_equal_per_image,17,imagenet,equal_per_image,148,0.9513063837206406,0.32499726984820354
seed17_imagenet_equal_per_image,17,imagenet,equal_per_image,149,0.9303571220642517,0.25981209939415223
seed17_imagenet_equal_per_image,17,imagenet,equal_per_image,150,0.9363096166664303,0.3878499735868991
seed17_imagenet_equal_per_image,17,imagenet,equal_per_image,152,0.8956245167126246,0.3588076887361872
seed17_imagenet_equal_per_image,17,imagenet,equal_per_image,154,0.9471863305796795,0.4629107981220657
seed17_imagenet_equal_per_image,17,imagenet,equal_per_image,155,0.8181664385352425,0.2980243799915931
seed17_imagenet_equal_per_image,17,imagenet,equal_per_image,156,0.8318879949848501,0.32008434370057987
seed17_imagenet_equal_per_image,17,imagenet,equal_per_image,158,0.8481256007689842,0.35235658762176525
seed17_imagenet_equal_per_image,17,imagenet,equal_per_image,159,0.8513636230483054,0.38768971332209107
seed17_imagenet_equal_per_image,17,imagenet,equal_per_image,160,0.917932228543161,0.260592490527041
seed17_imagenet_equal_per_image,17,imagenet,equal_per_image,161,0.921470329142308,0.3038523598225091
seed17_imagenet_equal_per_image,17,imagenet,equal_per_image,162,0.9372798315584889,0.3350780847777587
seed17_imagenet_equal_per_image,17,imagenet,equal_per_image,164,0.9244272127280484,0.35210824417872877
seed17_imagenet_equal_per_image,17,imagenet,equal_per_image,166,0.8947755014824114,0.3069732814955745
seed17_imagenet_equal_per_image,17,imagenet,equal_per_image,173,0.6192503709438101,0.33527969169683525
seed17_imagenet_equal_per_image,17,imagenet,equal_per_image,188,0.752677100494234,0.2898085876875323
seed17_imagenet_equal_per_image,17,imagenet,equal_per_image,189,0.8020492488475961,0.28774703557312253
seed17_imagenet_equal_per_image,17,imagenet,equal_per_image,190,0.8585298668616416,0.2852769823244791
seed17_imagenet_equal_per_image,17,imagenet,equal_per_image,193,0.6959731173910648,0.2702669149596524
seed17_imagenet_equal_per_image,17,imagenet,equal_per_image,200,0.6510696859752283,0.16500597847748108
seed17_imagenet_equal_per_image,17,imagenet,equal_per_image,201,0.7594184684813344,0.2707945787935158
seed17_imagenet_equal_per_image,17,imagenet,equal_per_image,202,0.7641220682785475,0.28274899703471135
seed17_imagenet_equal_per_image,17,imagenet,equal_per_image,203,0.7629535292570495,0.2547612660944206
seed17_imagenet_equal_per_image,17,imagenet,equal_per_image,204,0.8935294809142358,0.31004702864471995
seed17_imagenet_equal_per_image,17,imagenet,equal_per_image,205,0.7316145646185171,0.2767018355253649
seed17_imagenet_equal_per_image,17,imagenet,equal_per_image,206,0.7702978485014206,0.25998536942209216
seed17_imagenet_equal_per_image,17,imagenet,equal_per_image,207,0.7596481599168062,0.2674214190281977
seed17_imagenet_equal_per_image,17,imagenet,equal_per_image,208,0.8029120004759143,0.28510900020501606
seed17_imagenet_equal_per_image,17,imagenet,equal_per_image,209,0.8727974828375286,0.43380528390016054
seed17_imagenet_equal_per_image,17,imagenet,equal_per_image,210,0.8458771883429418,0.3176710025661446
seed17_imagenet_equal_per_image,17,imagenet,equal_per_image,211,0.641840597179048,0.15321217244294166
seed17_imagenet_equal_per_image,17,imagenet,equal_per_image,213,0.8378329543914596,0.3300275482093664
seed17_imagenet_equal_per_image,17,imagenet,equal_per_image,214,0.829787751626832,0.24118942731277532
seed17_imagenet_equal_per_image,17,imagenet,equal_per_image,215,0.8384788454151347,0.286722257857601
seed17_imagenet_equal_per_image,17,imagenet,equal_per_image,218,0.7533049775836304,0.2342277755018435
seed17_imagenet_equal_per_image,17,imagenet,equal_per_image,219,0.9617104261796042,0.4857213195470212
seed17_imagenet_equal_per_image,17,imagenet,equal_per_image,577,0.8105837883242335,0.2380874806548831
seed17_imagenet_equal_per_image,17,imagenet,equal_per_image,611,0.9631036125669123,0.39257142857142857
seed17_imagenet_equal_per_image,17,imagenet,equal_per_image,613,0.9055450419520691,0.3227842312265618
seed17_imagenet_equal_per_image,17,imagenet,equal_per_image,614,0.8718547557483248,0.4133309183119
seed17_imagenet_equal_per_image,17,imagenet,equal_per_image,615,0.8632452910352642,0.22582127268550425
seed17_imagenet_equal_per_image,17,imagenet,equal_per_image,616,0.9099821938085941,0.1798065650644783
seed17_imagenet_equal_per_image,17,imagenet,equal_per_image,617,0.8115975825414408,0.210880195599022
seed17_imagenet_equal_per_image,17,imagenet,equal_per_image,618,0.8882860485522083,0.20359449592811008
seed17_imagenet_equal_per_image,17,imagenet,equal_per_image,619,0.8881400758372368,0.36409414340448826
seed17_imagenet_equal_per_image,17,imagenet,equal_per_image,647,0.9248764158654782,0.3722627737226277
seed17_imagenet_equal_per_image,17,imagenet,equal_per_image,651,0.8449532033347062,0.2491415875580691
seed17_imagenet_equal_per_image,17,imagenet,equal_per_image,653,0.8218003202759301,0.30652347766480065
seed17_imagenet_equal_per_image,17,imagenet,equal_per_image,663,0.7509475486000734,0.3474341192787795
seed17_imagenet_equal_per_image,17,imagenet,equal_per_image,664,0.8277081431061675,0.28030903328050716
seed17_imagenet_equal_per_image,17,imagenet,equal_per_image,665,0.821804932735426,0.31592975854499844
seed17_imagenet_equal_per_image,17,imagenet,equal_per_image,666,0.8797800197418181,0.3433678269049859
seed17_imagenet_equal_per_image,17,imagenet,equal_per_image,667,0.8069794291815123,0.26387091863916584
seed17_imagenet_equal_per_image,17,imagenet,equal_per_image,668,0.8097100639473521,0.4354546720512463
seed17_imagenet_equal_per_image,17,imagenet,equal_per_image,669,0.8534308956844168,0.2958169825498873
seed17_imagenet_equal_per_image,17,imagenet,equal_per_image,674,0.6993678356897411,0.2372650308509112
seed17_imagenet_equal_per_image,17,imagenet,equal_per_image,704,0.8170620771860851,0.2762887919979482
seed17_imagenet_equal_per_image,17,imagenet,equal_per_image,705,0.8150595005307559,0.2837710331813178
seed17_imagenet_equal_per_image,17,imagenet,equal_per_image,706,0.8499721827285652,0.3179707452983515
seed17_imagenet_equal_per_image,17,imagenet,equal_per_image,707,0.7857315598548972,0.25538551515742275
seed17_imagenet_equal_per_image,17,imagenet,equal_per_image,708,0.8214983593260332,0.251570069980262
seed17_imagenet_equal_per_image,17,imagenet,equal_per_image,709,0.8275279160019999,0.2712846513465464
seed17_imagenet_equal_per_image,17,imagenet,equal_per_image,710,0.8342430832601213,0.35115527166627236
seed17_imagenet_equal_per_image,17,imagenet,equal_per_image,711,0.8623504688005172,0.33621316842488175
seed17_imagenet_equal_per_image,17,imagenet,equal_per_image,712,0.763442521631644,0.25536838208071083
seed17_imagenet_equal_per_image,17,imagenet,equal_per_image,713,0.7222597648330855,0.21829599775049208
seed17_imagenet_equal_per_image,17,imagenet,equal_per_image,714,0.8588849652860905,0.30609345794392523
seed17_imagenet_equal_per_image,17,imagenet,equal_per_image,716,0.9388239234182691,0.34863980364082636
seed17_imagenet_equal_per_image,17,imagenet,equal_per_image,723,0.7335625098782994,0.3085328772329913
seed17_imagenet_equal_per_image,17,imagenet,equal_per_image,724,0.47786230505895777,0.1715178424601217
seed17_imagenet_equal_per_image,17,imagenet,equal_per_image,725,0.8253499774208115,0.34101382488479265
seed17_imagenet_equal_per_image,17,imagenet,equal_per_image,728,0.7755797784057776,0.2694846873280763
seed17_imagenet_equal_per_image,17,imagenet,equal_per_image,729,0.7800933552992861,0.2541305340027385
seed17_imagenet_equal_per_image,17,imagenet,equal_per_image,730,0.8111675126903554,0.2736920653345494
seed17_imagenet_equal_per_image,17,imagenet,equal_per_image,731,0.8381007323365863,0.3138403843900152
seed17_imagenet_equal_per_image,17,imagenet,equal_per_image,732,0.888690225183436,0.3836484983314794
seed17_imagenet_equal_per_image,17,imagenet,equal_per_image,733,0.8520701772255042,0.2557966152240364
seed17_imagenet_equal_per_image,17,imagenet,equal_per_image,734,0.9084514636981295,0.350225061710469
seed17_imagenet_equal_per_image,17,imagenet,equal_per_image,735,0.9200112383226804,0.40862538006080973
seed17_imagenet_equal_per_image,17,imagenet,equal_per_image,736,0.9270913161730454,0.42295825771324863
seed17_imagenet_equal_per_image,17,imagenet,equal_per_image,737,0.9293013174192095,0.4359260291794443
seed17_imagenet_equal_per_image,17,imagenet,equal_per_image,745,0.874529599543225,0.32921338394985433
seed17_imagenet_equal_per_image,17,imagenet,equal_per_image,746,0.7540734067504388,0.22833685579580557
seed17_imagenet_equal_per_image,17,imagenet,equal_per_image,747,0.809140140007925,0.32365023474178406
seed17_imagenet_equal_per_image,17,imagenet,equal_per_image,748,0.9358251436550131,0.3155764705882353
seed17_imagenet_equal_per_image,17,imagenet,equal_per_image,749,0.8871780364263391,0.3570923865041512
seed17_imagenet_equal_per_image,17,imagenet,equal_per_image,750,0.9302438736693108,0.31542477456098716
seed17_imagenet_equal_per_image,17,imagenet,equal_per_image,751,0.9345468082102101,0.3111091944109022
seed17_imagenet_equal_per_image,17,imagenet,equal_per_image,752,0.8615041849822364,0.32254138266796495
seed17_imagenet_equal_per_image,17,imagenet,equal_per_image,753,0.8807579423069838,0.33683956961618755
seed17_imagenet_equal_per_image,17,imagenet,equal_per_image,754,0.9343117713216708,0.35226801559001575
seed17_imagenet_equal_per_image,17,imagenet,equal_per_image,755,0.9150629878661412,0.32477016925852736
seed17_imagenet_equal_per_image,17,imagenet,equal_per_image,757,0.8539751079502159,0.35398946942081816
seed17_imagenet_equal_per_image,17,imagenet,equal_per_image,762,0.8931029828586854,0.2974022096148104
seed17_imagenet_equal_per_image,17,imagenet,equal_per_image,763,0.6808330135132405,0.24196464443551627
seed17_imagenet_equal_per_image,17,imagenet,equal_per_image,764,0.5628791630555899,0.177438482063445
seed17_imagenet_equal_per_image,17,imagenet,equal_per_image,765,0.6813050524980622,0.15004700267553692
seed17_imagenet_equal_per_image,17,imagenet,equal_per_image,766,0.8984147687368316,0.34906462585034015
seed17_imagenet_equal_per_image,17,imagenet,equal_per_image,767,0.9189687773832035,0.4728982300884956
seed17_imagenet_equal_per_image,17,imagenet,equal_per_image,769,0.8757930250467564,0.3222143988734378
seed17_imagenet_equal_per_image,17,imagenet,equal_per_image,770,0.9210630917106309,0.4250179138089876
seed17_imagenet_equal_per_image,17,imagenet,equal_per_image,771,0.8520683234841739,0.35224586288416077
seed17_imagenet_equal_per_image,17,imagenet,equal_per_image,772,0.8643446039833256,0.37551248602310844
seed17_imagenet_equal_per_image,17,imagenet,equal_per_image,773,0.8433396172157076,0.35993780772220785
seed17_imagenet_equal_per_image,17,imagenet,equal_per_image,775,0.8472453383734379,0.3619750188615978
seed17_imagenet_equal_per_image,17,imagenet,equal_per_image,776,0.8207355231587367,0.29013694638694637
seed17_imagenet_equal_per_image,17,imagenet,equal_per_image,777,0.8382334925885091,0.3054257095158598
seed17_imagenet_equal_per_image,17,imagenet,equal_per_image,778,0.9184223748115894,0.3532402899491507
seed17_imagenet_equal_per_image,17,imagenet,equal_per_image,779,0.7834149706795447,0.27216244885588725
seed17_imagenet_equal_per_image,17,imagenet,equal_per_image,782,0.7875177919425707,0.32879777996598336
seed17_imagenet_equal_per_image,17,imagenet,equal_per_image,791,0.9311429988540936,0.33653384541526643
seed17_imagenet_equal_per_image,17,imagenet,equal_per_image,792,0.8687001006604983,0.32002090176171993
seed17_imagenet_equal_per_image,17,imagenet,equal_per_image,794,0.952808852324646,0.45714285714285713
seed17_imagenet_equal_per_image,17,imagenet,equal_per_image,795,0.8154087548534652,0.3065728017328911
seed17_imagenet_equal_per_image,17,imagenet,equal_per_image,797,0.7848603588988444,0.26
seed17_imagenet_equal_per_image,17,imagenet,equal_per_image,798,0.8851758674704514,0.3010825858335911
seed17_imagenet_equal_per_image,17,imagenet,equal_per_image,800,0.8078958183499435,0.28573214955608356
seed17_imagenet_equal_per_image,17,imagenet,equal_per_image,801,0.7936648542977579,0.30014454553184255
seed17_imagenet_equal_per_image,17,imagenet,equal_per_image,802,0.7892387862467899,0.2657905323856779
seed17_imagenet_equal_per_image,17,imagenet,equal_per_image,803,0.8368767891221374,0.32299581330438826
seed17_imagenet_equal_per_image,17,imagenet,equal_per_image,804,0.6846340502312462,0.19712998847805593
seed17_imagenet_equal_per_image,17,imagenet,equal_per_image,805,0.8357618138130738,0.3295784263526199
seed17_imagenet_equal_per_image,17,imagenet,equal_per_image,807,0.7192374350086655,0.2546556473829201
seed17_imagenet_equal_per_image,17,imagenet,equal_per_image,809,0.7349434658872395,0.25213849287169043
seed17_imagenet_equal_per_image,17,imagenet,equal_per_image,810,0.7626318245450303,0.3935457404621906
seed17_imagenet_equal_per_image,17,imagenet,equal_per_image,812,0.8897955677718605,0.3882578022240823
seed17_imagenet_equal_per_image,17,imagenet,equal_per_image,813,0.8764675517200302,0.32854950807834643
seed17_imagenet_equal_per_image,17,imagenet,equal_per_image,814,0.8289567611666326,0.32207496080946274
seed17_imagenet_equal_per_image,17,imagenet,equal_per_image,815,0.834844681942083,0.2675480769230769
seed17_imagenet_equal_per_image,17,imagenet,equal_per_image,816,0.864340783428082,0.3333333333333333
seed17_imagenet_equal_per_image,17,imagenet,equal_per_image,817,0.8762267719242948,0.32900313248571955
seed17_imagenet_equal_per_image,17,imagenet,equal_per_image,818,0.9055502453323138,0.3705299439896596
seed17_imagenet_equal_per_image,17,imagenet,equal_per_image,819,0.8976880733944954,0.37972705490155223
seed17_imagenet_equal_per_image,17,imagenet,equal_per_image,820,0.8432131550914465,0.3411920800163299
seed17_imagenet_equal_per_image,17,imagenet,equal_per_image,823,0.8803942542787286,0.3585381811384242
seed17_imagenet_equal_per_image,17,imagenet,equal_per_image,824,0.8752064254616424,0.3451532982347476
seed17_imagenet_equal_per_image,17,imagenet,equal_per_image,825,0.8391608391608392,0.27481017716797657
seed17_imagenet_equal_per_image,17,imagenet,equal_per_image,826,0.8874359449280731,0.36987570447000695
seed17_imagenet_equal_per_image,17,imagenet,equal_per_image,828,0.8708899605436212,0.3972026693482037
seed17_imagenet_equal_per_image,17,imagenet,equal_per_image,851,0.8993256034074775,0.3337962584756147
seed17_imagenet_equal_per_image,17,imagenet,equal_per_image,855,0.8482296583469003,0.27267699115044247
seed17_imagenet_equal_per_image,17,imagenet,equal_per_image,858,0.9497923621854898,0.4400634249471459
seed17_imagenet_equal_per_image,17,imagenet,equal_per_image,860,0.9136379442242158,0.3307036051738373
seed17_imagenet_equal_per_image,17,imagenet,equal_per_image,862,0.9272986367706219,0.40738049095607237
seed17_imagenet_equal_per_image,17,imagenet,equal_per_image,864,0.9024333691301376,0.3917907161102792
seed17_imagenet_equal_per_image,17,imagenet,equal_per_image,866,0.889844935664797,0.34623347666825927
seed17_imagenet_equal_per_image,17,imagenet,equal_per_image,968,0.899494490091111,0.3240188662454392
seed17_imagenet_equal_per_image,17,imagenet,equal_per_image,969,0.905444310207439,0.31303630363036306
seed17_imagenet_equal_per_image,17,imagenet,equal_per_image,970,0.8776986144427339,0.2622783778275932
seed17_imagenet_equal_per_image,17,imagenet,equal_per_image,972,0.8883152739169078,0.24932774013122513
seed17_imagenet_equal_per_image,17,imagenet,equal_per_image,975,0.9318830409356725,0.31590243902439025
seed17_imagenet_equal_per_image,17,imagenet,equal_per_image,976,0.928555703949396,0.43622357577929055
seed17_imagenet_equal_per_image,17,imagenet,equal_per_image,978,0.9203893256622586,0.2932856020256701
seed17_imagenet_equal_per_image,17,imagenet,equal_per_image,979,0.8826924496272788,0.318269062990752
seed17_imagenet_equal_per_image,17,imagenet,equal_per_image,981,0.9634564749062475,0.46731843575418996
seed17_imagenet_equal_per_image,17,imagenet,equal_per_image,982,0.9624621093341695,0.4449316744850092
seed17_imagenet_equal_per_image,17,imagenet,equal_per_image,983,0.9640187069788888,0.5127913587265491
seed17_imagenet_equal_per_image,17,imagenet,equal_per_image,984,0.9426944645552379,0.37846763540290623
seed17_imagenet_equal_per_image,17,imagenet,equal_per_image,985,0.8778225806451613,0.36341359471553375
seed17_imagenet_equal_per_image,17,imagenet,equal_per_image,986,0.8557036262811021,0.32358333333333333
seed17_imagenet_equal_per_image,17,imagenet,equal_per_image,1074,0.8146943224229614,0.3092062307620558
seed17_imagenet_equal_per_image,17,imagenet,equal_per_image,1075,0.9240248063445223,0.44759693921416904
seed17_imagenet_equal_per_image,17,imagenet,equal_per_image,1076,0.7763643988258082,0.26281171356668953
seed17_imagenet_equal_per_image,17,imagenet,equal_per_image,1078,0.7633802458453159,0.30346153846153845
seed17_imagenet_equal_per_image,17,imagenet,equal_per_image,1079,0.8888567470044609,0.3314178143267611
seed17_imagenet_equal_per_image,17,imagenet,equal_per_image,1080,0.7473909610996355,0.30344354715831173
seed17_imagenet_equal_per_image,17,imagenet,equal_per_image,1081,0.8443071358601462,0.278739133967016
seed17_imagenet_equal_per_image,17,imagenet,equal_per_image,1083,0.732054349015745,0.2685045948203843
seed17_imagenet_equal_per_image,17,imagenet,equal_per_image,1085,0.7378435162618707,0.28649372040354126
seed17_imagenet_equal_per_image,17,imagenet,equal_per_image,1087,0.8673681872449122,0.2646517485227163
seed17_imagenet_equal_per_image,17,imagenet,equal_per_image,1089,0.7550447264406075,0.2399260343632021
seed17_imagenet_equal_per_image,17,imagenet,equal_per_image,1091,0.9040463212945511,0.30703569580962237
seed17_imagenet_equal_per_image,17,imagenet,equal_per_image,1096,0.8738408559832739,0.25468509984639015
seed17_imagenet_equal_per_image,17,imagenet,equal_per_image,1108,0.7762587328354613,0.23106915657705726
seed17_imagenet_equal_per_image,17,imagenet,equal_per_image,1114,0.7969519668832821,0.16406579502319696
seed17_imagenet_equal_per_image,17,imagenet,equal_per_image,1243,0.9027409590274096,0.33842529259765924
seed17_imagenet_equal_per_image,17,imagenet,equal_per_image,1245,0.89260190009194,0.31786158309158724
seed17_imagenet_equal_per_image,17,imagenet,equal_per_image,1247,0.8670454545454546,0.30828516377649323
seed17_imagenet_equal_per_image,17,imagenet,equal_per_image,1252,0.6384330575490241,0.38850707957274155
seed17_imagenet_equal_per_image,17,imagenet,equal_per_image,1253,0.6437851056512934,0.3448981490093945
seed17_imagenet_equal_per_image,17,imagenet,equal_per_image,1261,0.8541397386184116,0.3887319966111268
seed17_imagenet_equal_per_image,17,imagenet,equal_per_image,1262,0.8716246257817826,0.3593339176161262
seed17_imagenet_equal_per_image,17,imagenet,equal_per_image,1263,0.8722967173671399,0.39844389844389844
seed17_imagenet_equal_per_image,17,imagenet,equal_per_image,1324,0.8063666514924888,0.19760785988893637
seed17_imagenet_equal_per_image,17,imagenet,equal_per_image,1326,0.770546516478932,0.2329731337364925
seed17_imagenet_equal_per_image,17,imagenet,equal_per_image,1714,0.7659957614141686,0.21602240896358543
seed17_imagenet_equal_per_image,17,imagenet,equal_per_image,1715,0.8154708000758166,0.2544747877672088
seed17_imagenet_equal_per_image,17,imagenet,equal_per_image,1716,0.7095858969045873,0.18675213675213675
seed17_imagenet_equal_per_image,17,imagenet,equal_per_image,1717,0.8301119640744,0.26949561025994145
seed17_imagenet_equal_per_image,17,imagenet,equal_per_image,1718,0.7410152530664824,0.26010173721086477
seed17_imagenet_equal_per_image,17,imagenet,equal_per_image,1719,0.8033605812897366,0.2685942898708856
seed17_imagenet_equal_per_image,17,imagenet,equal_per_image,1720,0.6950800622041458,0.16804772953264832
seed17_imagenet_equal_per_image,17,imagenet,equal_per_image,1776,0.6463312687616369,0.25021487919014423
seed17_imagenet_equal_per_image,17,imagenet,equal_per_image,1830,0.8875154359101013,0.3496096861558069
seed17_imagenet_equal_per_image,17,imagenet,equal_per_image,1831,0.7781313790873705,0.2571989015300118
seed17_imagenet_equal_per_image,17,imagenet,equal_per_image,1832,0.9161371898214004,0.3891007627458852
seed17_imagenet_equal_per_image,17,imagenet,equal_per_image,1833,0.746053395240859,0.22140489017820142
seed17_imagenet_equal_per_image,17,imagenet,equal_per_image,1834,0.8555794731912516,0.3369685358485005
seed17_imagenet_equal_per_image,17,imagenet,equal_per_image,1835,0.9462889726846316,0.3645382585751979
seed17_imagenet_equal_per_image,17,imagenet,equal_per_image,1836,0.9333343932841516,0.32496863237139273
seed17_imagenet_equal_per_image,17,imagenet,equal_per_image,1837,0.86544949058299,0.2592819413610962
seed17_imagenet_equal_per_image,17,imagenet,equal_per_image,1838,0.8214686374461218,0.3093888803798438
seed17_imagenet_equal_per_image,17,imagenet,equal_per_image,1839,0.8778435848725276,0.341597510373444
seed17_imagenet_equal_per_image,17,imagenet,equal_per_image,1840,0.8188427105796249,0.24320712694877505
seed17_imagenet_equal_per_image,17,imagenet,equal_per_image,1841,0.8678544591224421,0.27012533919111
seed17_imagenet_equal_per_image,17,imagenet,equal_per_image,1842,0.8788375140396855,0.2920873612602936
seed17_imagenet_equal_per_image,17,imagenet,equal_per_image,1843,0.9152028590117902,0.33181363282553095
seed17_imagenet_equal_per_image,17,imagenet,equal_per_image,1844,0.9322185331847913,0.3409108073408353
seed17_imagenet_equal_per_image,17,imagenet,equal_per_image,1845,0.9235959201960836,0.3843700159489633
seed17_imagenet_equal_per_image,17,imagenet,equal_per_image,1846,0.8844434238785407,0.3307253936057182
seed17_imagenet_equal_per_image,17,imagenet,equal_per_image,1847,0.8534210014670273,0.3394580168343256
seed17_imagenet_equal_per_image,17,imagenet,equal_per_image,1848,0.9332796348503155,0.36786689197972183
seed17_imagenet_equal_per_image,17,imagenet,equal_per_image,1849,0.819786250232889,0.3157657251150618
seed17_imagenet_equal_per_image,17,imagenet,equal_per_image,1850,0.7959479248805137,0.29578698432162565
seed17_imagenet_equal_per_image,17,imagenet,equal_per_image,1851,0.878095757828676,0.3406825998765323
seed17_imagenet_equal_per_image,17,imagenet,equal_per_image,1852,0.7889175833726503,0.29649936735554616
seed17_imagenet_equal_per_image,17,imagenet,equal_per_image,1855,0.8217005784736336,0.22694882314834808
seed17_imagenet_equal_per_image,17,imagenet,equal_per_image,1856,0.8787207282745403,0.252428899487723
seed17_imagenet_equal_per_image,17,imagenet,equal_per_image,1858,0.8589967191521021,0.348279931015703
seed17_imagenet_equal_per_image,17,imagenet,equal_per_image,1872,0.8212043519705486,0.3564364876385337
seed17_imagenet_equal_per_image,17,imagenet,equal_per_image,1873,0.8392896904920953,0.31637471439451637
seed17_imagenet_equal_per_image,17,imagenet,equal_per_image,1874,0.6538116144482139,0.2854086435601198
seed17_imagenet_equal_per_image,17,imagenet,equal_per_image,1875,0.819245171097023,0.2655511811023622
seed17_imagenet_equal_per_image,17,imagenet,equal_per_image,1876,0.8996904024767802,0.41252220248667854
seed17_imagenet_equal_per_image,17,imagenet,equal_per_image,1877,0.6880760368663594,0.19847103793002058
seed17_imagenet_equal_per_image,17,imagenet,equal_per_image,1890,0.660775081492213,0.1738526865915401
seed17_imagenet_equal_per_image,17,imagenet,equal_per_image,1894,0.5297969066561249,0.23122934046906973
seed17_imagenet_equal_per_image,17,imagenet,equal_per_image,1896,0.6894919532975702,0.2485414235705951
seed29_random_reference,29,random,reference,26,0.9592437393993815,0.3949360480292352
seed29_random_reference,29,random,reference,27,0.8257048056428399,0.27906976744186046
seed29_random_reference,29,random,reference,28,0.5760231374766234,0.2242772769661175
seed29_random_reference,29,random,reference,29,0.6845012442728562,0.10744573810550524
seed29_random_reference,29,random,reference,30,0.7653424626059785,0.26631344116006694
seed29_random_reference,29,random,reference,31,0.6996872634840847,0.23702620862483031
seed29_random_reference,29,random,reference,32,0.819771306105286,0.3143575174825175
seed29_random_reference,29,random,reference,33,0.9519898051057581,0.3568243610657966
seed29_random_reference,29,random,reference,34,0.35701063851426945,0.17348960052822715
seed29_random_reference,29,random,reference,39,0.0,
seed29_random_reference,29,random,reference,56,0.701221287485251,0.16480287323483797
seed29_random_reference,29,random,reference,64,0.6997769853669008,0.06610909090909091
seed29_random_reference,29,random,reference,65,0.7713769425370437,0.17001010246788859
seed29_random_reference,29,random,reference,66,0.4750781521361584,0.15636363636363637
seed29_random_reference,29,random,reference,67,0.0,0.0
seed29_random_reference,29,random,reference,68,0.7238638475504282,0.20646337757066152
seed29_random_reference,29,random,reference,69,0.6043587768780833,0.17219952332311883
seed29_random_reference,29,random,reference,70,0.6209470324237406,0.09711350293542075
seed29_random_reference,29,random,reference,71,0.6620554440999453,0.16083685322069693
seed29_random_reference,29,random,reference,73,0.6544807544036534,0.17090191913828415
seed29_random_reference,29,random,reference,74,0.0,0.0
seed29_random_reference,29,random,reference,76,0.8160054287788404,0.17955182072829132
seed29_random_reference,29,random,reference,79,0.5999429421474131,0.0845808383233533
seed29_random_reference,29,random,reference,83,0.7269070394898209,0.16455202030060512
seed29_random_reference,29,random,reference,86,0.8899850810914866,0.28147120055517
seed29_random_reference,29,random,reference,88,0.626194031953563,0.13795295613477432
seed29_random_reference,29,random,reference,89,0.853227125420238,0.23800223214285715
seed29_random_reference,29,random,reference,90,0.8462601550098048,0.2923863055697496
seed29_random_reference,29,random,reference,91,0.7815596037072547,0.2826270788311566
seed29_random_reference,29,random,reference,92,0.8368092691622103,0.29353919676500323
seed29_random_reference,29,random,reference,93,0.7275209184953441,0.22906079427818557
seed29_random_reference,29,random,reference,94,0.6795578683677027,0.22986857825567503
seed29_random_reference,29,random,reference,95,0.7999241141789738,0.2603841000446628
seed29_random_reference,29,random,reference,96,0.8061695441217078,0.21456118897563728
seed29_random_reference,29,random,reference,102,0.8291002872812745,0.29404923434774183
seed29_random_reference,29,random,reference,104,0.7288090485695277,0.17753770892784346
seed29_random_reference,29,random,reference,105,0.9037350692030588,0.27718040621266427
seed29_random_reference,29,random,reference,106,0.8934944262039789,0.3049794142779461
seed29_random_reference,29,random,reference,107,0.8493627723634253,0.24980400541657757
seed29_random_reference,29,random,reference,108,0.9358573424712223,0.4250577524120125
seed29_random_reference,29,random,reference,109,0.8345618510112676,0.19749276759884282
seed29_random_reference,29,random,reference,112,0.8010194702097435,0.2649462365591398
seed29_random_reference,29,random,reference,115,0.8729523307874638,0.3467831907772406
seed29_random_reference,29,random,reference,116,0.8086344390471985,0.1950783612867748
seed29_random_reference,29,random,reference,117,0.7437053801734037,0.24191499755740106
seed29_random_reference,29,random,reference,118,0.8583415809630363,0.3514043109079033
seed29_random_reference,29,random,reference,119,0.7696192998857381,0.23604098604098603
seed29_random_reference,29,random,reference,122,0.7326825317021396,0.22817474740132296
seed29_random_reference,29,random,reference,123,0.8044406008535279,0.24547202266518264
seed29_random_reference,29,random,reference,125,0.6959759023576049,0.22563263078916854
seed29_random_reference,29,random,reference,126,0.831321943535684,0.23036579698599216
seed29_random_reference,29,random,reference,127,0.7848210150201813,0.4197360646050817
seed29_random_reference,29,random,reference,128,0.8752778306979108,0.342
seed29_random_reference,29,random,reference,132,0.7065877712031559,0.16723123551435193
seed29_random_reference,29,random,reference,134,0.9588938414381132,0.36976236941797724
seed29_random_reference,29,random,reference,136,0.8792553560285655,0.26846644169478817
seed29_random_reference,29,random,reference,137,0.7922303015531272,0.1638268938484921
seed29_random_reference,29,random,reference,138,0.8708065470864365,0.29699785561115083
seed29_random_reference,29,random,reference,139,0.9226014603498047,0.3445260202979918
seed29_random_reference,29,random,reference,142,0.7496699201638677,0.22278350515463918
seed29_random_reference,29,random,reference,147,0.9571700043853237,0.347488986784141
seed29_random_reference,29,random,reference,148,0.9061841014097856,0.27058242843040475
seed29_random_reference,29,random,reference,149,0.8632615057196062,0.22022785017621507
seed29_random_reference,29,random,reference,150,0.8458207187047518,0.3103290257538264
seed29_random_reference,29,random,reference,152,0.8326998323085523,0.25756350105160974
seed29_random_reference,29,random,reference,154,0.9280516043665233,0.3664903600068248
seed29_random_reference,29,random,reference,155,0.6961464660309032,0.19250223147872658
seed29_random_reference,29,random,reference,156,0.8216361102176477,0.299510603588907
seed29_random_reference,29,random,reference,158,0.8241078954762574,0.33126153248518986
seed29_random_reference,29,random,reference,159,0.9149252786220872,0.4169168285361116
seed29_random_reference,29,random,reference,160,0.9002690096004343,0.24113233287858118
seed29_random_reference,29,random,reference,161,0.8908673803801617,0.19492608140171563
seed29_random_reference,29,random,reference,162,0.9159941160100187,0.23820717755837642
seed29_random_reference,29,random,reference,164,0.8521165930957763,0.28461244749904546
seed29_random_reference,29,random,reference,166,0.8569864675934474,0.2734745494783433
seed29_random_reference,29,random,reference,173,0.5613193367242644,0.20228509249183896
seed29_random_reference,29,random,reference,188,0.8046342847875446,0.2184002827188126
seed29_random_reference,29,random,reference,189,0.7238578680203046,0.1315057608263806
seed29_random_reference,29,random,reference,190,0.6658128593831678,0.1989712159352085
seed29_random_reference,29,random,reference,193,0.7082785087719298,0.2586225774663309
seed29_random_reference,29,random,reference,200,0.39166503180964657,0.05193876091000143
seed29_random_reference,29,random,reference,201,0.7249072574324678,0.19571544999417861
seed29_random_reference,29,random,reference,202,0.8427980830539501,0.26568496207050424
seed29_random_reference,29,random,reference,203,0.7467388192958303,0.16843551005119242
seed29_random_reference,29,random,reference,204,0.7606386245010746,0.21376783942608563
seed29_random_reference,29,random,reference,205,0.5700382026559941,0.19099071678587734
seed29_random_reference,29,random,reference,206,0.6760431317393343,0.17365086634608046
seed29_random_reference,29,random,reference,207,0.6628021046999019,0.18130990415335463
seed29_random_reference,29,random,reference,208,0.6639926098794243,0.2038070483907958
seed29_random_reference,29,random,reference,209,0.8835366031996724,0.4499847514486124
seed29_random_reference,29,random,reference,210,0.7985891350210971,0.2514522161215883
seed29_random_reference,29,random,reference,211,0.830557318104907,0.21757608993693447
seed29_random_reference,29,random,reference,213,0.8437672633889246,0.2961580866762785
seed29_random_reference,29,random,reference,214,0.7891875991200695,0.21147656801946776
seed29_random_reference,29,random,reference,215,0.7492346910378146,0.18413410770855332
seed29_random_reference,29,random,reference,218,0.7492229819731818,0.18620083927003026
seed29_random_reference,29,random,reference,219,0.9383235952262556,0.3679515418502203
seed29_random_reference,29,random,reference,577,0.7735876258933536,0.24029850746268658
seed29_random_reference,29,random,reference,611,0.9560025229518536,0.354706390328152
seed29_random_reference,29,random,reference,613,0.8064128509992411,0.2472051777759099
seed29_random_reference,29,random,reference,614,0.8577076239395164,0.2567611599869664
seed29_random_reference,29,random,reference,615,0.8017195241959153,0.20476393932920317
seed29_random_reference,29,random,reference,616,0.8149183231647313,0.18780754510661563
seed29_random_reference,29,random,reference,617,0.834944108057755,0.2185798422046894
seed29_random_reference,29,random,reference,618,0.9059940719513394,0.2738688252386883
seed29_random_reference,29,random,reference,619,0.7913543109073835,0.24668384387823267
seed29_random_reference,29,random,reference,647,0.887830041938215,0.28857715430861725
seed29_random_reference,29,random,reference,651,0.8543190639022349,0.2456433986413311
seed29_random_reference,29,random,reference,653,0.8066757336916447,0.25661318300086733
seed29_random_reference,29,random,reference,663,0.8249052144369491,0.37828810020876824
seed29_random_reference,29,random,reference,664,0.8712452933058457,0.3015940040114008
seed29_random_reference,29,random,reference,665,0.8963214285714286,0.29660377358490564
seed29_random_reference,29,random,reference,666,0.9150422900001349,0.3315987798313296
seed29_random_reference,29,random,reference,667,0.7983411226952905,0.2487034600201254
seed29_random_reference,29,random,reference,668,0.7959715191867426,0.33796886960959427
seed29_random_reference,29,random,reference,669,0.8178285783402126,0.3034358047016275
seed29_random_reference,29,random,reference,674,0.7219598335038471,0.24644945697577275
seed29_random_reference,29,random,reference,704,0.6888167519140621,0.19943414020748193
seed29_random_reference,29,random,reference,705,0.8290683726509396,0.2571342292012683
seed29_random_reference,29,random,reference,706,0.8651096779579655,0.316085626911315
seed29_random_reference,29,random,reference,707,0.660147261849977,0.16112127765762768
seed29_random_reference,29,random,reference,708,0.7593103816766702,0.20875835385156524
seed29_random_reference,29,random,reference,709,0.8260703043649986,0.2405844155844156
seed29_random_reference,29,random,reference,710,0.8674950159951783,0.2597331240188383
seed29_random_reference,29,random,reference,711,0.6948225666850264,0.20489032156616085
seed29_random_reference,29,random,reference,712,0.6431928064705617,0.21226698737221888
seed29_random_reference,29,random,reference,713,0.5104794458936763,0.16057656995960337
seed29_random_reference,29,random,reference,714,0.7416501075210279,0.18855401286826956
seed29_random_reference,29,random,reference,716,0.9249968468405342,0.29954405683384583
seed29_random_reference,29,random,reference,723,0.8561293637008587,0.33217234262125905
seed29_random_reference,29,random,reference,724,0.17048047241980943,0.08243943594070145
seed29_random_reference,29,random,reference,725,0.8800129256097147,0.31457596164821366
seed29_random_reference,29,random,reference,728,0.873414056778896,0.2921922575032623
seed29_random_reference,29,random,reference,729,0.8530310466570619,0.2341127389153003
seed29_random_reference,29,random,reference,730,0.7918008750966878,0.2646728672225786
seed29_random_reference,29,random,reference,731,0.8275746554364471,0.3388536528071412
seed29_random_reference,29,random,reference,732,0.9034323904584082,0.3570330060333609
seed29_random_reference,29,random,reference,733,0.8323892349277235,0.2308710616891713
seed29_random_reference,29,random,reference,734,0.8994495055293029,0.2925424489490613
seed29_random_reference,29,random,reference,735,0.898967777932766,0.30456728812179434
seed29_random_reference,29,random,reference,736,0.905792546026044,0.33267628348714273
seed29_random_reference,29,random,reference,737,0.8839614468269439,0.3166624568493727
seed29_random_reference,29,random,reference,745,0.8186836307829402,0.24174787802577805
seed29_random_reference,29,random,reference,746,0.7858094439236197,0.20642088841448394
seed29_random_reference,29,random,reference,747,0.8165424691119069,0.24928407789232532
seed29_random_reference,29,random,reference,748,0.899570893819045,0.290238416554206
seed29_random_reference,29,random,reference,749,0.7309727616677351,0.24093369418132612
seed29_random_reference,29,random,reference,750,0.8943700114025086,0.28055703388327125
seed29_random_reference,29,random,reference,751,0.883787073217603,0.23023109573966358
seed29_random_reference,29,random,reference,752,0.8151640325670498,0.2680925871667155
seed29_random_reference,29,random,reference,753,0.8950655597796571,0.29881492086216493
seed29_random_reference,29,random,reference,754,0.8191709729151817,0.21255198957104723
seed29_random_reference,29,random,reference,755,0.8612466739807564,0.26334868967600633
seed29_random_reference,29,random,reference,757,0.8020614404913226,0.26981235197668063
seed29_random_reference,29,random,reference,762,0.8924767903670537,0.26338619071321906
seed29_random_reference,29,random,reference,763,0.694872014749389,0.2061865104786309
seed29_random_reference,29,random,reference,764,0.5943907452392682,0.13365578395808142
seed29_random_reference,29,random,reference,765,0.7592318604048138,0.18247069144269878
seed29_random_reference,29,random,reference,766,0.8744184806515682,0.3587721768515911
seed29_random_reference,29,random,reference,767,0.8202363225899418,0.34672674928026037
seed29_random_reference,29,random,reference,769,0.730848306069545,0.21220355731225296
seed29_random_reference,29,random,reference,770,0.8397623989121877,0.29672873678912937
seed29_random_reference,29,random,reference,771,0.7258480768632816,0.224203913639974
seed29_random_reference,29,random,reference,772,0.749939916067368,0.26551625512441607
seed29_random_reference,29,random,reference,773,0.7580267744862387,0.2334841628959276
seed29_random_reference,29,random,reference,775,0.797103498995842,0.23262815296989423
seed29_random_reference,29,random,reference,776,0.7298533000476845,0.19426797574357493
seed29_random_reference,29,random,reference,777,0.7754914709707029,0.23005469224759093
seed29_random_reference,29,random,reference,778,0.7805359971145854,0.21602956910806342
seed29_random_reference,29,random,reference,779,0.7173775607656403,0.1682212510599439
seed29_random_reference,29,random,reference,782,0.79199709329879,0.2674616695059625
seed29_random_reference,29,random,reference,791,0.8325598282503,0.2247149687385068
seed29_random_reference,29,random,reference,792,0.8037343234543828,0.23332133861101115
seed29_random_reference,29,random,reference,794,0.8985397307035843,0.28704879376020315
seed29_random_reference,29,random,reference,795,0.6980007314397172,0.215748031496063
seed29_random_reference,29,random,reference,797,0.7834957444184039,0.22008687639857838
seed29_random_reference,29,random,reference,798,0.7204684260660055,0.20348408330023265
seed29_random_reference,29,random,reference,800,0.8021870325475834,0.20791738382099828
seed29_random_reference,29,random,reference,801,0.7579035185293601,0.24391223981354979
seed29_random_reference,29,random,reference,802,0.7869265756985055,0.20632072867789125
seed29_random_reference,29,random,reference,803,0.807502353537548,0.2288609892603237
seed29_random_reference,29,random,reference,804,0.7750530123487589,0.13030437680515441
seed29_random_reference,29,random,reference,805,0.812449035063876,0.2400360094934119
seed29_random_reference,29,random,reference,807,0.8004881450488145,0.17953861584754263
seed29_random_reference,29,random,reference,809,0.7933312912965474,0.1880768271389374
seed29_random_reference,29,random,reference,810,0.7512123090385386,0.2886453421689818
seed29_random_reference,29,random,reference,812,0.9036315999514167,0.3165537270087125
seed29_random_reference,29,random,reference,813,0.8810823961937716,0.2311308203991131
seed29_random_reference,29,random,reference,814,0.8243632621559043,0.24212544508353875
seed29_random_reference,29,random,reference,815,0.7655680447069283,0.1943939992104224
seed29_random_reference,29,random,reference,816,0.8682476943346509,0.2934547699907379
seed29_random_reference,29,random,reference,817,0.8278049714238837,0.18899992131560311
seed29_random_reference,29,random,reference,818,0.8580523118338245,0.23464795178884737
seed29_random_reference,29,random,reference,819,0.8560476156734925,0.28889294182017144
seed29_random_reference,29,random,reference,820,0.7926173561777407,0.2736462093862816
seed29_random_reference,29,random,reference,823,0.792900396108725,0.2698570953805251
seed29_random_reference,29,random,reference,824,0.8125945994072831,0.2940010279756223
seed29_random_reference,29,random,reference,825,0.7908642192939932,0.17711640211640212
seed29_random_reference,29,random,reference,826,0.8541107886002621,0.2724623603691112
seed29_random_reference,29,random,reference,828,0.8383802490498409,0.28363697141902056
seed29_random_reference,29,random,reference,851,0.8498665936922761,0.23501078360891445
seed29_random_reference,29,random,reference,855,0.8540790580319596,0.26412450213895855
seed29_random_reference,29,random,reference,858,0.9266549408378638,0.35553975830202095
seed29_random_reference,29,random,reference,860,0.8580169812644727,0.2893290371493556
seed29_random_reference,29,random,reference,862,0.890259079081344,0.3598111825506633
seed29_random_reference,29,random,reference,864,0.8528484365068485,0.3412712785222745
seed29_random_reference,29,random,reference,866,0.8727297668038408,0.30298448070035816
seed29_random_reference,29,random,reference,968,0.8363618125017913,0.1964767497222663
seed29_random_reference,29,random,reference,969,0.8965399782520405,0.24517528008673653
seed29_random_reference,29,random,reference,970,0.806008314923374,0.14201553155404803
seed29_random_reference,29,random,reference,972,0.7980883069851661,0.17456479690522245
seed29_random_reference,29,random,reference,975,0.9075625048378357,0.2538310412573674
seed29_random_reference,29,random,reference,976,0.8144762011927534,0.31719414265470003
seed29_random_reference,29,random,reference,978,0.9024748116991098,0.23088223292254959
seed29_random_reference,29,random,reference,979,0.7990291670758568,0.2802740599107712
seed29_random_reference,29,random,reference,981,0.9018302308497835,0.3017809221761405
seed29_random_reference,29,random,reference,982,0.932512030798845,0.34490952293913363
seed29_random_reference,29,random,reference,983,0.9554685829866307,0.4272350661499399
seed29_random_reference,29,random,reference,984,0.9486086340426572,0.3527529411764706
seed29_random_reference,29,random,reference,985,0.8076008264032362,0.26756781779464867
seed29_random_reference,29,random,reference,986,0.8046896471915639,0.2420584498094028
seed29_random_reference,29,random,reference,1074,0.8181024895200616,0.3669011082693947
seed29_random_reference,29,random,reference,1075,0.8805566028035782,0.3158676781105811
seed29_random_reference,29,random,reference,1076,0.7842853300784078,0.2638719139574676
seed29_random_reference,29,random,reference,1078,0.8086237373737374,0.3079275113729585
seed29_random_reference,29,random,reference,1079,0.8948540022720992,0.31259541984732825
seed29_random_reference,29,random,reference,1080,0.7609905307344376,0.24397570691569254
seed29_random_reference,29,random,reference,1081,0.8165671686120763,0.2774481855304723
seed29_random_reference,29,random,reference,1083,0.7343467839905441,0.2855181880576527
seed29_random_reference,29,random,reference,1085,0.7614968655787913,0.23462897526501766
seed29_random_reference,29,random,reference,1087,0.7204685301178223,0.14160693448908152
seed29_random_reference,29,random,reference,1089,0.7943900701241234,0.18449601757758857
seed29_random_reference,29,random,reference,1091,0.8488060839198028,0.2843322025380073
seed29_random_reference,29,random,reference,1096,0.8797444379908583,0.2817824377457405
seed29_random_reference,29,random,reference,1108,0.6516964178128174,0.1556960897835575
seed29_random_reference,29,random,reference,1114,0.6423503652708478,0.15921307245753602
seed29_random_reference,29,random,reference,1243,0.8447267195210943,0.30002883506343714
seed29_random_reference,29,random,reference,1245,0.8764386775163111,0.28315384615384614
seed29_random_reference,29,random,reference,1247,0.8412961748926321,0.25622638599737835
seed29_random_reference,29,random,reference,1252,0.550220324353791,0.23922003804692454
seed29_random_reference,29,random,reference,1253,0.6319240120717874,0.22442326980942828
seed29_random_reference,29,random,reference,1261,0.8745181222908789,0.31543530071498666
seed29_random_reference,29,random,reference,1262,0.8900717999504828,0.33747619524907285
seed29_random_reference,29,random,reference,1263,0.913277915075264,0.3433903576982893
seed29_random_reference,29,random,reference,1324,0.6286417474234733,0.1929180718111486
seed29_random_reference,29,random,reference,1326,0.7895579150246941,0.19216983733112766
seed29_random_reference,29,random,reference,1714,0.6017708909795241,0.1441849920652913
seed29_random_reference,29,random,reference,1715,0.5963035870516186,0.1236096537250787
seed29_random_reference,29,random,reference,1716,0.621065968409494,0.17573770491803278
seed29_random_reference,29,random,reference,1717,0.7240231548480464,0.16182902584493042
seed29_random_reference,29,random,reference,1718,0.528716083211288,0.15182116347315727
seed29_random_reference,29,random,reference,1719,0.7175960901003685,0.1910599003023617
seed29_random_reference,29,random,reference,1720,0.5998683055311677,0.14758352254297763
seed29_random_reference,29,random,reference,1776,0.4059217748939029,0.11884438608010506
seed29_random_reference,29,random,reference,1830,0.8640034405313709,0.298854041013269
seed29_random_reference,29,random,reference,1831,0.8841320738365543,0.2919254658385093
seed29_random_reference,29,random,reference,1832,0.8909442959786209,0.3295342896443309
seed29_random_reference,29,random,reference,1833,0.6304027906469722,0.15875853103672408
seed29_random_reference,29,random,reference,1834,0.7175119494434286,0.20555591614201338
seed29_random_reference,29,random,reference,1835,0.947838701214525,0.3994111874386654
seed29_random_reference,29,random,reference,1836,0.9284626360765075,0.3073818374933617
seed29_random_reference,29,random,reference,1837,0.7425829538061158,0.1608986476661335
seed29_random_reference,29,random,reference,1838,0.7432572310216198,0.27357089829250186
seed29_random_reference,29,random,reference,1839,0.7439672418104526,0.21960545754757974
seed29_random_reference,29,random,reference,1840,0.7903121670917133,0.17364016736401675
seed29_random_reference,29,random,reference,1841,0.7536559067322596,0.20019810056516926
seed29_random_reference,29,random,reference,1842,0.8111250373022978,0.2368682519705902
seed29_random_reference,29,random,reference,1843,0.8308738864311254,0.2686526373326045
seed29_random_reference,29,random,reference,1844,0.8444233310399808,0.22345615611760175
seed29_random_reference,29,random,reference,1845,0.8677586366705949,0.2604064365037395
seed29_random_reference,29,random,reference,1846,0.878206288012693,0.29762218127577433
seed29_random_reference,29,random,reference,1847,0.8452097949401828,0.34026465028355385
seed29_random_reference,29,random,reference,1848,0.9196622042803289,0.33581336696090797
seed29_random_reference,29,random,reference,1849,0.7948519150255854,0.25705609146123615
seed29_random_reference,29,random,reference,1850,0.8452183043135882,0.265636105188344
seed29_random_reference,29,random,reference,1851,0.8291409736788153,0.3627506621263715
seed29_random_reference,29,random,reference,1852,0.7957156012213444,0.2586273006134969
seed29_random_reference,29,random,reference,1855,0.6987317152234693,0.16064054789001914
seed29_random_reference,29,random,reference,1856,0.917508577060864,0.30685579196217494
seed29_random_reference,29,random,reference,1858,0.85233323651854,0.29002493765586035
seed29_random_reference,29,random,reference,1872,0.8285527223824607,0.36336190105181143
seed29_random_reference,29,random,reference,1873,0.7633170628183361,0.2187292939704042
seed29_random_reference,29,random,reference,1874,0.6440979523177951,0.20958366064414768
seed29_random_reference,29,random,reference,1875,0.6537974787568003,0.20369531745312924
seed29_random_reference,29,random,reference,1876,0.863287747181667,0.31658514895509116
seed29_random_reference,29,random,reference,1877,0.7663682148852826,0.20171601615074025
seed29_random_reference,29,random,reference,1890,0.6862474734021717,0.1939700770742028
seed29_random_reference,29,random,reference,1894,0.40100508251955913,0.12951861943687556
seed29_random_reference,29,random,reference,1896,0.6025650697849868,0.13112817483756645
seed29_random_area_proportional,29,random,area_proportional,26,0.9612146422628952,0.4316642316376677
seed29_random_area_proportional,29,random,area_proportional,27,0.8250206908568193,0.3068334077713265
seed29_random_area_proportional,29,random,area_proportional,28,0.6804760665972945,0.233540732166112
seed29_random_area_proportional,29,random,area_proportional,29,0.86629128065044,0.26327903682719545
seed29_random_area_proportional,29,random,area_proportional,30,0.845490347676919,0.25400558577098337
seed29_random_area_proportional,29,random,area_proportional,31,0.6633870424432966,0.25879522902676155
seed29_random_area_proportional,29,random,area_proportional,32,0.9010083556839282,0.3086185645207168
seed29_random_area_proportional,29,random,area_proportional,33,0.9516471985198686,0.3644526179143228
seed29_random_area_proportional,29,random,area_proportional,34,0.3449193674651636,0.15820483891187162
seed29_random_area_proportional,29,random,area_proportional,39,0.0,
seed29_random_area_proportional,29,random,area_proportional,56,0.7260170919595571,0.18226412202038783
seed29_random_area_proportional,29,random,area_proportional,64,0.7142462661480095,0.09185909320748356
seed29_random_area_proportional,29,random,area_proportional,65,0.7686171744514196,0.13420829805249787
seed29_random_area_proportional,29,random,area_proportional,66,0.7797575677286879,0.1877700232635427
seed29_random_area_proportional,29,random,area_proportional,67,0.4097185771389349,0.057260078487335
seed29_random_area_proportional,29,random,area_proportional,68,0.7242362125126361,0.25430699121929534
seed29_random_area_proportional,29,random,area_proportional,69,0.5812831742315687,0.13293773119605426
seed29_random_area_proportional,29,random,area_proportional,70,0.6119907763259032,0.08489695478314364
seed29_random_area_proportional,29,random,area_proportional,71,0.6690209537572255,0.15682353781332573
seed29_random_area_proportional,29,random,area_proportional,73,0.7002255333308685,0.17687279284694568
seed29_random_area_proportional,29,random,area_proportional,74,0.7990789530315234,0.09577347491151364
seed29_random_area_proportional,29,random,area_proportional,76,0.8268669037338074,0.18195738165114203
seed29_random_area_proportional,29,random,area_proportional,79,0.5959431055241515,0.09872372372372372
seed29_random_area_proportional,29,random,area_proportional,83,0.8201291889802904,0.2061111111111111
seed29_random_area_proportional,29,random,area_proportional,86,0.8847602249976165,0.26958993097848155
seed29_random_area_proportional,29,random,area_proportional,88,0.6232621227534757,0.1325361235675137
seed29_random_area_proportional,29,random,area_proportional,89,0.8566393017365032,0.24748971980491538
seed29_random_area_proportional,29,random,area_proportional,90,0.9218859546623043,0.3595439586271744
seed29_random_area_proportional,29,random,area_proportional,91,0.9228726494166072,0.3821782178217822
seed29_random_area_proportional,29,random,area_proportional,92,0.8682321735060072,0.3312505659693924
seed29_random_area_proportional,29,random,area_proportional,93,0.8861196262235846,0.3177424079679719
seed29_random_area_proportional,29,random,area_proportional,94,0.8106291288191577,0.2598556779339157
seed29_random_area_proportional,29,random,area_proportional,95,0.7854471615975692,0.24766274238227146
seed29_random_area_proportional,29,random,area_proportional,96,0.840956077521241,0.22223212693884828
seed29_random_area_proportional,29,random,area_proportional,102,0.8265497909848019,0.33764072442486537
seed29_random_area_proportional,29,random,area_proportional,104,0.763202492893068,0.22272790925640668
seed29_random_area_proportional,29,random,area_proportional,105,0.9241944376771083,0.34863917181499415
seed29_random_area_proportional,29,random,area_proportional,106,0.9116864295125164,0.35570626753975676
seed29_random_area_proportional,29,random,area_proportional,107,0.8574815955109185,0.24818505338078292
seed29_random_area_proportional,29,random,area_proportional,108,0.89209196224896,0.38300395256916997
seed29_random_area_proportional,29,random,area_proportional,109,0.8738594225240615,0.242703211633016
seed29_random_area_proportional,29,random,area_proportional,112,0.8498683349826404,0.3241769547325103
seed29_random_area_proportional,29,random,area_proportional,115,0.891529772769357,0.4044236819525217
seed29_random_area_proportional,29,random,area_proportional,116,0.7906988787902328,0.20936497754971134
seed29_random_area_proportional,29,random,area_proportional,117,0.7760123807067321,0.28124096733789383
seed29_random_area_proportional,29,random,area_proportional,118,0.871980521560838,0.34083520880220053
seed29_random_area_proportional,29,random,area_proportional,119,0.773736902772921,0.28361705450570046
seed29_random_area_proportional,29,random,area_proportional,122,0.7867481322918586,0.26992955135335556
seed29_random_area_proportional,29,random,area_proportional,123,0.8130929971669234,0.26780310671777285
seed29_random_area_proportional,29,random,area_proportional,125,0.7711825116958654,0.26793568389934386
seed29_random_area_proportional,29,random,area_proportional,126,0.8596127162661624,0.27441671188279976
seed29_random_area_proportional,29,random,area_proportional,127,0.8503562095013067,0.37294801641586867
seed29_random_area_proportional,29,random,area_proportional,128,0.8860590663702763,0.3485708692247455
seed29_random_area_proportional,29,random,area_proportional,132,0.6953073113341809,0.18570283984687974
seed29_random_area_proportional,29,random,area_proportional,134,0.9670584451264457,0.44437569607721816
seed29_random_area_proportional,29,random,area_proportional,136,0.8821095687537465,0.3424060441689268
seed29_random_area_proportional,29,random,area_proportional,137,0.7918697238422412,0.1814823025197665
seed29_random_area_proportional,29,random,area_proportional,138,0.8137494172813777,0.30211437491130977
seed29_random_area_proportional,29,random,area_proportional,139,0.9127504338888234,0.35190646724246893
seed29_random_area_proportional,29,random,area_proportional,142,0.7520457654520583,0.2097245028279511
seed29_random_area_proportional,29,random,area_proportional,147,0.9636794532627866,0.4089971883786317
seed29_random_area_proportional,29,random,area_proportional,148,0.9303549243623785,0.29509208766333983
seed29_random_area_proportional,29,random,area_proportional,149,0.9136573995878796,0.26877780685684377
seed29_random_area_proportional,29,random,area_proportional,150,0.8767946349141176,0.3391039665176448
seed29_random_area_proportional,29,random,area_proportional,152,0.8422920318950404,0.3030149051490515
seed29_random_area_proportional,29,random,area_proportional,154,0.9424216968678747,0.3790278536318951
seed29_random_area_proportional,29,random,area_proportional,155,0.7607353489592685,0.2557454331172658
seed29_random_area_proportional,29,random,area_proportional,156,0.8628400882391107,0.29491307147456536
seed29_random_area_proportional,29,random,area_proportional,158,0.828409289331238,0.3134710117468738
seed29_random_area_proportional,29,random,area_proportional,159,0.921217265553774,0.40451568424681145
seed29_random_area_proportional,29,random,area_proportional,160,0.904162945321028,0.26916406520985087
seed29_random_area_proportional,29,random,area_proportional,161,0.8503792267173332,0.21773624823695345
seed29_random_area_proportional,29,random,area_proportional,162,0.9268757948283171,0.27688971001686885
seed29_random_area_proportional,29,random,area_proportional,164,0.8520192069465911,0.2924110438505832
seed29_random_area_proportional,29,random,area_proportional,166,0.8337603771651122,0.27085590465872156
seed29_random_area_proportional,29,random,area_proportional,173,0.6121507208054715,0.2855716979039592
seed29_random_area_proportional,29,random,area_proportional,188,0.715581445354497,0.20499052432090967
seed29_random_area_proportional,29,random,area_proportional,189,0.7333316623220373,0.16796166796166795
seed29_random_area_proportional,29,random,area_proportional,190,0.6814850747561546,0.18901164526724396
seed29_random_area_proportional,29,random,area_proportional,193,0.6851867162739425,0.2633998654406818
seed29_random_area_proportional,29,random,area_proportional,200,0.36688154508624865,0.07268239166209545
seed29_random_area_proportional,29,random,area_proportional,201,0.6225076116567085,0.22632512752273232
seed29_random_area_proportional,29,random,area_proportional,202,0.8269257654131134,0.31446484549932824
seed29_random_area_proportional,29,random,area_proportional,203,0.6849660894365525,0.17902244323758423
seed29_random_area_proportional,29,random,area_proportional,204,0.8051401190649049,0.24953959484346225
seed29_random_area_proportional,29,random,area_proportional,205,0.6781878058539288,0.2234946701238836
seed29_random_area_proportional,29,random,area_proportional,206,0.7340917420846373,0.19314731820153247
seed29_random_area_proportional,29,random,area_proportional,207,0.7363223122140456,0.23857942823460065
seed29_random_area_proportional,29,random,area_proportional,208,0.7261561396117575,0.2484500226825949
seed29_random_area_proportional,29,random,area_proportional,209,0.8716768327770744,0.46650573325286665
seed29_random_area_proportional,29,random,area_proportional,210,0.8050985642888391,0.26750917244190786
seed29_random_area_proportional,29,random,area_proportional,211,0.6583030487672187,0.15698924731182795
seed29_random_area_proportional,29,random,area_proportional,213,0.8591619328883331,0.32025373810602625
seed29_random_area_proportional,29,random,area_proportional,214,0.8023128250796969,0.24539297527169632
seed29_random_area_proportional,29,random,area_proportional,215,0.7479315928398731,0.18412658702858214
seed29_random_area_proportional,29,random,area_proportional,218,0.7652847982567381,0.1997196916608269
seed29_random_area_proportional,29,random,area_proportional,219,0.9392082134245936,0.4040714204480837
seed29_random_area_proportional,29,random,area_proportional,577,0.803053531301846,0.2855671068652243
seed29_random_area_proportional,29,random,area_proportional,611,0.9582698410479372,0.34305846086094904
seed29_random_area_proportional,29,random,area_proportional,613,0.8370569405052164,0.29257195914577533
seed29_random_area_proportional,29,random,area_proportional,614,0.8828335480848073,0.2984220565285244
seed29_random_area_proportional,29,random,area_proportional,615,0.8232576179153809,0.2199865107913669
seed29_random_area_proportional,29,random,area_proportional,616,0.8305826207993637,0.2013031084566309
seed29_random_area_proportional,29,random,area_proportional,617,0.8434451488802088,0.2145218283369429
seed29_random_area_proportional,29,random,area_proportional,618,0.9114430816675861,0.277315243087676
seed29_random_area_proportional,29,random,area_proportional,619,0.7660571964369433,0.21809115562942874
seed29_random_area_proportional,29,random,area_proportional,647,0.8923388524009911,0.3236431690580162
seed29_random_area_proportional,29,random,area_proportional,651,0.8549037300074221,0.2713997502161591
seed29_random_area_proportional,29,random,area_proportional,653,0.7677063880357446,0.2598704191131808
seed29_random_area_proportional,29,random,area_proportional,663,0.8187581075458306,0.36270008685941185
seed29_random_area_proportional,29,random,area_proportional,664,0.8868190097698294,0.3492485430937532
seed29_random_area_proportional,29,random,area_proportional,665,0.9078460399703923,0.33814756671899526
seed29_random_area_proportional,29,random,area_proportional,666,0.9195562094238011,0.35517951472826575
seed29_random_area_proportional,29,random,area_proportional,667,0.7757073580510901,0.22958330303250674
seed29_random_area_proportional,29,random,area_proportional,668,0.7754279749478079,0.30876731963688486
seed29_random_area_proportional,29,random,area_proportional,669,0.8271745223701953,0.2721974631470689
seed29_random_area_proportional,29,random,area_proportional,674,0.751411019123296,0.2533540879104588
seed29_random_area_proportional,29,random,area_proportional,704,0.639949751441425,0.23395677747670346
seed29_random_area_proportional,29,random,area_proportional,705,0.7310735107550639,0.25491386506792135
seed29_random_area_proportional,29,random,area_proportional,706,0.8577251917971445,0.32504330611234844
seed29_random_area_proportional,29,random,area_proportional,707,0.6943462567094952,0.19795937827786783
seed29_random_area_proportional,29,random,area_proportional,708,0.7490479410613232,0.2313211947259844
seed29_random_area_proportional,29,random,area_proportional,709,0.8646044253616647,0.28064620355411957
seed29_random_area_proportional,29,random,area_proportional,710,0.8792972680133117,0.31634673979280925
seed29_random_area_proportional,29,random,area_proportional,711,0.5783093814156922,0.21041396660821834
seed29_random_area_proportional,29,random,area_proportional,712,0.7084098677021089,0.257235072619688
seed29_random_area_proportional,29,random,area_proportional,713,0.6038358748624431,0.22688255950058525
seed29_random_area_proportional,29,random,area_proportional,714,0.6731493451745264,0.17979440843318273
seed29_random_area_proportional,29,random,area_proportional,716,0.9083002195237169,0.293507022186037
seed29_random_area_proportional,29,random,area_proportional,723,0.884077330354107,0.400318767432594
seed29_random_area_proportional,29,random,area_proportional,724,0.1623639386429938,0.09659028615283412
seed29_random_area_proportional,29,random,area_proportional,725,0.8388680288031729,0.3098547717842324
seed29_random_area_proportional,29,random,area_proportional,728,0.8875206539699104,0.3257480942086699
seed29_random_area_proportional,29,random,area_proportional,729,0.8341978685277751,0.2361111111111111
seed29_random_area_proportional,29,random,area_proportional,730,0.7238748702207376,0.2104047104419766
seed29_random_area_proportional,29,random,area_proportional,731,0.8324371759074591,0.3278650378126818
seed29_random_area_proportional,29,random,area_proportional,732,0.9180244932137748,0.40824792581747193
seed29_random_area_proportional,29,random,area_proportional,733,0.8297164267678236,0.25
seed29_random_area_proportional,29,random,area_proportional,734,0.8754936454369211,0.2809987906381162
seed29_random_area_proportional,29,random,area_proportional,735,0.8899661092282904,0.3056194023935959
seed29_random_area_proportional,29,random,area_proportional,736,0.9147776613265459,0.34339862169024304
seed29_random_area_proportional,29,random,area_proportional,737,0.888267172469855,0.3774375797339165
seed29_random_area_proportional,29,random,area_proportional,745,0.8091516511083774,0.26593353668325576
seed29_random_area_proportional,29,random,area_proportional,746,0.7354845462565606,0.21498371335504887
seed29_random_area_proportional,29,random,area_proportional,747,0.8284143518518519,0.2668386357122385
seed29_random_area_proportional,29,random,area_proportional,748,0.8687922826359309,0.3062740300594198
seed29_random_area_proportional,29,random,area_proportional,749,0.8070879304580408,0.27266113778553763
seed29_random_area_proportional,29,random,area_proportional,750,0.9152508002723099,0.3182330827067669
seed29_random_area_proportional,29,random,area_proportional,751,0.8860640301318268,0.26057888941324525
seed29_random_area_proportional,29,random,area_proportional,752,0.7843834202832082,0.2703034435731333
seed29_random_area_proportional,29,random,area_proportional,753,0.8808385061565076,0.31313051702395966
seed29_random_area_proportional,29,random,area_proportional,754,0.8473587567458629,0.2795308573024295
seed29_random_area_proportional,29,random,area_proportional,755,0.8521468320825037,0.271500337407213
seed29_random_area_proportional,29,random,area_proportional,757,0.7956684661797396,0.2513289760348584
seed29_random_area_proportional,29,random,area_proportional,762,0.9115890083632019,0.3065248121419537
seed29_random_area_proportional,29,random,area_proportional,763,0.585272059719153,0.17925216968123936
seed29_random_area_proportional,29,random,area_proportional,764,0.5600615185365064,0.1155877034358047
seed29_random_area_proportional,29,random,area_proportional,765,0.6974983926588345,0.17478285632920404
seed29_random_area_proportional,29,random,area_proportional,766,0.8777076172967788,0.38263695450324975
seed29_random_area_proportional,29,random,area_proportional,767,0.8599935480897737,0.32943871706758304
seed29_random_area_proportional,29,random,area_proportional,769,0.8122960829703079,0.2654687372957151
seed29_random_area_proportional,29,random,area_proportional,770,0.8513332020127858,0.3311485328224261
seed29_random_area_proportional,29,random,area_proportional,771,0.78962734274065,0.26881549698316926
seed29_random_area_proportional,29,random,area_proportional,772,0.8494460295697929,0.3516936954227042
seed29_random_area_proportional,29,random,area_proportional,773,0.8159594700944386,0.30523821612930524
seed29_random_area_proportional,29,random,area_proportional,775,0.85453867446897,0.31140722483247324
seed29_random_area_proportional,29,random,area_proportional,776,0.7767641114685035,0.25458173219036356
seed29_random_area_proportional,29,random,area_proportional,777,0.7886387929298406,0.24799129561432876
seed29_random_area_proportional,29,random,area_proportional,778,0.8497344878725542,0.2559187194479057
seed29_random_area_proportional,29,random,area_proportional,779,0.7348938486663038,0.2032618951341151
seed29_random_area_proportional,29,random,area_proportional,782,0.7952109792379795,0.30143960674157305
seed29_random_area_proportional,29,random,area_proportional,791,0.8651165788498413,0.23863745096163047
seed29_random_area_proportional,29,random,area_proportional,792,0.740365827524046,0.23553409940844497
seed29_random_area_proportional,29,random,area_proportional,794,0.9152428560769977,0.3304339864493682
seed29_random_area_proportional,29,random,area_proportional,795,0.7206425111887683,0.19715012041744714
seed29_random_area_proportional,29,random,area_proportional,797,0.8389761945622595,0.23577749683944374
seed29_random_area_proportional,29,random,area_proportional,798,0.7419054349222665,0.18918471056120195
seed29_random_area_proportional,29,random,area_proportional,800,0.8020974289580515,0.2618853888178542
seed29_random_area_proportional,29,random,area_proportional,801,0.8034766360432032,0.25093167701863356
seed29_random_area_proportional,29,random,area_proportional,802,0.8644008409250176,0.2584024443474465
seed29_random_area_proportional,29,random,area_proportional,803,0.8143490008366364,0.23353916603066677
seed29_random_area_proportional,29,random,area_proportional,804,0.7885986928754256,0.1613920486541277
seed29_random_area_proportional,29,random,area_proportional,805,0.8247947671100575,0.24382988986252915
seed29_random_area_proportional,29,random,area_proportional,807,0.7729118647788388,0.22676265085750583
seed29_random_area_proportional,29,random,area_proportional,809,0.7876089467604747,0.18949429789194794
seed29_random_area_proportional,29,random,area_proportional,810,0.7039224100935542,0.265751211631664
seed29_random_area_proportional,29,random,area_proportional,812,0.8916160388821385,0.3385060799073538
seed29_random_area_proportional,29,random,area_proportional,813,0.8901232895271644,0.2814834818615537
seed29_random_area_proportional,29,random,area_proportional,814,0.8165146987459454,0.2688066992323796
seed29_random_area_proportional,29,random,area_proportional,815,0.8007269789983845,0.21380579107342826
seed29_random_area_proportional,29,random,area_proportional,816,0.8829244595579305,0.31847988077496275
seed29_random_area_proportional,29,random,area_proportional,817,0.8457856138934888,0.24378669669428135
seed29_random_area_proportional,29,random,area_proportional,818,0.8692557195206497,0.286360153256705
seed29_random_area_proportional,29,random,area_proportional,819,0.8783734685869581,0.3310489244241386
seed29_random_area_proportional,29,random,area_proportional,820,0.8178026607852286,0.324677768369555
seed29_random_area_proportional,29,random,area_proportional,823,0.7719279417401304,0.2733625189425829
seed29_random_area_proportional,29,random,area_proportional,824,0.8287179351282595,0.32156924531274617
seed29_random_area_proportional,29,random,area_proportional,825,0.792997108898169,0.19627618308766487
seed29_random_area_proportional,29,random,area_proportional,826,0.8527992929652497,0.28842376210797266
seed29_random_area_proportional,29,random,area_proportional,828,0.8455877786747811,0.3049350208103287
seed29_random_area_proportional,29,random,area_proportional,851,0.8938735388514514,0.2946035242290749
seed29_random_area_proportional,29,random,area_proportional,855,0.8427955337626277,0.323497009757633
seed29_random_area_proportional,29,random,area_proportional,858,0.9247698504027618,0.34285441345051587
seed29_random_area_proportional,29,random,area_proportional,860,0.8888073394495413,0.3214582371942778
seed29_random_area_proportional,29,random,area_proportional,862,0.8890456100057418,0.34458957993172035
seed29_random_area_proportional,29,random,area_proportional,864,0.8956508607671398,0.3502959625408605
seed29_random_area_proportional,29,random,area_proportional,866,0.85786208509292,0.2971765952615245
seed29_random_area_proportional,29,random,area_proportional,968,0.8406012247170161,0.22448514324796717
seed29_random_area_proportional,29,random,area_proportional,969,0.9090765025157482,0.2630470747480824
seed29_random_area_proportional,29,random,area_proportional,970,0.8400936719036717,0.170515574650913
seed29_random_area_proportional,29,random,area_proportional,972,0.819011750004339,0.16707909449179728
seed29_random_area_proportional,29,random,area_proportional,975,0.901576727983866,0.24198658218412225
seed29_random_area_proportional,29,random,area_proportional,976,0.815430388837591,0.34668657211578335
seed29_random_area_proportional,29,random,area_proportional,978,0.9030909690903091,0.22188834414043968
seed29_random_area_proportional,29,random,area_proportional,979,0.8081974248927039,0.3120187479075996
seed29_random_area_proportional,29,random,area_proportional,981,0.9028248945816556,0.3208761291919317
seed29_random_area_proportional,29,random,area_proportional,982,0.9392602340312988,0.36777449766688886
seed29_random_area_proportional,29,random,area_proportional,983,0.9653899400092294,0.5064953012714207
seed29_random_area_proportional,29,random,area_proportional,984,0.951374259279792,0.401142313184198
seed29_random_area_proportional,29,random,area_proportional,985,0.7695016026439473,0.2608251807741387
seed29_random_area_proportional,29,random,area_proportional,986,0.827154779640424,0.2711864406779661
seed29_random_area_proportional,29,random,area_proportional,1074,0.8135480117719527,0.34865636381533616
seed29_random_area_proportional,29,random,area_proportional,1075,0.8842698952398457,0.3147296176182216
seed29_random_area_proportional,29,random,area_proportional,1076,0.796941038624095,0.286136583011583
seed29_random_area_proportional,29,random,area_proportional,1078,0.8134634244474062,0.2932645377213778
seed29_random_area_proportional,29,random,area_proportional,1079,0.8867342712056825,0.2962180840852371
seed29_random_area_proportional,29,random,area_proportional,1080,0.7749244712990937,0.2765230212452249
seed29_random_area_proportional,29,random,area_proportional,1081,0.8573144038426461,0.3012815410331927
seed29_random_area_proportional,29,random,area_proportional,1083,0.7159385628426332,0.28278239072536426
seed29_random_area_proportional,29,random,area_proportional,1085,0.8374348084069829,0.2741711508418677
seed29_random_area_proportional,29,random,area_proportional,1087,0.7767457627118644,0.17333806692109702
seed29_random_area_proportional,29,random,area_proportional,1089,0.8694662598169176,0.26164902248667027
seed29_random_area_proportional,29,random,area_proportional,1091,0.8978508982782258,0.3359501557632399
seed29_random_area_proportional,29,random,area_proportional,1096,0.8601932127817686,0.31385281385281383
seed29_random_area_proportional,29,random,area_proportional,1108,0.6878991411583352,0.1624462930798062
seed29_random_area_proportional,29,random,area_proportional,1114,0.8450154813857669,0.18901782509869602
seed29_random_area_proportional,29,random,area_proportional,1243,0.9260185139349537,0.34268057164928545
seed29_random_area_proportional,29,random,area_proportional,1245,0.8982998720598366,0.28233311938382544
seed29_random_area_proportional,29,random,area_proportional,1247,0.902008602553967,0.26874251497005985
seed29_random_area_proportional,29,random,area_proportional,1252,0.5627892176917133,0.2711864406779661
seed29_random_area_proportional,29,random,area_proportional,1253,0.5830136522622137,0.3045039798097457
seed29_random_area_proportional,29,random,area_proportional,1261,0.8647838086476541,0.3201054878814517
seed29_random_area_proportional,29,random,area_proportional,1262,0.8925893797633063,0.33597961383906694
seed29_random_area_proportional,29,random,area_proportional,1263,0.9184808612440192,0.4054699370523117
seed29_random_area_proportional,29,random,area_proportional,1324,0.7098228380985792,0.21428571428571427
seed29_random_area_proportional,29,random,area_proportional,1326,0.8015653024620903,0.23705421221154907
seed29_random_area_proportional,29,random,area_proportional,1714,0.6659380472193708,0.15514721236166215
seed29_random_area_proportional,29,random,area_proportional,1715,0.6768551117888458,0.13737789203084833
seed29_random_area_proportional,29,random,area_proportional,1716,0.6113609188433621,0.1515215777754215
seed29_random_area_proportional,29,random,area_proportional,1717,0.7383590020715122,0.19667923317558353
seed29_random_area_proportional,29,random,area_proportional,1718,0.6444421221304908,0.1919331277390034
seed29_random_area_proportional,29,random,area_proportional,1719,0.7868590569440865,0.2466672552308643
seed29_random_area_proportional,29,random,area_proportional,1720,0.681623530616075,0.17055355099885594
seed29_random_area_proportional,29,random,area_proportional,1776,0.40142749918570236,0.1473299195318215
seed29_random_area_proportional,29,random,area_proportional,1830,0.8834615151698662,0.33315891762595307
seed29_random_area_proportional,29,random,area_proportional,1831,0.8258357522812183,0.2777678889284443
seed29_random_area_proportional,29,random,area_proportional,1832,0.8953534964978923,0.3315993568523598
seed29_random_area_proportional,29,random,area_proportional,1833,0.8286609285416636,0.21313169265451812
seed29_random_area_proportional,29,random,area_proportional,1834,0.5651805103148752,0.22269965920877166
seed29_random_area_proportional,29,random,area_proportional,1835,0.9054697247423792,0.35903395311236863
seed29_random_area_proportional,29,random,area_proportional,1836,0.9196942880128721,0.3258304195804196
seed29_random_area_proportional,29,random,area_proportional,1837,0.8058081105154362,0.21337855959611896
seed29_random_area_proportional,29,random,area_proportional,1838,0.8185873605947955,0.3171116504854369
seed29_random_area_proportional,29,random,area_proportional,1839,0.7821270779695496,0.27353206865401986
seed29_random_area_proportional,29,random,area_proportional,1840,0.7123919308357348,0.1854502627287552
seed29_random_area_proportional,29,random,area_proportional,1841,0.7583836747550425,0.2244402013539316
seed29_random_area_proportional,29,random,area_proportional,1842,0.810186531007752,0.2846454346818513
seed29_random_area_proportional,29,random,area_proportional,1843,0.8388708430007734,0.2866737023889475
seed29_random_area_proportional,29,random,area_proportional,1844,0.8323516435031988,0.23791078345620392
seed29_random_area_proportional,29,random,area_proportional,1845,0.8618337730870712,0.2782602129426867
seed29_random_area_proportional,29,random,area_proportional,1846,0.8962112449572601,0.3398409255242227
seed29_random_area_proportional,29,random,area_proportional,1847,0.8577152749411604,0.32906558849955075
seed29_random_area_proportional,29,random,area_proportional,1848,0.9382571084588058,0.3815997888067582
seed29_random_area_proportional,29,random,area_proportional,1849,0.7768931496954873,0.24913084702907712
seed29_random_area_proportional,29,random,area_proportional,1850,0.7902016909611344,0.27088926174496647
seed29_random_area_proportional,29,random,area_proportional,1851,0.81445523193096,0.33128279355889273
seed29_random_area_proportional,29,random,area_proportional,1852,0.8140119688085595,0.2825474115838032
seed29_random_area_proportional,29,random,area_proportional,1855,0.6998963898990309,0.15748821346173136
seed29_random_area_proportional,29,random,area_proportional,1856,0.9278869422127577,0.2953265337189831
seed29_random_area_proportional,29,random,area_proportional,1858,0.8493612361601168,0.28329561646131923
seed29_random_area_proportional,29,random,area_proportional,1872,0.7907198873919163,0.3504171632896305
seed29_random_area_proportional,29,random,area_proportional,1873,0.7783475333964447,0.21910150657849886
seed29_random_area_proportional,29,random,area_proportional,1874,0.6919336660763162,0.24690635451505016
seed29_random_area_proportional,29,random,area_proportional,1875,0.6954842954600547,0.2052593789265841
seed29_random_area_proportional,29,random,area_proportional,1876,0.8860947431912031,0.33992274483072027
seed29_random_area_proportional,29,random,area_proportional,1877,0.7782362402965243,0.2534416984574556
seed29_random_area_proportional,29,random,area_proportional,1890,0.6465701953234171,0.19091591591591592
seed29_random_area_proportional,29,random,area_proportional,1894,0.3791007493755204,0.1420812894183602
seed29_random_area_proportional,29,random,area_proportional,1896,0.5186931138267397,0.1298629121896999
seed29_random_equal_per_image,29,random,equal_per_image,26,0.9637177269097684,0.45443515772445403
seed29_random_equal_per_image,29,random,equal_per_image,27,0.8108954556107122,0.3395652834777322
seed29_random_equal_per_image,29,random,equal_per_image,28,0.5997031478694675,0.19001716624851445
seed29_random_equal_per_image,29,random,equal_per_image,29,0.8573130122950819,0.2697609492235212
seed29_random_equal_per_image,29,random,equal_per_image,30,0.841529657112372,0.28860914952410194
seed29_random_equal_per_image,29,random,equal_per_image,31,0.7842890182630193,0.2660381225660996
seed29_random_equal_per_image,29,random,equal_per_image,32,0.9508295991280126,0.3771156967308138
seed29_random_equal_per_image,29,random,equal_per_image,33,0.9545435687516423,0.3818620992534036
seed29_random_equal_per_image,29,random,equal_per_image,34,0.3565640194489465,0.1789945102571511
seed29_random_equal_per_image,29,random,equal_per_image,39,0.0,
seed29_random_equal_per_image,29,random,equal_per_image,56,0.8145346657320314,0.2107627118644068
seed29_random_equal_per_image,29,random,equal_per_image,64,0.7001632179647378,0.06481481481481481
seed29_random_equal_per_image,29,random,equal_per_image,65,0.774534967555876,0.12161789066813915
seed29_random_equal_per_image,29,random,equal_per_image,66,0.5591846113445378,0.20446473871131404
seed29_random_equal_per_image,29,random,equal_per_image,67,0.0653170899246419,0.014777238641376268
seed29_random_equal_per_image,29,random,equal_per_image,68,0.7043721674220208,0.27365072850400163
seed29_random_equal_per_image,29,random,equal_per_image,69,0.5916577865732988,0.16907467532467532
seed29_random_equal_per_image,29,random,equal_per_image,70,0.7637331772966647,0.15758283949586846
seed29_random_equal_per_image,29,random,equal_per_image,71,0.7053584064534391,0.13495460440985732
seed29_random_equal_per_image,29,random,equal_per_image,73,0.6668685571693337,0.1583758665346233
seed29_random_equal_per_image,29,random,equal_per_image,74,0.016147883858267716,0.03222712449645118
seed29_random_equal_per_image,29,random,equal_per_image,76,0.589135215834845,0.10213911318883695
seed29_random_equal_per_image,29,random,equal_per_image,79,0.588749848135099,0.07851140456182473
seed29_random_equal_per_image,29,random,equal_per_image,83,0.6884711120730972,0.1874421950467578
seed29_random_equal_per_image,29,random,equal_per_image,86,0.8600639866462652,0.2645879156423858
seed29_random_equal_per_image,29,random,equal_per_image,88,0.5501990384118286,0.11278688524590164
seed29_random_equal_per_image,29,random,equal_per_image,89,0.8662681076109451,0.26280732686844943
seed29_random_equal_per_image,29,random,equal_per_image,90,0.876460832336946,0.2969253923887336
seed29_random_equal_per_image,29,random,equal_per_image,91,0.7217096336499321,0.34234961647153817
seed29_random_equal_per_image,29,random,equal_per_image,92,0.8036541389534417,0.2744673768308921
seed29_random_equal_per_image,29,random,equal_per_image,93,0.8871898569762808,0.28842066352462803
seed29_random_equal_per_image,29,random,equal_per_image,94,0.8864984780477738,0.2971675468074892
seed29_random_equal_per_image,29,random,equal_per_image,95,0.8578715713994228,0.2574002574002574
seed29_random_equal_per_image,29,random,equal_per_image,96,0.884704825326357,0.21304992585269403
seed29_random_equal_per_image,29,random,equal_per_image,102,0.8620891625945512,0.3789173789173789
seed29_random_equal_per_image,29,random,equal_per_image,104,0.7563935671087245,0.2532092185271376
seed29_random_equal_per_image,29,random,equal_per_image,105,0.8408022524589758,0.25979791794243723
seed29_random_equal_per_image,29,random,equal_per_image,106,0.9157893346366722,0.3449114003449898
seed29_random_equal_per_image,29,random,equal_per_image,107,0.8774339563741367,0.24696588868940755
seed29_random_equal_per_image,29,random,equal_per_image,108,0.8796312829211678,0.37738954298012406
seed29_random_equal_per_image,29,random,equal_per_image,109,0.8207733850022674,0.2512673362027738
seed29_random_equal_per_image,29,random,equal_per_image,112,0.8262496033667897,0.29740889852379476
seed29_random_equal_per_image,29,random,equal_per_image,115,0.8865119843555931,0.4102934102934103
seed29_random_equal_per_image,29,random,equal_per_image,116,0.80857568393823,0.2595099499120076
seed29_random_equal_per_image,29,random,equal_per_image,117,0.7964485249635245,0.31368821292775667
seed29_random_equal_per_image,29,random,equal_per_image,118,0.8524265149556073,0.329939153110642
seed29_random_equal_per_image,29,random,equal_per_image,119,0.7824360561056105,0.2714827132802228
seed29_random_equal_per_image,29,random,equal_per_image,122,0.7495412101257624,0.23566023056793267
seed29_random_equal_per_image,29,random,equal_per_image,123,0.8365941888054766,0.2758440472457406
seed29_random_equal_per_image,29,random,equal_per_image,125,0.7294498926722505,0.26412624536397356
seed29_random_equal_per_image,29,random,equal_per_image,126,0.8127162520520268,0.2256114703401743
seed29_random_equal_per_image,29,random,equal_per_image,127,0.9126037444508782,0.46990291262135925
seed29_random_equal_per_image,29,random,equal_per_image,128,0.88630647266707,0.36818273294425435
seed29_random_equal_per_image,29,random,equal_per_image,132,0.720096593495774,0.2199676963456491
seed29_random_equal_per_image,29,random,equal_per_image,134,0.9601329345297441,0.39290376171828645
seed29_random_equal_per_image,29,random,equal_per_image,136,0.8976673580773376,0.34562306900102985
seed29_random_equal_per_image,29,random,equal_per_image,137,0.7974848688634836,0.17757868136917068
seed29_random_equal_per_image,29,random,equal_per_image,138,0.8071016095343408,0.2527433628318584
seed29_random_equal_per_image,29,random,equal_per_image,139,0.9323760452740941,0.34320594479830147
seed29_random_equal_per_image,29,random,equal_per_image,142,0.7772392881996222,0.27721600688468157
seed29_random_equal_per_image,29,random,equal_per_image,147,0.9702200162975035,0.4141825587854101
seed29_random_equal_per_image,29,random,equal_per_image,148,0.9532438478747204,0.3367713004484305
seed29_random_equal_per_image,29,random,equal_per_image,149,0.9289646253676512,0.2611081129699586
seed29_random_equal_per_image,29,random,equal_per_image,150,0.9002253203774117,0.3683499584372402
seed29_random_equal_per_image,29,random,equal_per_image,152,0.8618742125613659,0.3333333333333333
seed29_random_equal_per_image,29,random,equal_per_image,154,0.9391216362716519,0.3992315752706951
seed29_random_equal_per_image,29,random,equal_per_image,155,0.712996232975949,0.2521662387676508
seed29_random_equal_per_image,29,random,equal_per_image,156,0.8472978269389888,0.3225806451612903
seed29_random_equal_per_image,29,random,equal_per_image,158,0.8388151533796255,0.3022505155563526
seed29_random_equal_per_image,29,random,equal_per_image,159,0.8966102217698405,0.3691979662128916
seed29_random_equal_per_image,29,random,equal_per_image,160,0.9070729592468723,0.2691110342442062
seed29_random_equal_per_image,29,random,equal_per_image,161,0.8905137969783993,0.2169351127473539
seed29_random_equal_per_image,29,random,equal_per_image,162,0.9170854602772611,0.24326447254732542
seed29_random_equal_per_image,29,random,equal_per_image,164,0.8480681228475728,0.29357865957289586
seed29_random_equal_per_image,29,random,equal_per_image,166,0.8154305637449688,0.27921232089495057
seed29_random_equal_per_image,29,random,equal_per_image,173,0.5561760161563074,0.22541649735879724
seed29_random_equal_per_image,29,random,equal_per_image,188,0.7517977399840201,0.23153143234614115
seed29_random_equal_per_image,29,random,equal_per_image,189,0.8372857293090756,0.20758988015978694
seed29_random_equal_per_image,29,random,equal_per_image,190,0.6535012402213318,0.17933555531663262
seed29_random_equal_per_image,29,random,equal_per_image,193,0.7162251291634605,0.28653163977571805
seed29_random_equal_per_image,29,random,equal_per_image,200,0.5184984132286621,0.0658513640639699
seed29_random_equal_per_image,29,random,equal_per_image,201,0.8212041963507379,0.2860068259385666
seed29_random_equal_per_image,29,random,equal_per_image,202,0.8226462631394172,0.2861221106915922
seed29_random_equal_per_image,29,random,equal_per_image,203,0.6462511671949183,0.19102467270896273
seed29_random_equal_per_image,29,random,equal_per_image,204,0.7295853910646606,0.2144879497272288
seed29_random_equal_per_image,29,random,equal_per_image,205,0.5826154933176987,0.21088382863759167
seed29_random_equal_per_image,29,random,equal_per_image,206,0.705232796527493,0.21982493857493857
seed29_random_equal_per_image,29,random,equal_per_image,207,0.6614631204044118,0.20883650300094006
seed29_random_equal_per_image,29,random,equal_per_image,208,0.6407384148033474,0.20792282430213466
seed29_random_equal_per_image,29,random,equal_per_image,209,0.8866595957810383,0.5101713919589941
seed29_random_equal_per_image,29,random,equal_per_image,210,0.8014864540877488,0.24650065104166666
seed29_random_equal_per_image,29,random,equal_per_image,211,0.6993768434125031,0.20208041140719962
seed29_random_equal_per_image,29,random,equal_per_image,213,0.8328957322771572,0.28717213460403135
seed29_random_equal_per_image,29,random,equal_per_image,214,0.8011041251341818,0.1920006141563028
seed29_random_equal_per_image,29,random,equal_per_image,215,0.7095160214336439,0.15535426231542376
seed29_random_equal_per_image,29,random,equal_per_image,218,0.7523567286827221,0.18020917135961384
seed29_random_equal_per_image,29,random,equal_per_image,219,0.9394289100634717,0.37710549645390073
seed29_random_equal_per_image,29,random,equal_per_image,577,0.8741915161696766,0.3010530105301053
seed29_random_equal_per_image,29,random,equal_per_image,611,0.9188181015019142,0.3140583554376658
seed29_random_equal_per_image,29,random,equal_per_image,613,0.8001076443821049,0.2926309942603222
seed29_random_equal_per_image,29,random,equal_per_image,614,0.8559988878075907,0.30299192654741175
seed29_random_equal_per_image,29,random,equal_per_image,615,0.8340375305769856,0.224507563391011
seed29_random_equal_per_image,29,random,equal_per_image,616,0.8334695830757881,0.1737575060687364
seed29_random_equal_per_image,29,random,equal_per_image,617,0.803526496744329,0.1819526627218935
seed29_random_equal_per_image,29,random,equal_per_image,618,0.8297295378717967,0.2277041547277937
seed29_random_equal_per_image,29,random,equal_per_image,619,0.7817032590870735,0.28178368121442127
seed29_random_equal_per_image,29,random,equal_per_image,647,0.8791711676323284,0.30188457008244995
seed29_random_equal_per_image,29,random,equal_per_image,651,0.8028534017131322,0.20200546946216955
seed29_random_equal_per_image,29,random,equal_per_image,653,0.7998881431767337,0.25935511700636255
seed29_random_equal_per_image,29,random,equal_per_image,663,0.7879715888620104,0.3785938316779927
seed29_random_equal_per_image,29,random,equal_per_image,664,0.906622266469841,0.3287393595460073
seed29_random_equal_per_image,29,random,equal_per_image,665,0.8993328481319748,0.30955969853232845
seed29_random_equal_per_image,29,random,equal_per_image,666,0.9205917751903391,0.3711086837793555
seed29_random_equal_per_image,29,random,equal_per_image,667,0.7412721002089824,0.26359454575324465
seed29_random_equal_per_image,29,random,equal_per_image,668,0.7712696335078534,0.33424364758964614
seed29_random_equal_per_image,29,random,equal_per_image,669,0.8503031948592633,0.30019187162044303
seed29_random_equal_per_image,29,random,equal_per_image,674,0.7614112967153337,0.2801220510530624
seed29_random_equal_per_image,29,random,equal_per_image,704,0.632281261611768,0.23726541554959785
seed29_random_equal_per_image,29,random,equal_per_image,705,0.7578437293302275,0.2491441612780525
seed29_random_equal_per_image,29,random,equal_per_image,706,0.7698783735960811,0.2876017334319839
seed29_random_equal_per_image,29,random,equal_per_image,707,0.7873074226374335,0.23184173339613753
seed29_random_equal_per_image,29,random,equal_per_image,708,0.8414166116277825,0.23755372492836677
seed29_random_equal_per_image,29,random,equal_per_image,709,0.8985956911268115,0.3019623820194201
seed29_random_equal_per_image,29,random,equal_per_image,710,0.871013654065721,0.3217763001662313
seed29_random_equal_per_image,29,random,equal_per_image,711,0.621175185755797,0.23440262692599143
seed29_random_equal_per_image,29,random,equal_per_image,712,0.7394243674504151,0.2675854465270121
seed29_random_equal_per_image,29,random,equal_per_image,713,0.6440719382269573,0.2145858343337335
seed29_random_equal_per_image,29,random,equal_per_image,714,0.7673905145188787,0.23059066288367294
seed29_random_equal_per_image,29,random,equal_per_image,716,0.8909023769796767,0.2639062349889519
seed29_random_equal_per_image,29,random,equal_per_image,723,0.8416450176285025,0.38786178758128265
seed29_random_equal_per_image,29,random,equal_per_image,724,0.18167674747186105,0.09876028752995103
seed29_random_equal_per_image,29,random,equal_per_image,725,0.8276291822452305,0.29086310464748655
seed29_random_equal_per_image,29,random,equal_per_image,728,0.8788945944070502,0.3090095131505316
seed29_random_equal_per_image,29,random,equal_per_image,729,0.8866016260162601,0.2561290989965863
seed29_random_equal_per_image,29,random,equal_per_image,730,0.7942361399964347,0.21946303894047361
seed29_random_equal_per_image,29,random,equal_per_image,731,0.8110109011057957,0.3062867087230803
seed29_random_equal_per_image,29,random,equal_per_image,732,0.9185129487470929,0.408044523146977
seed29_random_equal_per_image,29,random,equal_per_image,733,0.8479149826446674,0.27786345156315717
seed29_random_equal_per_image,29,random,equal_per_image,734,0.8919754204242271,0.2812252822319695
seed29_random_equal_per_image,29,random,equal_per_image,735,0.8185942004409021,0.3451917250930494
seed29_random_equal_per_image,29,random,equal_per_image,736,0.9175054604328634,0.38091482649842273
seed29_random_equal_per_image,29,random,equal_per_image,737,0.90357317670093,0.3691246226821906
seed29_random_equal_per_image,29,random,equal_per_image,745,0.8082784159428941,0.23333070306951786
seed29_random_equal_per_image,29,random,equal_per_image,746,0.8079069997200771,0.22127755624106538
seed29_random_equal_per_image,29,random,equal_per_image,747,0.804087866380711,0.2822219007666715
seed29_random_equal_per_image,29,random,equal_per_image,748,0.9322237497163754,0.3309131527506283
seed29_random_equal_per_image,29,random,equal_per_image,749,0.7480166131960506,0.29683518841357115
seed29_random_equal_per_image,29,random,equal_per_image,750,0.9033937663161842,0.28638664417014476
seed29_random_equal_per_image,29,random,equal_per_image,751,0.8081859264041317,0.22710741129879577
seed29_random_equal_per_image,29,random,equal_per_image,752,0.7142095982341076,0.2411665731912507
seed29_random_equal_per_image,29,random,equal_per_image,753,0.7966101694915254,0.2824506749740395
seed29_random_equal_per_image,29,random,equal_per_image,754,0.8558592747201232,0.29269399485705644
seed29_random_equal_per_image,29,random,equal_per_image,755,0.835523102165554,0.25010956902848797
seed29_random_equal_per_image,29,random,equal_per_image,757,0.8257872615583576,0.29480705097665555
seed29_random_equal_per_image,29,random,equal_per_image,762,0.8942972131520996,0.2701173808513647
seed29_random_equal_per_image,29,random,equal_per_image,763,0.6464067354916307,0.20047987203412423
seed29_random_equal_per_image,29,random,equal_per_image,764,0.5848928713133184,0.14291301627033792
seed29_random_equal_per_image,29,random,equal_per_image,765,0.7876534146224684,0.2115552037989711
seed29_random_equal_per_image,29,random,equal_per_image,766,0.8736875766135479,0.3691940517716174
seed29_random_equal_per_image,29,random,equal_per_image,767,0.7166597424179476,0.2740462789243277
seed29_random_equal_per_image,29,random,equal_per_image,769,0.714977595576318,0.2593099403772847
seed29_random_equal_per_image,29,random,equal_per_image,770,0.8425889574931297,0.3164158552178617
seed29_random_equal_per_image,29,random,equal_per_image,771,0.6969144684252598,0.23533915173786557
seed29_random_equal_per_image,29,random,equal_per_image,772,0.7814095279326082,0.27761521580102416
seed29_random_equal_per_image,29,random,equal_per_image,773,0.7723694674825118,0.27184381019085974
seed29_random_equal_per_image,29,random,equal_per_image,775,0.7695006975859299,0.2553400441934692
seed29_random_equal_per_image,29,random,equal_per_image,776,0.7233621686377757,0.21940056105123285
seed29_random_equal_per_image,29,random,equal_per_image,777,0.7775788935350922,0.24949031600407748
seed29_random_equal_per_image,29,random,equal_per_image,778,0.7995368521919668,0.2381949733434882
seed29_random_equal_per_image,29,random,equal_per_image,779,0.7105998356614626,0.204965030558881
seed29_random_equal_per_image,29,random,equal_per_image,782,0.8080671402567696,0.30560530085959886
seed29_random_equal_per_image,29,random,equal_per_image,791,0.834502060172588,0.23188946975354743
seed29_random_equal_per_image,29,random,equal_per_image,792,0.7443383390765866,0.26242358863718085
seed29_random_equal_per_image,29,random,equal_per_image,794,0.9187568479966833,0.34046853468075333
seed29_random_equal_per_image,29,random,equal_per_image,795,0.6678725009882251,0.2197056253780496
seed29_random_equal_per_image,29,random,equal_per_image,797,0.8338765407895704,0.2419042704167204
seed29_random_equal_per_image,29,random,equal_per_image,798,0.7416548922642175,0.20464989059080962
seed29_random_equal_per_image,29,random,equal_per_image,800,0.7706731768127987,0.24422250609685286
seed29_random_equal_per_image,29,random,equal_per_image,801,0.7416706836419316,0.26248721780854245
seed29_random_equal_per_image,29,random,equal_per_image,802,0.8653986240388507,0.25244533947065595
seed29_random_equal_per_image,29,random,equal_per_image,803,0.794790878325313,0.27851083883129124
seed29_random_equal_per_image,29,random,equal_per_image,804,0.7967380843843388,0.18372280419016923
seed29_random_equal_per_image,29,random,equal_per_image,805,0.7865092212522403,0.2348111658456486
seed29_random_equal_per_image,29,random,equal_per_image,807,0.7815768302493966,0.22076788830715532
seed29_random_equal_per_image,29,random,equal_per_image,809,0.7661861563315522,0.20438036539731455
seed29_random_equal_per_image,29,random,equal_per_image,810,0.7133599378443283,0.300671474757523
seed29_random_equal_per_image,29,random,equal_per_image,812,0.8933190770185907,0.36026252983293555
seed29_random_equal_per_image,29,random,equal_per_image,813,0.9102319312629865,0.30648684585430713
seed29_random_equal_per_image,29,random,equal_per_image,814,0.8553246891274312,0.33011320754716983
seed29_random_equal_per_image,29,random,equal_per_image,815,0.756771759837503,0.19239271285921183
seed29_random_equal_per_image,29,random,equal_per_image,816,0.8966054870209798,0.35288552507095555
seed29_random_equal_per_image,29,random,equal_per_image,817,0.8473003335333603,0.27258792472111043
seed29_random_equal_per_image,29,random,equal_per_image,818,0.8663883856436371,0.27307813484562066
seed29_random_equal_per_image,29,random,equal_per_image,819,0.9053809396610571,0.35034083866969634
seed29_random_equal_per_image,29,random,equal_per_image,820,0.823485999565878,0.2955561899324389
seed29_random_equal_per_image,29,random,equal_per_image,823,0.7651489686783804,0.2432937181663837
seed29_random_equal_per_image,29,random,equal_per_image,824,0.8297913874103668,0.2897640096441879
seed29_random_equal_per_image,29,random,equal_per_image,825,0.8069902827628469,0.19968093592129751
seed29_random_equal_per_image,29,random,equal_per_image,826,0.8673987107527146,0.2921207041072925
seed29_random_equal_per_image,29,random,equal_per_image,828,0.8200611375285617,0.27960886790862344
seed29_random_equal_per_image,29,random,equal_per_image,851,0.8815631599155308,0.3110010222536762
seed29_random_equal_per_image,29,random,equal_per_image,855,0.8246273936421092,0.2837195484254308
seed29_random_equal_per_image,29,random,equal_per_image,858,0.900973292844351,0.35448262622384336
seed29_random_equal_per_image,29,random,equal_per_image,860,0.8932359246304863,0.3230448778640409
seed29_random_equal_per_image,29,random,equal_per_image,862,0.8612492741182114,0.360065851364064
seed29_random_equal_per_image,29,random,equal_per_image,864,0.8977261306532663,0.3627919808718043
seed29_random_equal_per_image,29,random,equal_per_image,866,0.852743075934155,0.3260544669545002
seed29_random_equal_per_image,29,random,equal_per_image,968,0.8073290625850925,0.20105134298264565
seed29_random_equal_per_image,29,random,equal_per_image,969,0.8787623547372438,0.23782495970849976
seed29_random_equal_per_image,29,random,equal_per_image,970,0.7829402284110012,0.13153657089583862
seed29_random_equal_per_image,29,random,equal_per_image,972,0.778134553963347,0.14866637516397027
seed29_random_equal_per_image,29,random,equal_per_image,975,0.9046067866736653,0.260848414088344
seed29_random_equal_per_image,29,random,equal_per_image,976,0.8728208143466117,0.3488273283480625
seed29_random_equal_per_image,29,random,equal_per_image,978,0.915663323742213,0.24756068059027497
seed29_random_equal_per_image,29,random,equal_per_image,979,0.7910663455222247,0.2938689217758985
seed29_random_equal_per_image,29,random,equal_per_image,981,0.9027142096860032,0.3397887323943662
seed29_random_equal_per_image,29,random,equal_per_image,982,0.9199202826342966,0.35349698934691987
seed29_random_equal_per_image,29,random,equal_per_image,983,0.9579333017124352,0.4742978272390037
seed29_random_equal_per_image,29,random,equal_per_image,984,0.9307976627590666,0.3644083441019014
seed29_random_equal_per_image,29,random,equal_per_image,985,0.763484159871675,0.24471222718462965
seed29_random_equal_per_image,29,random,equal_per_image,986,0.7773210469721924,0.2417621521599886
seed29_random_equal_per_image,29,random,equal_per_image,1074,0.7690120093882236,0.33080082135523614
seed29_random_equal_per_image,29,random,equal_per_image,1075,0.8184371632311467,0.2988826815642458
seed29_random_equal_per_image,29,random,equal_per_image,1076,0.7868082414790697,0.28714351425942963
seed29_random_equal_per_image,29,random,equal_per_image,1078,0.7449234633606486,0.2850992410974898
seed29_random_equal_per_image,29,random,equal_per_image,1079,0.8612058455888026,0.2638155579021471
seed29_random_equal_per_image,29,random,equal_per_image,1080,0.7817085840439808,0.27897052940392053
seed29_random_equal_per_image,29,random,equal_per_image,1081,0.8706861677298895,0.33066828886764577
seed29_random_equal_per_image,29,random,equal_per_image,1083,0.6942082411730974,0.30399787723332744
seed29_random_equal_per_image,29,random,equal_per_image,1085,0.8052517833639362,0.270679574427298
seed29_random_equal_per_image,29,random,equal_per_image,1087,0.7651201834486713,0.16857142857142857
seed29_random_equal_per_image,29,random,equal_per_image,1089,0.857600533100956,0.22891121288225735
seed29_random_equal_per_image,29,random,equal_per_image,1091,0.8676183720517823,0.32136176580621023
seed29_random_equal_per_image,29,random,equal_per_image,1096,0.9394256014574291,0.3519385026737968
seed29_random_equal_per_image,29,random,equal_per_image,1108,0.6584042399769253,0.16541635408852212
seed29_random_equal_per_image,29,random,equal_per_image,1114,0.7802253275509969,0.18290258449304175
seed29_random_equal_per_image,29,random,equal_per_image,1243,0.8323219178939203,0.28926626540556033
seed29_random_equal_per_image,29,random,equal_per_image,1245,0.834108047966374,0.2621217924166986
seed29_random_equal_per_image,29,random,equal_per_image,1247,0.9069663891624951,0.3191906005221932
seed29_random_equal_per_image,29,random,equal_per_image,1252,0.49622826264348013,0.27600368787193025
seed29_random_equal_per_image,29,random,equal_per_image,1253,0.45890927128943326,0.24460766084046115
seed29_random_equal_per_image,29,random,equal_per_image,1261,0.8411211540217292,0.248816029143898
seed29_random_equal_per_image,29,random,equal_per_image,1262,0.8902999573520353,0.36117884024170466
seed29_random_equal_per_image,29,random,equal_per_image,1263,0.8655852198958349,0.3420205586128128
seed29_random_equal_per_image,29,random,equal_per_image,1324,0.7484307265475985,0.22342710997442455
seed29_random_equal_per_image,29,random,equal_per_image,1326,0.7442567751045457,0.23185759926973984
seed29_random_equal_per_image,29,random,equal_per_image,1714,0.6292357100118448,0.1604438793203098
seed29_random_equal_per_image,29,random,equal_per_image,1715,0.6498712842966842,0.15844886896695506
seed29_random_equal_per_image,29,random,equal_per_image,1716,0.5927766899298756,0.12227926078028747
seed29_random_equal_per_image,29,random,equal_per_image,1717,0.7064392057792475,0.2029216891514329
seed29_random_equal_per_image,29,random,equal_per_image,1718,0.6069508929431483,0.19698023244263435
seed29_random_equal_per_image,29,random,equal_per_image,1719,0.8026823221541216,0.25889787194498654
seed29_random_equal_per_image,29,random,equal_per_image,1720,0.6055560569142376,0.13869061324737125
seed29_random_equal_per_image,29,random,equal_per_image,1776,0.42301463196693845,0.1598025605429585
seed29_random_equal_per_image,29,random,equal_per_image,1830,0.8406041292748739,0.31911507241763487
seed29_random_equal_per_image,29,random,equal_per_image,1831,0.9039325178750812,0.3354384511854229
seed29_random_equal_per_image,29,random,equal_per_image,1832,0.8714034245479276,0.35090854929997023
seed29_random_equal_per_image,29,random,equal_per_image,1833,0.8498262171861313,0.27343979621828157
seed29_random_equal_per_image,29,random,equal_per_image,1834,0.6094212278106509,0.21040614405313776
seed29_random_equal_per_image,29,random,equal_per_image,1835,0.8297688218568426,0.27699172834131475
seed29_random_equal_per_image,29,random,equal_per_image,1836,0.885578930464108,0.2840362456650632
seed29_random_equal_per_image,29,random,equal_per_image,1837,0.8720419799182603,0.2281086156976289
seed29_random_equal_per_image,29,random,equal_per_image,1838,0.8728255988754612,0.3072404699112923
seed29_random_equal_per_image,29,random,equal_per_image,1839,0.7439484821727613,0.25916003467023874
seed29_random_equal_per_image,29,random,equal_per_image,1840,0.77164124388339,0.18594975196031366
seed29_random_equal_per_image,29,random,equal_per_image,1841,0.7547335776712715,0.22622645896303184
seed29_random_equal_per_image,29,random,equal_per_image,1842,0.7684579888482984,0.24621416982152514
seed29_random_equal_per_image,29,random,equal_per_image,1843,0.8340469763256694,0.30048436811977103
seed29_random_equal_per_image,29,random,equal_per_image,1844,0.8011509448635197,0.23099778883360972
seed29_random_equal_per_image,29,random,equal_per_image,1845,0.8236636201366241,0.2707572235137828
seed29_random_equal_per_image,29,random,equal_per_image,1846,0.879340337227937,0.3381045519203414
seed29_random_equal_per_image,29,random,equal_per_image,1847,0.9157301208528982,0.33336931879520676
seed29_random_equal_per_image,29,random,equal_per_image,1848,0.1066303251163281,0.15790668634351232
seed29_random_equal_per_image,29,random,equal_per_image,1849,0.7881794722384083,0.24095622575793557
seed29_random_equal_per_image,29,random,equal_per_image,1850,0.8189260855154127,0.2937629376293763
seed29_random_equal_per_image,29,random,equal_per_image,1851,0.7793594306049823,0.31609464135415694
seed29_random_equal_per_image,29,random,equal_per_image,1852,0.7177579548679227,0.2930067866627324
seed29_random_equal_per_image,29,random,equal_per_image,1855,0.66369525047211,0.16321000521104742
seed29_random_equal_per_image,29,random,equal_per_image,1856,0.9436388508891929,0.3404255319148936
seed29_random_equal_per_image,29,random,equal_per_image,1858,0.882396852107241,0.3248730964467005
seed29_random_equal_per_image,29,random,equal_per_image,1872,0.692313490209084,0.33813914501257336
seed29_random_equal_per_image,29,random,equal_per_image,1873,0.6975324077120484,0.2278415401703073
seed29_random_equal_per_image,29,random,equal_per_image,1874,0.6800534602470907,0.25633520113740904
seed29_random_equal_per_image,29,random,equal_per_image,1875,0.695281838591921,0.2240123793919534
seed29_random_equal_per_image,29,random,equal_per_image,1876,0.8665371809100999,0.3106714375920859
seed29_random_equal_per_image,29,random,equal_per_image,1877,0.67186720564204,0.22639531836841645
seed29_random_equal_per_image,29,random,equal_per_image,1890,0.7024664232221328,0.22897381121924204
seed29_random_equal_per_image,29,random,equal_per_image,1894,0.3983637683587424,0.11993428258488499
seed29_random_equal_per_image,29,random,equal_per_image,1896,0.6267892514108457,0.18203785743052758
seed29_imagenet_reference,29,imagenet,reference,26,0.9629870780326555,0.4394998655552568
seed29_imagenet_reference,29,imagenet,reference,27,0.9520879564252572,0.3750454050127134
seed29_imagenet_reference,29,imagenet,reference,28,0.9411341996526739,0.3406546990496304
seed29_imagenet_reference,29,imagenet,reference,29,0.897029779157155,0.31411978850654415
seed29_imagenet_reference,29,imagenet,reference,30,0.855815881219982,0.3091779728651237
seed29_imagenet_reference,29,imagenet,reference,31,0.7489379386775028,0.2792947753171361
seed29_imagenet_reference,29,imagenet,reference,32,0.8716543367660432,0.38798102266736956
seed29_imagenet_reference,29,imagenet,reference,33,0.963164692009658,0.4303363074811256
seed29_imagenet_reference,29,imagenet,reference,34,0.4330818455715744,0.2182160213199561
seed29_imagenet_reference,29,imagenet,reference,39,0.0,
seed29_imagenet_reference,29,imagenet,reference,56,0.7492379760644271,0.28340929808568827
seed29_imagenet_reference,29,imagenet,reference,64,0.8867719792572165,0.12510890399024222
seed29_imagenet_reference,29,imagenet,reference,65,0.8469656992084432,0.13789047183374722
seed29_imagenet_reference,29,imagenet,reference,66,0.8125903788682156,0.18654738237243207
seed29_imagenet_reference,29,imagenet,reference,67,0.7471248002784238,0.12102689486552567
seed29_imagenet_reference,29,imagenet,reference,68,0.7158938844206547,0.3408801831595014
seed29_imagenet_reference,29,imagenet,reference,69,0.5988331143232589,0.19211123723041998
seed29_imagenet_reference,29,imagenet,reference,70,0.7928511832065684,0.2043744356376041
seed29_imagenet_reference,29,imagenet,reference,71,0.7366304747883695,0.2012795629358062
seed29_imagenet_reference,29,imagenet,reference,73,0.6408736899055096,0.22376184516359734
seed29_imagenet_reference,29,imagenet,reference,74,0.04939229854681426,0.0005252100840336134
seed29_imagenet_reference,29,imagenet,reference,76,0.8713507678720377,0.2502206531332745
seed29_imagenet_reference,29,imagenet,reference,79,0.832711722090957,0.21813752629830582
seed29_imagenet_reference,29,imagenet,reference,83,0.5823285337079382,0.2030487197369732
seed29_imagenet_reference,29,imagenet,reference,86,0.9098993452555458,0.3163833308259365
seed29_imagenet_reference,29,imagenet,reference,88,0.7373611643048641,0.16191709844559585
seed29_imagenet_reference,29,imagenet,reference,89,0.9252216409260362,0.38922428522610775
seed29_imagenet_reference,29,imagenet,reference,90,0.9236800124508774,0.3286341576149757
seed29_imagenet_reference,29,imagenet,reference,91,0.9615286145863557,0.474990153603781
seed29_imagenet_reference,29,imagenet,reference,92,0.9532565065389097,0.45397590361445783
seed29_imagenet_reference,29,imagenet,reference,93,0.925807926604422,0.31717391304347825
seed29_imagenet_reference,29,imagenet,reference,94,0.8789445718803053,0.27919660635442817
seed29_imagenet_reference,29,imagenet,reference,95,0.9197018008712444,0.3280564766285164
seed29_imagenet_reference,29,imagenet,reference,96,0.934979598325473,0.2738031199569661
seed29_imagenet_reference,29,imagenet,reference,102,0.8916360993840404,0.44877071976860605
seed29_imagenet_reference,29,imagenet,reference,104,0.8237225318819856,0.30239286831404444
seed29_imagenet_reference,29,imagenet,reference,105,0.8982216006831429,0.3371175523349436
seed29_imagenet_reference,29,imagenet,reference,106,0.9312586408593002,0.40569572820384714
seed29_imagenet_reference,29,imagenet,reference,107,0.9106650773509696,0.30011928429423457
seed29_imagenet_reference,29,imagenet,reference,108,0.9497036064980315,0.4984006978772899
seed29_imagenet_reference,29,imagenet,reference,109,0.8795567220764071,0.2933205292360222
seed29_imagenet_reference,29,imagenet,reference,112,0.8855890614952449,0.39286125503742086
seed29_imagenet_reference,29,imagenet,reference,115,0.9118102252108016,0.43603292348338585
seed29_imagenet_reference,29,imagenet,reference,116,0.852971496314623,0.2746314972847168
seed29_imagenet_reference,29,imagenet,reference,117,0.8732865851509919,0.37218120135701455
seed29_imagenet_reference,29,imagenet,reference,118,0.9030842717271489,0.34619808306709265
seed29_imagenet_reference,29,imagenet,reference,119,0.8682808856131057,0.36809540889526543
seed29_imagenet_reference,29,imagenet,reference,122,0.7551359203154181,0.27643527782053257
seed29_imagenet_reference,29,imagenet,reference,123,0.7995070925988637,0.29003617231173956
seed29_imagenet_reference,29,imagenet,reference,125,0.8288907876122309,0.323932384341637
seed29_imagenet_reference,29,imagenet,reference,126,0.9309001731102136,0.35147115017195263
seed29_imagenet_reference,29,imagenet,reference,127,0.9568078149598354,0.5291928355431496
seed29_imagenet_reference,29,imagenet,reference,128,0.9095920792079208,0.35334645669291337
seed29_imagenet_reference,29,imagenet,reference,132,0.6997146523162955,0.18028802880288028
seed29_imagenet_reference,29,imagenet,reference,134,0.9709920163987485,0.4761602034329307
seed29_imagenet_reference,29,imagenet,reference,136,0.9413479436659291,0.41530113944655456
seed29_imagenet_reference,29,imagenet,reference,137,0.842021450348432,0.22661978153523868
seed29_imagenet_reference,29,imagenet,reference,138,0.8371882929680754,0.32411496416419316
seed29_imagenet_reference,29,imagenet,reference,139,0.9460720283635007,0.4018702246550348
seed29_imagenet_reference,29,imagenet,reference,142,0.7427553828719443,0.26396249490419893
seed29_imagenet_reference,29,imagenet,reference,147,0.9740950036367706,0.414488854727133
seed29_imagenet_reference,29,imagenet,reference,148,0.9623500259175443,0.379578644960498
seed29_imagenet_reference,29,imagenet,reference,149,0.9464700678265998,0.3272412466333205
seed29_imagenet_reference,29,imagenet,reference,150,0.9114505126775065,0.4081700431750249
seed29_imagenet_reference,29,imagenet,reference,152,0.9119541662956037,0.38765455950540956
seed29_imagenet_reference,29,imagenet,reference,154,0.9401505675784108,0.42878283388827226
seed29_imagenet_reference,29,imagenet,reference,155,0.8495816768527858,0.34400502197112365
seed29_imagenet_reference,29,imagenet,reference,156,0.8480103088280261,0.37251655629139074
seed29_imagenet_reference,29,imagenet,reference,158,0.8585634761930497,0.3737925651283052
seed29_imagenet_reference,29,imagenet,reference,159,0.868568728217851,0.37283867718650326
seed29_imagenet_reference,29,imagenet,reference,160,0.9326772646984608,0.33217391304347826
seed29_imagenet_reference,29,imagenet,reference,161,0.9092243855729333,0.26903206940247587
seed29_imagenet_reference,29,imagenet,reference,162,0.9301541684572411,0.2857142857142857
seed29_imagenet_reference,29,imagenet,reference,164,0.8809077336518364,0.31265337423312883
seed29_imagenet_reference,29,imagenet,reference,166,0.8606946607126771,0.3240102270086
seed29_imagenet_reference,29,imagenet,reference,173,0.688225603507543,0.37295397121827967
seed29_imagenet_reference,29,imagenet,reference,188,0.6717411245779418,0.17937911184210525
seed29_imagenet_reference,29,imagenet,reference,189,0.7391304347826086,0.19009646302250804
seed29_imagenet_reference,29,imagenet,reference,190,0.882661996497373,0.29291567264806556
seed29_imagenet_reference,29,imagenet,reference,193,0.7317137102337004,0.33296969696969697
seed29_imagenet_reference,29,imagenet,reference,200,0.6221000354735722,0.1733734486649116
seed29_imagenet_reference,29,imagenet,reference,201,0.7595494760998883,0.2401080351114112
seed29_imagenet_reference,29,imagenet,reference,202,0.8965145298422232,0.3962412673423202
seed29_imagenet_reference,29,imagenet,reference,203,0.7010315073498412,0.22652489402974352
seed29_imagenet_reference,29,imagenet,reference,204,0.8388968585290373,0.3093567745752684
seed29_imagenet_reference,29,imagenet,reference,205,0.733909121726186,0.2459004551036625
seed29_imagenet_reference,29,imagenet,reference,206,0.7810300616509357,0.2903125727138757
seed29_imagenet_reference,29,imagenet,reference,207,0.7619638989169675,0.2886995776904034
seed29_imagenet_reference,29,imagenet,reference,208,0.8252622038068108,0.3368421052631579
seed29_imagenet_reference,29,imagenet,reference,209,0.9048881036513545,0.49852369852369854
seed29_imagenet_reference,29,imagenet,reference,210,0.8484376468692512,0.31291009044156765
seed29_imagenet_reference,29,imagenet,reference,211,0.7617075887452177,0.23600699650174914
seed29_imagenet_reference,29,imagenet,reference,213,0.8463741620962828,0.3519317160826595
seed29_imagenet_reference,29,imagenet,reference,214,0.8567572362751559,0.2770167427701674
seed29_imagenet_reference,29,imagenet,reference,215,0.8627214902317129,0.2636990675692937
seed29_imagenet_reference,29,imagenet,reference,218,0.8777221122378894,0.2926709898446103
seed29_imagenet_reference,29,imagenet,reference,219,0.9559378205634025,0.4295589988081049
seed29_imagenet_reference,29,imagenet,reference,577,0.86978300631859,0.29708222811671087
seed29_imagenet_reference,29,imagenet,reference,611,0.9621540279027903,0.3883272058823529
seed29_imagenet_reference,29,imagenet,reference,613,0.8644821869607876,0.3400080499094385
seed29_imagenet_reference,29,imagenet,reference,614,0.8352413581794379,0.3704798331015299
seed29_imagenet_reference,29,imagenet,reference,615,0.9097328490569516,0.3005955998541388
seed29_imagenet_reference,29,imagenet,reference,616,0.9097672644028997,0.2409343351845802
seed29_imagenet_reference,29,imagenet,reference,617,0.8628006486782205,0.25626005053985756
seed29_imagenet_reference,29,imagenet,reference,618,0.9160601438221835,0.25378247216671423
seed29_imagenet_reference,29,imagenet,reference,619,0.8703575256951889,0.34868063850580955
seed29_imagenet_reference,29,imagenet,reference,647,0.9159771837950436,0.358921956827181
seed29_imagenet_reference,29,imagenet,reference,651,0.8751074360570226,0.2506104111729661
seed29_imagenet_reference,29,imagenet,reference,653,0.7639599813866915,0.2859314818568822
seed29_imagenet_reference,29,imagenet,reference,663,0.8216103768967206,0.3757806136301928
seed29_imagenet_reference,29,imagenet,reference,664,0.9040585451005405,0.3802658256364046
seed29_imagenet_reference,29,imagenet,reference,665,0.8740420951645549,0.35434923726062967
seed29_imagenet_reference,29,imagenet,reference,666,0.9518153106570894,0.4352572526028505
seed29_imagenet_reference,29,imagenet,reference,667,0.8551808089762758,0.35876001393242773
seed29_imagenet_reference,29,imagenet,reference,668,0.7944405894118127,0.4021952175617405
seed29_imagenet_reference,29,imagenet,reference,669,0.8739694601763567,0.33493562231759655
seed29_imagenet_reference,29,imagenet,reference,674,0.7609012226954252,0.31130690161527164
seed29_imagenet_reference,29,imagenet,reference,704,0.8454708874079271,0.3147376597697903
seed29_imagenet_reference,29,imagenet,reference,705,0.88367168643478,0.32501846229588904
seed29_imagenet_reference,29,imagenet,reference,706,0.8469565573938537,0.30925333627440166
seed29_imagenet_reference,29,imagenet,reference,707,0.8376398534915838,0.2636334644413734
seed29_imagenet_reference,29,imagenet,reference,708,0.8480928811937662,0.2882926358459608
seed29_imagenet_reference,29,imagenet,reference,709,0.8681630115035993,0.29819620465365787
seed29_imagenet_reference,29,imagenet,reference,710,0.8524260566526674,0.33532745591939545
seed29_imagenet_reference,29,imagenet,reference,711,0.8247668393782384,0.3548646745145387
seed29_imagenet_reference,29,imagenet,reference,712,0.7806313036981696,0.3286301522053105
seed29_imagenet_reference,29,imagenet,reference,713,0.7266904545555285,0.23935247639236848
seed29_imagenet_reference,29,imagenet,reference,714,0.7901635346653865,0.3113651102464332
seed29_imagenet_reference,29,imagenet,reference,716,0.9474392195177208,0.37017581475128647
seed29_imagenet_reference,29,imagenet,reference,723,0.8901183608514024,0.44905130007027405
seed29_imagenet_reference,29,imagenet,reference,724,0.48476600892114613,0.22943095324392895
seed29_imagenet_reference,29,imagenet,reference,725,0.8896968664850137,0.4249231496807756
seed29_imagenet_reference,29,imagenet,reference,728,0.8642825933519309,0.3138445154419595
seed29_imagenet_reference,29,imagenet,reference,729,0.8582944227288628,0.3089124728974096
seed29_imagenet_reference,29,imagenet,reference,730,0.7840881080959957,0.24879876211417867
seed29_imagenet_reference,29,imagenet,reference,731,0.8373166495110653,0.35982142857142857
seed29_imagenet_reference,29,imagenet,reference,732,0.9434307230006155,0.4216592780240659
seed29_imagenet_reference,29,imagenet,reference,733,0.864103796251802,0.2854032031469514
seed29_imagenet_reference,29,imagenet,reference,734,0.9149988567027306,0.32621671258034896
seed29_imagenet_reference,29,imagenet,reference,735,0.9369269162210339,0.43509246729815065
seed29_imagenet_reference,29,imagenet,reference,736,0.9347537020247809,0.4406981356604522
seed29_imagenet_reference,29,imagenet,reference,737,0.9382651695524155,0.4385488895588383
seed29_imagenet_reference,29,imagenet,reference,745,0.8440033477820944,0.26402283774400126
seed29_imagenet_reference,29,imagenet,reference,746,0.7421756800854371,0.2320309082956699
seed29_imagenet_reference,29,imagenet,reference,747,0.8889851691384769,0.3612873980054397
seed29_imagenet_reference,29,imagenet,reference,748,0.8603896506025589,0.3030133034140087
seed29_imagenet_reference,29,imagenet,reference,749,0.864827183279999,0.32109930634823075
seed29_imagenet_reference,29,imagenet,reference,750,0.8095676997324526,0.29518072289156627
seed29_imagenet_reference,29,imagenet,reference,751,0.9115309700038956,0.28694714131607335
seed29_imagenet_reference,29,imagenet,reference,752,0.8133367959372114,0.2682209310877399
seed29_imagenet_reference,29,imagenet,reference,753,0.9440424188200621,0.41369184179131874
seed29_imagenet_reference,29,imagenet,reference,754,0.9215475314808919,0.3402609956500725
seed29_imagenet_reference,29,imagenet,reference,755,0.896023879683135,0.31163741693644575
seed29_imagenet_reference,29,imagenet,reference,757,0.8504055385703818,0.34347238315952106
seed29_imagenet_reference,29,imagenet,reference,762,0.8938847349302842,0.3319209039548023
seed29_imagenet_reference,29,imagenet,reference,763,0.7534613863126896,0.31066176470588236
seed29_imagenet_reference,29,imagenet,reference,764,0.5916281213477967,0.18770252114123132
seed29_imagenet_reference,29,imagenet,reference,765,0.7107059254872099,0.20026771770655163
seed29_imagenet_reference,29,imagenet,reference,766,0.8655930668736257,0.332976540897333
seed29_imagenet_reference,29,imagenet,reference,767,0.9046613648626457,0.4938831615120275
seed29_imagenet_reference,29,imagenet,reference,769,0.8097150610583447,0.37560227770477445
seed29_imagenet_reference,29,imagenet,reference,770,0.858027397260274,0.3420672580977924
seed29_imagenet_reference,29,imagenet,reference,771,0.857718099011187,0.37908725301626156
seed29_imagenet_reference,29,imagenet,reference,772,0.8281307310669678,0.36291806472561966
seed29_imagenet_reference,29,imagenet,reference,773,0.8331575682382134,0.34474905842165193
seed29_imagenet_reference,29,imagenet,reference,775,0.862610996186375,0.3557792155922997
seed29_imagenet_reference,29,imagenet,reference,776,0.8468011761127446,0.32076214471301473
seed29_imagenet_reference,29,imagenet,reference,777,0.8453379417500356,0.36590721932473236
seed29_imagenet_reference,29,imagenet,reference,778,0.8906877262257321,0.3350015320192013
seed29_imagenet_reference,29,imagenet,reference,779,0.8254476718179589,0.324301722696103
seed29_imagenet_reference,29,imagenet,reference,782,0.8657234155260505,0.42984338124865906
seed29_imagenet_reference,29,imagenet,reference,791,0.924500344589938,0.32084309133489464
seed29_imagenet_reference,29,imagenet,reference,792,0.8098723496030302,0.2994288396839058
seed29_imagenet_reference,29,imagenet,reference,794,0.9468522281122534,0.4327515936879507
seed29_imagenet_reference,29,imagenet,reference,795,0.7608608742004265,0.2966977745872218
seed29_imagenet_reference,29,imagenet,reference,797,0.9291195375952962,0.31893004115226337
seed29_imagenet_reference,29,imagenet,reference,798,0.8447548610555435,0.2969808629501961
seed29_imagenet_reference,29,imagenet,reference,800,0.6924623633738916,0.19985268843604223
seed29_imagenet_reference,29,imagenet,reference,801,0.8232184229758517,0.32036727879799665
seed29_imagenet_reference,29,imagenet,reference,802,0.9052150639379275,0.2773391812865497
seed29_imagenet_reference,29,imagenet,reference,803,0.7915684929464046,0.29829972321075526
seed29_imagenet_reference,29,imagenet,reference,804,0.8319917751197372,0.2174244348488697
seed29_imagenet_reference,29,imagenet,reference,805,0.6642308271809553,0.2633473305338932
seed29_imagenet_reference,29,imagenet,reference,807,0.8317941024799588,0.24493361285814116
seed29_imagenet_reference,29,imagenet,reference,809,0.7844785193794984,0.26505376344086023
seed29_imagenet_reference,29,imagenet,reference,810,0.7794916318764548,0.3693841494194851
seed29_imagenet_reference,29,imagenet,reference,812,0.9366937237280766,0.3909198891381813
seed29_imagenet_reference,29,imagenet,reference,813,0.9385679012345679,0.4118405501235629
seed29_imagenet_reference,29,imagenet,reference,814,0.8486604100036701,0.35033860045146725
seed29_imagenet_reference,29,imagenet,reference,815,0.8236444281140097,0.2621579930177803
seed29_imagenet_reference,29,imagenet,reference,816,0.8926766289418745,0.3802629389249459
seed29_imagenet_reference,29,imagenet,reference,817,0.8763431641518061,0.32492890995260665
seed29_imagenet_reference,29,imagenet,reference,818,0.8893446735912489,0.3539369736956333
seed29_imagenet_reference,29,imagenet,reference,819,0.9007810324868485,0.3580110497237569
seed29_imagenet_reference,29,imagenet,reference,820,0.8317970023513798,0.27010869565217394
seed29_imagenet_reference,29,imagenet,reference,823,0.8955187306643796,0.3660747663551402
seed29_imagenet_reference,29,imagenet,reference,824,0.9495852619641044,0.45492055131243964
seed29_imagenet_reference,29,imagenet,reference,825,0.8211501081092887,0.29373737373737374
seed29_imagenet_reference,29,imagenet,reference,826,0.8815491721178697,0.37205904966938336
seed29_imagenet_reference,29,imagenet,reference,828,0.8683174682829676,0.38005415162454875
seed29_imagenet_reference,29,imagenet,reference,851,0.9178609936639085,0.3270158511371468
seed29_imagenet_reference,29,imagenet,reference,855,0.8992689252144526,0.32332761578044594
seed29_imagenet_reference,29,imagenet,reference,858,0.9040649125571136,0.3319268635724332
seed29_imagenet_reference,29,imagenet,reference,860,0.898167063897401,0.325510398778859
seed29_imagenet_reference,29,imagenet,reference,862,0.9215193727639491,0.39670961990436826
seed29_imagenet_reference,29,imagenet,reference,864,0.922438089511856,0.3927038626609442
seed29_imagenet_reference,29,imagenet,reference,866,0.9217864773588806,0.3928983358049102
seed29_imagenet_reference,29,imagenet,reference,968,0.8741233408682548,0.2881127140808234
seed29_imagenet_reference,29,imagenet,reference,969,0.9337819542884447,0.31301669638515156
seed29_imagenet_reference,29,imagenet,reference,970,0.8771734244358537,0.22786661466458658
seed29_imagenet_reference,29,imagenet,reference,972,0.8770314493316324,0.23967206132879046
seed29_imagenet_reference,29,imagenet,reference,975,0.9317618453668471,0.2920924694910209
seed29_imagenet_reference,29,imagenet,reference,976,0.8941847173387738,0.3527952365200132
seed29_imagenet_reference,29,imagenet,reference,978,0.9280837313852206,0.2927816901408451
seed29_imagenet_reference,29,imagenet,reference,979,0.856187048271458,0.2771584343722028
seed29_imagenet_reference,29,imagenet,reference,981,0.9610034574254241,0.46795323284969714
seed29_imagenet_reference,29,imagenet,reference,982,0.9541834475078023,0.478446037187078
seed29_imagenet_reference,29,imagenet,reference,983,0.96838961938858,0.5397398843930635
seed29_imagenet_reference,29,imagenet,reference,984,0.965566571709356,0.4251363911901394
seed29_imagenet_reference,29,imagenet,reference,985,0.8673622267549955,0.3277096114519427
seed29_imagenet_reference,29,imagenet,reference,986,0.7987734712388482,0.2887052341597796
seed29_imagenet_reference,29,imagenet,reference,1074,0.8097582138864323,0.30196116131513173
seed29_imagenet_reference,29,imagenet,reference,1075,0.924018729406324,0.41319930790145837
seed29_imagenet_reference,29,imagenet,reference,1076,0.7847848760087892,0.29801245210727967
seed29_imagenet_reference,29,imagenet,reference,1078,0.7224169371839474,0.2621567611575753
seed29_imagenet_reference,29,imagenet,reference,1079,0.9371248220805742,0.33900364520048604
seed29_imagenet_reference,29,imagenet,reference,1080,0.7638503627799715,0.32630614115490375
seed29_imagenet_reference,29,imagenet,reference,1081,0.8670353780053022,0.3410557962684588
seed29_imagenet_reference,29,imagenet,reference,1083,0.657966303525739,0.3125227520931926
seed29_imagenet_reference,29,imagenet,reference,1085,0.8358313817330211,0.33895392546450437
seed29_imagenet_reference,29,imagenet,reference,1087,0.7582012788434807,0.22884778911564627
seed29_imagenet_reference,29,imagenet,reference,1089,0.7295149830089589,0.23487292469903218
seed29_imagenet_reference,29,imagenet,reference,1091,0.9476676807185281,0.3968462549277267
seed29_imagenet_reference,29,imagenet,reference,1096,0.9149678460777422,0.31597332486503654
seed29_imagenet_reference,29,imagenet,reference,1108,0.8811555724129212,0.25601224311324877
seed29_imagenet_reference,29,imagenet,reference,1114,0.8601813726728471,0.2181494208985618
seed29_imagenet_reference,29,imagenet,reference,1243,0.9485051693892531,0.4036948057327479
seed29_imagenet_reference,29,imagenet,reference,1245,0.9475264406444598,0.3534140017286085
seed29_imagenet_reference,29,imagenet,reference,1247,0.9251198919284026,0.3354253243999661
seed29_imagenet_reference,29,imagenet,reference,1252,0.6721626845491421,0.33537069376091444
seed29_imagenet_reference,29,imagenet,reference,1253,0.6547886529433699,0.3718231514337777
seed29_imagenet_reference,29,imagenet,reference,1261,0.8822719321100234,0.35651074589127685
seed29_imagenet_reference,29,imagenet,reference,1262,0.8320462721746682,0.3173108151997402
seed29_imagenet_reference,29,imagenet,reference,1263,0.9023229188635473,0.4404327741308048
seed29_imagenet_reference,29,imagenet,reference,1324,0.8674167710066377,0.24582449017255698
seed29_imagenet_reference,29,imagenet,reference,1326,0.8489817553819059,0.2534749801429706
seed29_imagenet_reference,29,imagenet,reference,1714,0.7922446444447151,0.216830326558575
seed29_imagenet_reference,29,imagenet,reference,1715,0.7149480859158278,0.21943261125713767
seed29_imagenet_reference,29,imagenet,reference,1716,0.8175728920409772,0.21262026523359626
seed29_imagenet_reference,29,imagenet,reference,1717,0.720064108458901,0.2161646969119329
seed29_imagenet_reference,29,imagenet,reference,1718,0.7134385140427436,0.20309910507126283
seed29_imagenet_reference,29,imagenet,reference,1719,0.7563521735943113,0.2670802102179719
seed29_imagenet_reference,29,imagenet,reference,1720,0.6767538038949416,0.17669083087708118
seed29_imagenet_reference,29,imagenet,reference,1776,0.6291925815967981,0.26265109608686743
seed29_imagenet_reference,29,imagenet,reference,1830,0.9058760869026681,0.362578125
seed29_imagenet_reference,29,imagenet,reference,1831,0.8526459542505975,0.31673287472144174
seed29_imagenet_reference,29,imagenet,reference,1832,0.8820546501504483,0.387528047868362
seed29_imagenet_reference,29,imagenet,reference,1833,0.9141466655113653,0.3493108413906604
seed29_imagenet_reference,29,imagenet,reference,1834,0.727200580855411,0.29344909234412
seed29_imagenet_reference,29,imagenet,reference,1835,0.9213497065518683,0.32719836400818
seed29_imagenet_reference,29,imagenet,reference,1836,0.9303174912349046,0.3411399850283392
seed29_imagenet_reference,29,imagenet,reference,1837,0.8955355445322087,0.33169949202388377
seed29_imagenet_reference,29,imagenet,reference,1838,0.8849313460861401,0.323130677847659
seed29_imagenet_reference,29,imagenet,reference,1839,0.8456596678157318,0.28545044120664886
seed29_imagenet_reference,29,imagenet,reference,1840,0.8445626477541371,0.2479829361031253
seed29_imagenet_reference,29,imagenet,reference,1841,0.8397258055810439,0.26978136387298285
seed29_imagenet_reference,29,imagenet,reference,1842,0.8628186339560807,0.32398910238026957
seed29_imagenet_reference,29,imagenet,reference,1843,0.8401704537162704,0.3102871754523997
seed29_imagenet_reference,29,imagenet,reference,1844,0.9212694169971299,0.32703792176769186
seed29_imagenet_reference,29,imagenet,reference,1845,0.9321150235692964,0.40052545751041857
seed29_imagenet_reference,29,imagenet,reference,1846,0.8997720844660461,0.37322377960367326
seed29_imagenet_reference,29,imagenet,reference,1847,0.8986630175490504,0.36995934512690914
seed29_imagenet_reference,29,imagenet,reference,1848,0.9601096497798016,0.44961128707169595
seed29_imagenet_reference,29,imagenet,reference,1849,0.8199781791732331,0.3091075514874142
seed29_imagenet_reference,29,imagenet,reference,1850,0.8018790982938049,0.35981047937569677
seed29_imagenet_reference,29,imagenet,reference,1851,0.8545128680805572,0.32147406733393996
seed29_imagenet_reference,29,imagenet,reference,1852,0.7717139709613933,0.32226339794754844
seed29_imagenet_reference,29,imagenet,reference,1855,0.8977652196249679,0.318211192968851
seed29_imagenet_reference,29,imagenet,reference,1856,0.9512885356454721,0.39778801843317974
seed29_imagenet_reference,29,imagenet,reference,1858,0.915610103690599,0.4031949493017027
seed29_imagenet_reference,29,imagenet,reference,1872,0.8799525936730787,0.413854351687389
seed29_imagenet_reference,29,imagenet,reference,1873,0.826173577387623,0.33248569612205975
seed29_imagenet_reference,29,imagenet,reference,1874,0.7290355348364744,0.2840355153203343
seed29_imagenet_reference,29,imagenet,reference,1875,0.7983581875537712,0.3303562665619786
seed29_imagenet_reference,29,imagenet,reference,1876,0.9251190971740437,0.41829121540312875
seed29_imagenet_reference,29,imagenet,reference,1877,0.7834238596950461,0.287836420831877
seed29_imagenet_reference,29,imagenet,reference,1890,0.7355411382163937,0.2579493283455195
seed29_imagenet_reference,29,imagenet,reference,1894,0.39272483820575765,0.21267438409023448
seed29_imagenet_reference,29,imagenet,reference,1896,0.5379163108454312,0.23058408215661105
seed29_imagenet_area_proportional,29,imagenet,area_proportional,26,0.9601151452627376,0.4214788264967476
seed29_imagenet_area_proportional,29,imagenet,area_proportional,27,0.9342900115886283,0.34785568413886997
seed29_imagenet_area_proportional,29,imagenet,area_proportional,28,0.7070210340434092,0.25952673632452367
seed29_imagenet_area_proportional,29,imagenet,area_proportional,29,0.8246960972488804,0.3412211762673806
seed29_imagenet_area_proportional,29,imagenet,area_proportional,30,0.8623011015911872,0.3123069419606568
seed29_imagenet_area_proportional,29,imagenet,area_proportional,31,0.7531103595916975,0.2765751211631664
seed29_imagenet_area_proportional,29,imagenet,area_proportional,32,0.9263591756624141,0.3617043442025211
seed29_imagenet_area_proportional,29,imagenet,area_proportional,33,0.9418404438492443,0.40932203389830507
seed29_imagenet_area_proportional,29,imagenet,area_proportional,34,0.6913272374619008,0.23801065719360567
seed29_imagenet_area_proportional,29,imagenet,area_proportional,39,0.0,
seed29_imagenet_area_proportional,29,imagenet,area_proportional,56,0.8245147781267617,0.3364147181439188
seed29_imagenet_area_proportional,29,imagenet,area_proportional,64,0.874074919505983,0.09999314175982443
seed29_imagenet_area_proportional,29,imagenet,area_proportional,65,0.8352700420733278,0.14910691172663734
seed29_imagenet_area_proportional,29,imagenet,area_proportional,66,0.8203516353992731,0.18971004243281472
seed29_imagenet_area_proportional,29,imagenet,area_proportional,67,0.7729585265327151,0.16471595775049958
seed29_imagenet_area_proportional,29,imagenet,area_proportional,68,0.7274546351625459,0.2887921411029248
seed29_imagenet_area_proportional,29,imagenet,area_proportional,69,0.5727040549310222,0.1948542973072667
seed29_imagenet_area_proportional,29,imagenet,area_proportional,70,0.7789333494763605,0.19523527085804665
seed29_imagenet_area_proportional,29,imagenet,area_proportional,71,0.7402226453786436,0.20252160811989534
seed29_imagenet_area_proportional,29,imagenet,area_proportional,73,0.7400792418615627,0.21829977251663998
seed29_imagenet_area_proportional,29,imagenet,area_proportional,74,0.10825449778111516,0.021424260712130355
seed29_imagenet_area_proportional,29,imagenet,area_proportional,76,0.8729007011250611,0.26276517922457937
seed29_imagenet_area_proportional,29,imagenet,area_proportional,79,0.8495053045655024,0.2365650361921474
seed29_imagenet_area_proportional,29,imagenet,area_proportional,83,0.5858249986908939,0.17560321715817695
seed29_imagenet_area_proportional,29,imagenet,area_proportional,86,0.9048637612114435,0.3117420881396037
seed29_imagenet_area_proportional,29,imagenet,area_proportional,88,0.7222497829591963,0.17430340557275542
seed29_imagenet_area_proportional,29,imagenet,area_proportional,89,0.9237243062290774,0.39544326641100835
seed29_imagenet_area_proportional,29,imagenet,area_proportional,90,0.9178261805514785,0.31049811922945403
seed29_imagenet_area_proportional,29,imagenet,area_proportional,91,0.9550699897575965,0.46595989270660365
seed29_imagenet_area_proportional,29,imagenet,area_proportional,92,0.9642306050756755,0.514804930740882
seed29_imagenet_area_proportional,29,imagenet,area_proportional,93,0.9486624470054338,0.38752783964365256
seed29_imagenet_area_proportional,29,imagenet,area_proportional,94,0.892681838464971,0.3414240931482311
seed29_imagenet_area_proportional,29,imagenet,area_proportional,95,0.9151268492662349,0.3012073272273106
seed29_imagenet_area_proportional,29,imagenet,area_proportional,96,0.9398558573014026,0.2890432923570283
seed29_imagenet_area_proportional,29,imagenet,area_proportional,102,0.8607035412359871,0.38392671247137206
seed29_imagenet_area_proportional,29,imagenet,area_proportional,104,0.8221349664488529,0.29800654103722163
seed29_imagenet_area_proportional,29,imagenet,area_proportional,105,0.9113870024227665,0.36075538985248823
seed29_imagenet_area_proportional,29,imagenet,area_proportional,106,0.9389912615252853,0.4354111744195935
seed29_imagenet_area_proportional,29,imagenet,area_proportional,107,0.8988426809105939,0.29928538138884575
seed29_imagenet_area_proportional,29,imagenet,area_proportional,108,0.945020583537669,0.4871432608081379
seed29_imagenet_area_proportional,29,imagenet,area_proportional,109,0.8459409788968926,0.2662588538312943
seed29_imagenet_area_proportional,29,imagenet,area_proportional,112,0.8605531246304337,0.35327831270059606
seed29_imagenet_area_proportional,29,imagenet,area_proportional,115,0.8835825673999173,0.4114949258391881
seed29_imagenet_area_proportional,29,imagenet,area_proportional,116,0.8785664308481692,0.29420751113940163
seed29_imagenet_area_proportional,29,imagenet,area_proportional,117,0.8114478114478114,0.3414967416438932
seed29_imagenet_area_proportional,29,imagenet,area_proportional,118,0.8873830883756442,0.3615363953800698
seed29_imagenet_area_proportional,29,imagenet,area_proportional,119,0.8788434474817689,0.35470908329845124
seed29_imagenet_area_proportional,29,imagenet,area_proportional,122,0.8029628599248853,0.32275047862156986
seed29_imagenet_area_proportional,29,imagenet,area_proportional,123,0.7890165836858458,0.27450368984513046
seed29_imagenet_area_proportional,29,imagenet,area_proportional,125,0.8039495662481815,0.3076276175258599
seed29_imagenet_area_proportional,29,imagenet,area_proportional,126,0.9210659865450429,0.3389880296687964
seed29_imagenet_area_proportional,29,imagenet,area_proportional,127,0.9334755471280715,0.451966473243069
seed29_imagenet_area_proportional,29,imagenet,area_proportional,128,0.9051063627278352,0.3535031847133758
seed29_imagenet_area_proportional,29,imagenet,area_proportional,132,0.7836889479763747,0.19742941424357355
seed29_imagenet_area_proportional,29,imagenet,area_proportional,134,0.9621491900539964,0.44541851807373606
seed29_imagenet_area_proportional,29,imagenet,area_proportional,136,0.9510984866342935,0.3960583453958357
seed29_imagenet_area_proportional,29,imagenet,area_proportional,137,0.8530825987232984,0.2528151391929934
seed29_imagenet_area_proportional,29,imagenet,area_proportional,138,0.9102205518165661,0.3193895731660082
seed29_imagenet_area_proportional,29,imagenet,area_proportional,139,0.9455511515068681,0.399294090857338
seed29_imagenet_area_proportional,29,imagenet,area_proportional,142,0.8620510729772803,0.30121850475010326
seed29_imagenet_area_proportional,29,imagenet,area_proportional,147,0.9719280551353169,0.39395645645645644
seed29_imagenet_area_proportional,29,imagenet,area_proportional,148,0.9586508306359183,0.36641748131109836
seed29_imagenet_area_proportional,29,imagenet,area_proportional,149,0.9491074058799269,0.3387672422108614
seed29_imagenet_area_proportional,29,imagenet,area_proportional,150,0.9323029852453392,0.4114740008594757
seed29_imagenet_area_proportional,29,imagenet,area_proportional,152,0.919141618064902,0.37405231235784686
seed29_imagenet_area_proportional,29,imagenet,area_proportional,154,0.9490476077519747,0.45278682244780694
seed29_imagenet_area_proportional,29,imagenet,area_proportional,155,0.9025883175935642,0.36649164677804297
seed29_imagenet_area_proportional,29,imagenet,area_proportional,156,0.8390879478827361,0.3353609548949845
seed29_imagenet_area_proportional,29,imagenet,area_proportional,158,0.8602483354327874,0.34953038144527504
seed29_imagenet_area_proportional,29,imagenet,area_proportional,159,0.9141040213818316,0.3627700127064803
seed29_imagenet_area_proportional,29,imagenet,area_proportional,160,0.9239430205196973,0.3297108480496798
seed29_imagenet_area_proportional,29,imagenet,area_proportional,161,0.9221698879324346,0.27222381361596487
seed29_imagenet_area_proportional,29,imagenet,area_proportional,162,0.9351991795314692,0.33041374708041377
seed29_imagenet_area_proportional,29,imagenet,area_proportional,164,0.8699039916761256,0.3174035461532608
seed29_imagenet_area_proportional,29,imagenet,area_proportional,166,0.8580106203859603,0.32717573055179555
seed29_imagenet_area_proportional,29,imagenet,area_proportional,173,0.655337606007639,0.3979863441731281
seed29_imagenet_area_proportional,29,imagenet,area_proportional,188,0.7385718048083073,0.22377551020408162
seed29_imagenet_area_proportional,29,imagenet,area_proportional,189,0.7763176355048403,0.27368709721650897
seed29_imagenet_area_proportional,29,imagenet,area_proportional,190,0.8879016553067186,0.3297349294570329
seed29_imagenet_area_proportional,29,imagenet,area_proportional,193,0.7324165242628909,0.3313818758385169
seed29_imagenet_area_proportional,29,imagenet,area_proportional,200,0.6624578849236205,0.184006734006734
seed29_imagenet_area_proportional,29,imagenet,area_proportional,201,0.6782838417964285,0.22333255867999072
seed29_imagenet_area_proportional,29,imagenet,area_proportional,202,0.8546522077766461,0.3618736801689384
seed29_imagenet_area_proportional,29,imagenet,area_proportional,203,0.8618113229617499,0.30174799708667155
seed29_imagenet_area_proportional,29,imagenet,area_proportional,204,0.8765993887900058,0.31834403997144894
seed29_imagenet_area_proportional,29,imagenet,area_proportional,205,0.7779760870595296,0.29318457802064357
seed29_imagenet_area_proportional,29,imagenet,area_proportional,206,0.8557663224301084,0.33599355098750505
seed29_imagenet_area_proportional,29,imagenet,area_proportional,207,0.8229023436896504,0.31393579796135707
seed29_imagenet_area_proportional,29,imagenet,area_proportional,208,0.8085120123998967,0.32987033276050615
seed29_imagenet_area_proportional,29,imagenet,area_proportional,209,0.9082330255930817,0.42962641181581235
seed29_imagenet_area_proportional,29,imagenet,area_proportional,210,0.853903230584845,0.3548740416210296
seed29_imagenet_area_proportional,29,imagenet,area_proportional,211,0.7516347696950825,0.22582199205106587
seed29_imagenet_area_proportional,29,imagenet,area_proportional,213,0.736462370368101,0.3135927805978567
seed29_imagenet_area_proportional,29,imagenet,area_proportional,214,0.8814377753376814,0.29647687952186225
seed29_imagenet_area_proportional,29,imagenet,area_proportional,215,0.8499035239159135,0.260361579141557
seed29_imagenet_area_proportional,29,imagenet,area_proportional,218,0.8463761370027734,0.2953361879412105
seed29_imagenet_area_proportional,29,imagenet,area_proportional,219,0.955041196361385,0.4338823529411765
seed29_imagenet_area_proportional,29,imagenet,area_proportional,577,0.907105525136884,0.29745729813664595
seed29_imagenet_area_proportional,29,imagenet,area_proportional,611,0.959659490643028,0.3696462877161261
seed29_imagenet_area_proportional,29,imagenet,area_proportional,613,0.8379391419906634,0.3195726080621661
seed29_imagenet_area_proportional,29,imagenet,area_proportional,614,0.8671219075338632,0.35894826123833756
seed29_imagenet_area_proportional,29,imagenet,area_proportional,615,0.8779131732272275,0.3016385875836603
seed29_imagenet_area_proportional,29,imagenet,area_proportional,616,0.8797137408493448,0.2334442092530995
seed29_imagenet_area_proportional,29,imagenet,area_proportional,617,0.8588839625773941,0.26322946175637396
seed29_imagenet_area_proportional,29,imagenet,area_proportional,618,0.9225859104025182,0.2703393999016232
seed29_imagenet_area_proportional,29,imagenet,area_proportional,619,0.8839484707184067,0.34785435630689204
seed29_imagenet_area_proportional,29,imagenet,area_proportional,647,0.846030837265315,0.3451206140350877
seed29_imagenet_area_proportional,29,imagenet,area_proportional,651,0.8533158863453353,0.282602056398249
seed29_imagenet_area_proportional,29,imagenet,area_proportional,653,0.8165623421741326,0.3152280396212039
seed29_imagenet_area_proportional,29,imagenet,area_proportional,663,0.8246301023569358,0.33570340274250887
seed29_imagenet_area_proportional,29,imagenet,area_proportional,664,0.8440993788819876,0.28717111972261883
seed29_imagenet_area_proportional,29,imagenet,area_proportional,665,0.8718161327618625,0.3649500126018651
seed29_imagenet_area_proportional,29,imagenet,area_proportional,666,0.9139364631607226,0.3827510517651363
seed29_imagenet_area_proportional,29,imagenet,area_proportional,667,0.8146343296670258,0.29200552401411695
seed29_imagenet_area_proportional,29,imagenet,area_proportional,668,0.8142600859443447,0.45488292404340375
seed29_imagenet_area_proportional,29,imagenet,area_proportional,669,0.8711766719926958,0.35060209650870655
seed29_imagenet_area_proportional,29,imagenet,area_proportional,674,0.7912000454778011,0.3593283280858965
seed29_imagenet_area_proportional,29,imagenet,area_proportional,704,0.8582823204005274,0.32490004136219497
seed29_imagenet_area_proportional,29,imagenet,area_proportional,705,0.8783842500337115,0.3257291836402151
seed29_imagenet_area_proportional,29,imagenet,area_proportional,706,0.8732242516489092,0.32900378310214373
seed29_imagenet_area_proportional,29,imagenet,area_proportional,707,0.8734017395486793,0.2856837378381268
seed29_imagenet_area_proportional,29,imagenet,area_proportional,708,0.879129704669076,0.29171888556830233
seed29_imagenet_area_proportional,29,imagenet,area_proportional,709,0.9377118429706076,0.3635307781649245
seed29_imagenet_area_proportional,29,imagenet,area_proportional,710,0.9258155033321641,0.40088621352729703
seed29_imagenet_area_proportional,29,imagenet,area_proportional,711,0.8163593124165555,0.3513348277970247
seed29_imagenet_area_proportional,29,imagenet,area_proportional,712,0.8566018742659923,0.376325692781389
seed29_imagenet_area_proportional,29,imagenet,area_proportional,713,0.8025941849449829,0.31937826185613793
seed29_imagenet_area_proportional,29,imagenet,area_proportional,714,0.8045635519092719,0.30523738051978827
seed29_imagenet_area_proportional,29,imagenet,area_proportional,716,0.9527900670757814,0.38851643598615915
seed29_imagenet_area_proportional,29,imagenet,area_proportional,723,0.9226564432352213,0.5226173541963016
seed29_imagenet_area_proportional,29,imagenet,area_proportional,724,0.3544787832092001,0.1560303239145417
seed29_imagenet_area_proportional,29,imagenet,area_proportional,725,0.9165915238954012,0.39730315434625574
seed29_imagenet_area_proportional,29,imagenet,area_proportional,728,0.8887635770552105,0.3459759481961147
seed29_imagenet_area_proportional,29,imagenet,area_proportional,729,0.8550917994511742,0.30118462226195797
seed29_imagenet_area_proportional,29,imagenet,area_proportional,730,0.7842981405398144,0.2686652977412731
seed29_imagenet_area_proportional,29,imagenet,area_proportional,731,0.8418555103621925,0.3747120552853852
seed29_imagenet_area_proportional,29,imagenet,area_proportional,732,0.9180884968217914,0.3931656027037176
seed29_imagenet_area_proportional,29,imagenet,area_proportional,733,0.8647752835878045,0.30150608921236577
seed29_imagenet_area_proportional,29,imagenet,area_proportional,734,0.9121791463237782,0.3450628641521006
seed29_imagenet_area_proportional,29,imagenet,area_proportional,735,0.9461368338446172,0.47220723151645977
seed29_imagenet_area_proportional,29,imagenet,area_proportional,736,0.924468085106383,0.43209759788159635
seed29_imagenet_area_proportional,29,imagenet,area_proportional,737,0.9237626415786282,0.42428626543209874
seed29_imagenet_area_proportional,29,imagenet,area_proportional,745,0.8167900630239247,0.21882476076555024
seed29_imagenet_area_proportional,29,imagenet,area_proportional,746,0.8392917597670797,0.2972784368457781
seed29_imagenet_area_proportional,29,imagenet,area_proportional,747,0.8905692775062739,0.38221337823358337
seed29_imagenet_area_proportional,29,imagenet,area_proportional,748,0.9310970935158909,0.35636017151024296
seed29_imagenet_area_proportional,29,imagenet,area_proportional,749,0.8551336146272855,0.3037534178473776
seed29_imagenet_area_proportional,29,imagenet,area_proportional,750,0.9355225915442865,0.3387143268953589
seed29_imagenet_area_proportional,29,imagenet,area_proportional,751,0.9076047594412829,0.29944097869237624
seed29_imagenet_area_proportional,29,imagenet,area_proportional,752,0.7978438629082983,0.28228711581206406
seed29_imagenet_area_proportional,29,imagenet,area_proportional,753,0.8970519419747309,0.339695865674006
seed29_imagenet_area_proportional,29,imagenet,area_proportional,754,0.9179902647932097,0.3262416894798592
seed29_imagenet_area_proportional,29,imagenet,area_proportional,755,0.9179714490580797,0.33996726113552167
seed29_imagenet_area_proportional,29,imagenet,area_proportional,757,0.8727663734115347,0.4165239726027397
seed29_imagenet_area_proportional,29,imagenet,area_proportional,762,0.9021031675132086,0.3353636429555507
seed29_imagenet_area_proportional,29,imagenet,area_proportional,763,0.7293731443148078,0.2415869980879541
seed29_imagenet_area_proportional,29,imagenet,area_proportional,764,0.6595255903408483,0.21309059384482013
seed29_imagenet_area_proportional,29,imagenet,area_proportional,765,0.7524727212691551,0.2157095396298054
seed29_imagenet_area_proportional,29,imagenet,area_proportional,766,0.8409110996073282,0.3244571530694308
seed29_imagenet_area_proportional,29,imagenet,area_proportional,767,0.9194705677464298,0.48032139452539835
seed29_imagenet_area_proportional,29,imagenet,area_proportional,769,0.8434143788018267,0.33521620568757304
seed29_imagenet_area_proportional,29,imagenet,area_proportional,770,0.8552008050498582,0.36034519048621344
seed29_imagenet_area_proportional,29,imagenet,area_proportional,771,0.8440001925329311,0.34008166042871724
seed29_imagenet_area_proportional,29,imagenet,area_proportional,772,0.8141934239706875,0.3648589065255732
seed29_imagenet_area_proportional,29,imagenet,area_proportional,773,0.8261879685273527,0.34783766983394016
seed29_imagenet_area_proportional,29,imagenet,area_proportional,775,0.806148409893993,0.32893401015228424
seed29_imagenet_area_proportional,29,imagenet,area_proportional,776,0.8035241908671706,0.28967510153077164
seed29_imagenet_area_proportional,29,imagenet,area_proportional,777,0.8764295981501156,0.3795059469350412
seed29_imagenet_area_proportional,29,imagenet,area_proportional,778,0.8962282944320861,0.3568511333469471
seed29_imagenet_area_proportional,29,imagenet,area_proportional,779,0.821668541107939,0.34230207169259863
seed29_imagenet_area_proportional,29,imagenet,area_proportional,782,0.8518712423157468,0.363885893539849
seed29_imagenet_area_proportional,29,imagenet,area_proportional,791,0.9391042476450607,0.341301775147929
seed29_imagenet_area_proportional,29,imagenet,area_proportional,792,0.8716286967595868,0.3130123358535615
seed29_imagenet_area_proportional,29,imagenet,area_proportional,794,0.9321680344717329,0.34618320610687026
seed29_imagenet_area_proportional,29,imagenet,area_proportional,795,0.7764496610831862,0.3243680641183724
seed29_imagenet_area_proportional,29,imagenet,area_proportional,797,0.8750776262513351,0.2522779043280182
seed29_imagenet_area_proportional,29,imagenet,area_proportional,798,0.8232443285407676,0.2890719651078265
seed29_imagenet_area_proportional,29,imagenet,area_proportional,800,0.8224219635314721,0.18628558517849073
seed29_imagenet_area_proportional,29,imagenet,area_proportional,801,0.7892481317675767,0.32283866575901976
seed29_imagenet_area_proportional,29,imagenet,area_proportional,802,0.8716896079851888,0.21676101063095402
seed29_imagenet_area_proportional,29,imagenet,area_proportional,803,0.8025376104899608,0.30112342492788824
seed29_imagenet_area_proportional,29,imagenet,area_proportional,804,0.8428236243913515,0.21073635427394438
seed29_imagenet_area_proportional,29,imagenet,area_proportional,805,0.7614553827044549,0.2984673997748723
seed29_imagenet_area_proportional,29,imagenet,area_proportional,807,0.8526120715944545,0.24479581390058014
seed29_imagenet_area_proportional,29,imagenet,area_proportional,809,0.7717213022670592,0.2597927723022492
seed29_imagenet_area_proportional,29,imagenet,area_proportional,810,0.7727691411169803,0.346227255376002
seed29_imagenet_area_proportional,29,imagenet,area_proportional,812,0.9322539258027792,0.3768134224801312
seed29_imagenet_area_proportional,29,imagenet,area_proportional,813,0.9452752600350034,0.386066610455312
seed29_imagenet_area_proportional,29,imagenet,area_proportional,814,0.8567306419589675,0.3816204287515763
seed29_imagenet_area_proportional,29,imagenet,area_proportional,815,0.8657372832130114,0.29504785684560964
seed29_imagenet_area_proportional,29,imagenet,area_proportional,816,0.9066123213351326,0.402632017324671
seed29_imagenet_area_proportional,29,imagenet,area_proportional,817,0.8947560459448021,0.34562656883568255
seed29_imagenet_area_proportional,29,imagenet,area_proportional,818,0.9010918842985761,0.37417247771206635
seed29_imagenet_area_proportional,29,imagenet,area_proportional,819,0.8846522322283963,0.3037030127786587
seed29_imagenet_area_proportional,29,imagenet,area_proportional,820,0.8045372466966666,0.227288763450344
seed29_imagenet_area_proportional,29,imagenet,area_proportional,823,0.8758500516584682,0.3583946245346409
seed29_imagenet_area_proportional,29,imagenet,area_proportional,824,0.9136723971360887,0.3667398195562058
seed29_imagenet_area_proportional,29,imagenet,area_proportional,825,0.8110316872248616,0.2482140537732173
seed29_imagenet_area_proportional,29,imagenet,area_proportional,826,0.879691701465905,0.32483660130718955
seed29_imagenet_area_proportional,29,imagenet,area_proportional,828,0.8725854791382259,0.35051096165603984
seed29_imagenet_area_proportional,29,imagenet,area_proportional,851,0.8992143471200688,0.3096523257659946
seed29_imagenet_area_proportional,29,imagenet,area_proportional,855,0.889806059606938,0.3008620032039057
seed29_imagenet_area_proportional,29,imagenet,area_proportional,858,0.9049999211617603,0.32992279787926704
seed29_imagenet_area_proportional,29,imagenet,area_proportional,860,0.8836995689959726,0.30469687182799665
seed29_imagenet_area_proportional,29,imagenet,area_proportional,862,0.909577707846919,0.3894974226804124
seed29_imagenet_area_proportional,29,imagenet,area_proportional,864,0.9136867445709413,0.37342342342342344
seed29_imagenet_area_proportional,29,imagenet,area_proportional,866,0.9260773387841962,0.38065548908922403
seed29_imagenet_area_proportional,29,imagenet,area_proportional,968,0.8463895221362296,0.27297690195445
seed29_imagenet_area_proportional,29,imagenet,area_proportional,969,0.9107154737668489,0.2874517515111791
seed29_imagenet_area_proportional,29,imagenet,area_proportional,970,0.8662405388766161,0.20318379160636757
seed29_imagenet_area_proportional,29,imagenet,area_proportional,972,0.8414249968497417,0.2263190059075168
seed29_imagenet_area_proportional,29,imagenet,area_proportional,975,0.9121591243818117,0.27070338739084543
seed29_imagenet_area_proportional,29,imagenet,area_proportional,976,0.8934327960570134,0.34264853977844917
seed29_imagenet_area_proportional,29,imagenet,area_proportional,978,0.9184029717350016,0.28517469310670446
seed29_imagenet_area_proportional,29,imagenet,area_proportional,979,0.9244522868876778,0.33247765734930596
seed29_imagenet_area_proportional,29,imagenet,area_proportional,981,0.9652661425441423,0.509532819094746
seed29_imagenet_area_proportional,29,imagenet,area_proportional,982,0.9610425204249432,0.47030464663042365
seed29_imagenet_area_proportional,29,imagenet,area_proportional,983,0.9631113884965345,0.47700123575449677
seed29_imagenet_area_proportional,29,imagenet,area_proportional,984,0.9517338389089353,0.413499661541437
seed29_imagenet_area_proportional,29,imagenet,area_proportional,985,0.9364678453468039,0.41146131805157593
seed29_imagenet_area_proportional,29,imagenet,area_proportional,986,0.8288933983852165,0.3079275853517401
seed29_imagenet_area_proportional,29,imagenet,area_proportional,1074,0.8283032539642418,0.3061776061776062
seed29_imagenet_area_proportional,29,imagenet,area_proportional,1075,0.9335494514368777,0.40869780084012847
seed29_imagenet_area_proportional,29,imagenet,area_proportional,1076,0.8147899371333215,0.31729377713458756
seed29_imagenet_area_proportional,29,imagenet,area_proportional,1078,0.7897055535829355,0.28491207329688195
seed29_imagenet_area_proportional,29,imagenet,area_proportional,1079,0.9361021870752502,0.35048622366288495
seed29_imagenet_area_proportional,29,imagenet,area_proportional,1080,0.7770713183554209,0.3001981038630253
seed29_imagenet_area_proportional,29,imagenet,area_proportional,1081,0.8615110896672346,0.31539904502046384
seed29_imagenet_area_proportional,29,imagenet,area_proportional,1083,0.7599764713166774,0.33150708024275116
seed29_imagenet_area_proportional,29,imagenet,area_proportional,1085,0.8530741715596949,0.389275614531216
seed29_imagenet_area_proportional,29,imagenet,area_proportional,1087,0.8104022191400833,0.20957973940172508
seed29_imagenet_area_proportional,29,imagenet,area_proportional,1089,0.8276149992409291,0.3200358949257628
seed29_imagenet_area_proportional,29,imagenet,area_proportional,1091,0.9138969521044993,0.36926841834106133
seed29_imagenet_area_proportional,29,imagenet,area_proportional,1096,0.9170132077939062,0.3002394253790902
seed29_imagenet_area_proportional,29,imagenet,area_proportional,1108,0.7893722409898241,0.20071798120578607
seed29_imagenet_area_proportional,29,imagenet,area_proportional,1114,0.8038194444444444,0.1711830010743703
seed29_imagenet_area_proportional,29,imagenet,area_proportional,1243,0.9157739606425006,0.3127023567502447
seed29_imagenet_area_proportional,29,imagenet,area_proportional,1245,0.9207240795702617,0.31373685517926636
seed29_imagenet_area_proportional,29,imagenet,area_proportional,1247,0.9166902385474334,0.33582787652011226
seed29_imagenet_area_proportional,29,imagenet,area_proportional,1252,0.5812202707647274,0.34802593778215546
seed29_imagenet_area_proportional,29,imagenet,area_proportional,1253,0.5934353353708193,0.3588488645262334
seed29_imagenet_area_proportional,29,imagenet,area_proportional,1261,0.8479305281096466,0.27677773522277543
seed29_imagenet_area_proportional,29,imagenet,area_proportional,1262,0.8247333968468606,0.30215371621621623
seed29_imagenet_area_proportional,29,imagenet,area_proportional,1263,0.9271696467509812,0.46157564040599325
seed29_imagenet_area_proportional,29,imagenet,area_proportional,1324,0.7932604276907054,0.20471146822498174
seed29_imagenet_area_proportional,29,imagenet,area_proportional,1326,0.7877676988132588,0.2310736756647047
seed29_imagenet_area_proportional,29,imagenet,area_proportional,1714,0.8695774338175111,0.31635158359931254
seed29_imagenet_area_proportional,29,imagenet,area_proportional,1715,0.7278794620285165,0.19484423392239023
seed29_imagenet_area_proportional,29,imagenet,area_proportional,1716,0.7890958326117418,0.23737595503644507
seed29_imagenet_area_proportional,29,imagenet,area_proportional,1717,0.7280981358060465,0.2602375742419506
seed29_imagenet_area_proportional,29,imagenet,area_proportional,1718,0.7076478893348351,0.2074358622581973
seed29_imagenet_area_proportional,29,imagenet,area_proportional,1719,0.7154845384526957,0.23083661848445028
seed29_imagenet_area_proportional,29,imagenet,area_proportional,1720,0.670955561549079,0.1816963288405689
seed29_imagenet_area_proportional,29,imagenet,area_proportional,1776,0.4732926888432492,0.17982957041201791
seed29_imagenet_area_proportional,29,imagenet,area_proportional,1830,0.9042831463459989,0.37212710165047047
seed29_imagenet_area_proportional,29,imagenet,area_proportional,1831,0.8401110340041638,0.298265042451089
seed29_imagenet_area_proportional,29,imagenet,area_proportional,1832,0.9404958407556914,0.44063214805572887
seed29_imagenet_area_proportional,29,imagenet,area_proportional,1833,0.9007703938368493,0.3539180588703262
seed29_imagenet_area_proportional,29,imagenet,area_proportional,1834,0.7790701583352944,0.3332044839582528
seed29_imagenet_area_proportional,29,imagenet,area_proportional,1835,0.9455324546748345,0.36236075407026563
seed29_imagenet_area_proportional,29,imagenet,area_proportional,1836,0.9402013216784346,0.3640577835273825
seed29_imagenet_area_proportional,29,imagenet,area_proportional,1837,0.9158708034346876,0.32851861404866306
seed29_imagenet_area_proportional,29,imagenet,area_proportional,1838,0.8939650421226675,0.39169455430483724
seed29_imagenet_area_proportional,29,imagenet,area_proportional,1839,0.8430820009029908,0.29648907940395997
seed29_imagenet_area_proportional,29,imagenet,area_proportional,1840,0.8492232713981115,0.2679493195682778
seed29_imagenet_area_proportional,29,imagenet,area_proportional,1841,0.8338445863186533,0.2654680063458488
seed29_imagenet_area_proportional,29,imagenet,area_proportional,1842,0.8920926941447019,0.35691705554719255
seed29_imagenet_area_proportional,29,imagenet,area_proportional,1843,0.8054409032239763,0.2803930744033692
seed29_imagenet_area_proportional,29,imagenet,area_proportional,1844,0.9483961263233933,0.3905981571138529
seed29_imagenet_area_proportional,29,imagenet,area_proportional,1845,0.9303700342945596,0.4090542357687136
seed29_imagenet_area_proportional,29,imagenet,area_proportional,1846,0.894773807064656,0.36904761904761907
seed29_imagenet_area_proportional,29,imagenet,area_proportional,1847,0.8727976627892388,0.38514623726585606
seed29_imagenet_area_proportional,29,imagenet,area_proportional,1848,0.9654125215049741,0.4675477239353891
seed29_imagenet_area_proportional,29,imagenet,area_proportional,1849,0.8969881814715974,0.34740102603813766
seed29_imagenet_area_proportional,29,imagenet,area_proportional,1850,0.9065887293570172,0.3822614628273302
seed29_imagenet_area_proportional,29,imagenet,area_proportional,1851,0.8642655299583314,0.3210822790654723
seed29_imagenet_area_proportional,29,imagenet,area_proportional,1852,0.7493567779146191,0.2843216350679037
seed29_imagenet_area_proportional,29,imagenet,area_proportional,1855,0.8123321935883608,0.19274022937312105
seed29_imagenet_area_proportional,29,imagenet,area_proportional,1856,0.9673264153211266,0.4681214421252372
seed29_imagenet_area_proportional,29,imagenet,area_proportional,1858,0.9079157766249618,0.3657364627610423
seed29_imagenet_area_proportional,29,imagenet,area_proportional,1872,0.8562561842223622,0.4333850129198966
seed29_imagenet_area_proportional,29,imagenet,area_proportional,1873,0.8153530138374208,0.31059900682805713
seed29_imagenet_area_proportional,29,imagenet,area_proportional,1874,0.6945961246963859,0.31470196153113694
seed29_imagenet_area_proportional,29,imagenet,area_proportional,1875,0.841408860114385,0.35592332669948673
seed29_imagenet_area_proportional,29,imagenet,area_proportional,1876,0.9001243838393145,0.3693570451436389
seed29_imagenet_area_proportional,29,imagenet,area_proportional,1877,0.802926997245179,0.2551124744376278
seed29_imagenet_area_proportional,29,imagenet,area_proportional,1890,0.7419976381378581,0.2665196369496989
seed29_imagenet_area_proportional,29,imagenet,area_proportional,1894,0.47607080124307527,0.2095113580650433
seed29_imagenet_area_proportional,29,imagenet,area_proportional,1896,0.7230344025020001,0.2409721033715557
seed29_imagenet_equal_per_image,29,imagenet,equal_per_image,26,0.9639053749059601,0.45348521833468947
seed29_imagenet_equal_per_image,29,imagenet,equal_per_image,27,0.9587850846083696,0.4368251562795984
seed29_imagenet_equal_per_image,29,imagenet,equal_per_image,28,0.9365530870111983,0.3440699658703072
seed29_imagenet_equal_per_image,29,imagenet,equal_per_image,29,0.8634334441842109,0.26578737010391684
seed29_imagenet_equal_per_image,29,imagenet,equal_per_image,30,0.8664702271332105,0.32628008399289293
seed29_imagenet_equal_per_image,29,imagenet,equal_per_image,31,0.8472876115522451,0.3305815223989316
seed29_imagenet_equal_per_image,29,imagenet,equal_per_image,32,0.9623981389527528,0.44971967076225694
seed29_imagenet_equal_per_image,29,imagenet,equal_per_image,33,0.9427196182222101,0.432916307161346
seed29_imagenet_equal_per_image,29,imagenet,equal_per_image,34,0.700551108250533,0.25902375163643165
seed29_imagenet_equal_per_image,29,imagenet,equal_per_image,39,0.0,
seed29_imagenet_equal_per_image,29,imagenet,equal_per_image,56,0.8143066344072329,0.2526593481405838
seed29_imagenet_equal_per_image,29,imagenet,equal_per_image,64,0.836320471210482,0.10607940446650124
seed29_imagenet_equal_per_image,29,imagenet,equal_per_image,65,0.929074512423578,0.15749086479902558
seed29_imagenet_equal_per_image,29,imagenet,equal_per_image,66,0.8958956142510464,0.27520381785643266
seed29_imagenet_equal_per_image,29,imagenet,equal_per_image,67,0.1409160244059088,0.06666666666666667
seed29_imagenet_equal_per_image,29,imagenet,equal_per_image,68,0.7477329624478443,0.27016262860935947
seed29_imagenet_equal_per_image,29,imagenet,equal_per_image,69,0.6086102575474388,0.17611262488646684
seed29_imagenet_equal_per_image,29,imagenet,equal_per_image,70,0.8354211405392508,0.19544907964110628
seed29_imagenet_equal_per_image,29,imagenet,equal_per_image,71,0.7999272462713715,0.22907942105649842
seed29_imagenet_equal_per_image,29,imagenet,equal_per_image,73,0.7551336229986311,0.21226119636705293
seed29_imagenet_equal_per_image,29,imagenet,equal_per_image,74,0.058123564156416875,0.009517335146159076
seed29_imagenet_equal_per_image,29,imagenet,equal_per_image,76,0.8730721474317082,0.25493257629524485
seed29_imagenet_equal_per_image,29,imagenet,equal_per_image,79,0.8643559680499374,0.2584622823984526
seed29_imagenet_equal_per_image,29,imagenet,equal_per_image,83,0.5611335425078441,0.19857323460357595
seed29_imagenet_equal_per_image,29,imagenet,equal_per_image,86,0.9032760551039284,0.32286526095409
seed29_imagenet_equal_per_image,29,imagenet,equal_per_image,88,0.6997520888807272,0.1413303332864576
seed29_imagenet_equal_per_image,29,imagenet,equal_per_image,89,0.9251600119517527,0.38181612062124476
seed29_imagenet_equal_per_image,29,imagenet,equal_per_image,90,0.9104172803141876,0.3077439570277529
seed29_imagenet_equal_per_image,29,imagenet,equal_per_image,91,0.9367819952972791,0.4460705940228754
seed29_imagenet_equal_per_image,29,imagenet,equal_per_image,92,0.9595585207149329,0.4492472073822244
seed29_imagenet_equal_per_image,29,imagenet,equal_per_image,93,0.9490262261783858,0.4160318762451658
seed29_imagenet_equal_per_image,29,imagenet,equal_per_image,94,0.8966398497907241,0.3572216097023153
seed29_imagenet_equal_per_image,29,imagenet,equal_per_image,95,0.9004434230491596,0.31778519875040395
seed29_imagenet_equal_per_image,29,imagenet,equal_per_image,96,0.9325390521577972,0.2902059596844873
seed29_imagenet_equal_per_image,29,imagenet,equal_per_image,102,0.8213716376084439,0.3547683357573239
seed29_imagenet_equal_per_image,29,imagenet,equal_per_image,104,0.8657518893785876,0.3453990765171504
seed29_imagenet_equal_per_image,29,imagenet,equal_per_image,105,0.9032034304452011,0.37465089535074747
seed29_imagenet_equal_per_image,29,imagenet,equal_per_image,106,0.9347247910788298,0.4473797435676792
seed29_imagenet_equal_per_image,29,imagenet,equal_per_image,107,0.8944448666312029,0.3455864952275775
seed29_imagenet_equal_per_image,29,imagenet,equal_per_image,108,0.9530189150525671,0.501071581654522
seed29_imagenet_equal_per_image,29,imagenet,equal_per_image,109,0.8804241988061471,0.29492209393565744
seed29_imagenet_equal_per_image,29,imagenet,equal_per_image,112,0.8624329644966398,0.41558283700012155
seed29_imagenet_equal_per_image,29,imagenet,equal_per_image,115,0.9053933154401848,0.4374014195583596
seed29_imagenet_equal_per_image,29,imagenet,equal_per_image,116,0.8658760337171272,0.299689231184975
seed29_imagenet_equal_per_image,29,imagenet,equal_per_image,117,0.8423214738137464,0.3991875133632671
seed29_imagenet_equal_per_image,29,imagenet,equal_per_image,118,0.8940336475769042,0.3632837750484809
seed29_imagenet_equal_per_image,29,imagenet,equal_per_image,119,0.8621052481906468,0.34317188025563405
seed29_imagenet_equal_per_image,29,imagenet,equal_per_image,122,0.852694274481984,0.36208347357791987
seed29_imagenet_equal_per_image,29,imagenet,equal_per_image,123,0.7936462616110858,0.27186192468619247
seed29_imagenet_equal_per_image,29,imagenet,equal_per_image,125,0.8593981323311696,0.3638709677419355
seed29_imagenet_equal_per_image,29,imagenet,equal_per_image,126,0.9004983474488742,0.35551638019685616
seed29_imagenet_equal_per_image,29,imagenet,equal_per_image,127,0.955809616476121,0.5208526413345691
seed29_imagenet_equal_per_image,29,imagenet,equal_per_image,128,0.9100276813287038,0.3898357289527721
seed29_imagenet_equal_per_image,29,imagenet,equal_per_image,132,0.8495346070403808,0.23658613115782867
seed29_imagenet_equal_per_image,29,imagenet,equal_per_image,134,0.9736082697700885,0.524283283152245
seed29_imagenet_equal_per_image,29,imagenet,equal_per_image,136,0.9546329294369209,0.4562897366030881
seed29_imagenet_equal_per_image,29,imagenet,equal_per_image,137,0.8400633299576374,0.271948793356976
seed29_imagenet_equal_per_image,29,imagenet,equal_per_image,138,0.8719089527050586,0.3342752405681992
seed29_imagenet_equal_per_image,29,imagenet,equal_per_image,139,0.9343523788235699,0.39939024390243905
seed29_imagenet_equal_per_image,29,imagenet,equal_per_image,142,0.8749412201460215,0.3300870285951098
seed29_imagenet_equal_per_image,29,imagenet,equal_per_image,147,0.9697355368807202,0.41478439425051333
seed29_imagenet_equal_per_image,29,imagenet,equal_per_image,148,0.9605641291825444,0.4105436961905885
seed29_imagenet_equal_per_image,29,imagenet,equal_per_image,149,0.944008218110543,0.3413666279519938
seed29_imagenet_equal_per_image,29,imagenet,equal_per_image,150,0.9045875234239775,0.42092760180995475
seed29_imagenet_equal_per_image,29,imagenet,equal_per_image,152,0.8789461085011521,0.36546762589928056
seed29_imagenet_equal_per_image,29,imagenet,equal_per_image,154,0.9629934608864131,0.5338709677419354
seed29_imagenet_equal_per_image,29,imagenet,equal_per_image,155,0.8971637955648615,0.37874194770746494
seed29_imagenet_equal_per_image,29,imagenet,equal_per_image,156,0.8550044731501888,0.3619207146845338
seed29_imagenet_equal_per_image,29,imagenet,equal_per_image,158,0.8751152823740032,0.37451248049922
seed29_imagenet_equal_per_image,29,imagenet,equal_per_image,159,0.8662407007439404,0.36018114184053046
seed29_imagenet_equal_per_image,29,imagenet,equal_per_image,160,0.9297921708540207,0.2991908789996322
seed29_imagenet_equal_per_image,29,imagenet,equal_per_image,161,0.8995250507731918,0.2626697265251482
seed29_imagenet_equal_per_image,29,imagenet,equal_per_image,162,0.9218501649547877,0.2861533484309285
seed29_imagenet_equal_per_image,29,imagenet,equal_per_image,164,0.8774338611682534,0.35799238820171264
seed29_imagenet_equal_per_image,29,imagenet,equal_per_image,166,0.8709135648166231,0.3435307103997477
seed29_imagenet_equal_per_image,29,imagenet,equal_per_image,173,0.6477361233708915,0.4445026178010471
seed29_imagenet_equal_per_image,29,imagenet,equal_per_image,188,0.796102099332304,0.26074866310160427
seed29_imagenet_equal_per_image,29,imagenet,equal_per_image,189,0.7867526349599105,0.25338771214313904
seed29_imagenet_equal_per_image,29,imagenet,equal_per_image,190,0.8817999476759396,0.30435695538057744
seed29_imagenet_equal_per_image,29,imagenet,equal_per_image,193,0.7897113632035692,0.33862138308568873
seed29_imagenet_equal_per_image,29,imagenet,equal_per_image,200,0.44911351030110935,0.14453391565442883
seed29_imagenet_equal_per_image,29,imagenet,equal_per_image,201,0.6820629150837684,0.26624966004895295
seed29_imagenet_equal_per_image,29,imagenet,equal_per_image,202,0.8539745008814004,0.3612114476243401
seed29_imagenet_equal_per_image,29,imagenet,equal_per_image,203,0.8418907905460473,0.2819725949186412
seed29_imagenet_equal_per_image,29,imagenet,equal_per_image,204,0.8723010795681727,0.33479470533681815
seed29_imagenet_equal_per_image,29,imagenet,equal_per_image,205,0.7519594143022055,0.2821524263173564
seed29_imagenet_equal_per_image,29,imagenet,equal_per_image,206,0.8466634917077543,0.33971400469092833
seed29_imagenet_equal_per_image,29,imagenet,equal_per_image,207,0.7768016792350152,0.2769499771932492
seed29_imagenet_equal_per_image,29,imagenet,equal_per_image,208,0.8308935453573858,0.32856153313322556
seed29_imagenet_equal_per_image,29,imagenet,equal_per_image,209,0.9022623096259057,0.5060861423220974
seed29_imagenet_equal_per_image,29,imagenet,equal_per_image,210,0.8494212161923761,0.3594818936422512
seed29_imagenet_equal_per_image,29,imagenet,equal_per_image,211,0.8662531498352394,0.2808301183982972
seed29_imagenet_equal_per_image,29,imagenet,equal_per_image,213,0.8156948941099593,0.3101333115236771
seed29_imagenet_equal_per_image,29,imagenet,equal_per_image,214,0.8462591180261217,0.3022008361599748
seed29_imagenet_equal_per_image,29,imagenet,equal_per_image,215,0.8325247579837544,0.27622767857142855
seed29_imagenet_equal_per_image,29,imagenet,equal_per_image,218,0.8350915296307788,0.2593564582382474
seed29_imagenet_equal_per_image,29,imagenet,equal_per_image,219,0.9484740326105756,0.40389654779537426
seed29_imagenet_equal_per_image,29,imagenet,equal_per_image,577,0.8593436173516927,0.26435708282752823
seed29_imagenet_equal_per_image,29,imagenet,equal_per_image,611,0.959932868868643,0.38015493278651175
seed29_imagenet_equal_per_image,29,imagenet,equal_per_image,613,0.8517280394980457,0.3210956271023546
seed29_imagenet_equal_per_image,29,imagenet,equal_per_image,614,0.9011135213304411,0.42769630592166324
seed29_imagenet_equal_per_image,29,imagenet,equal_per_image,615,0.8644176902467031,0.29112884299460223
seed29_imagenet_equal_per_image,29,imagenet,equal_per_image,616,0.8684029603267683,0.2115297321833863
seed29_imagenet_equal_per_image,29,imagenet,equal_per_image,617,0.8809623306071279,0.2888187872415002
seed29_imagenet_equal_per_image,29,imagenet,equal_per_image,618,0.9399288131637297,0.31080517313308303
seed29_imagenet_equal_per_image,29,imagenet,equal_per_image,619,0.884182365399621,0.38393753485778026
seed29_imagenet_equal_per_image,29,imagenet,equal_per_image,647,0.8995155000590853,0.36789297658862874
seed29_imagenet_equal_per_image,29,imagenet,equal_per_image,651,0.8948383693768367,0.30020436700010755
seed29_imagenet_equal_per_image,29,imagenet,equal_per_image,653,0.9204830533400232,0.40419881117996714
seed29_imagenet_equal_per_image,29,imagenet,equal_per_image,663,0.8737483903182571,0.4122246839567314
seed29_imagenet_equal_per_image,29,imagenet,equal_per_image,664,0.9314042758288291,0.4153493949634798
seed29_imagenet_equal_per_image,29,imagenet,equal_per_image,665,0.8881818288160773,0.3690831891806888
seed29_imagenet_equal_per_image,29,imagenet,equal_per_image,666,0.941185535956961,0.3966310841249633
seed29_imagenet_equal_per_image,29,imagenet,equal_per_image,667,0.8261570220416861,0.34155613753484837
seed29_imagenet_equal_per_image,29,imagenet,equal_per_image,668,0.8050255642848235,0.423858574610245
seed29_imagenet_equal_per_image,29,imagenet,equal_per_image,669,0.8831390763298571,0.3638385220663702
seed29_imagenet_equal_per_image,29,imagenet,equal_per_image,674,0.7998046020589693,0.3461600128266795
seed29_imagenet_equal_per_image,29,imagenet,equal_per_image,704,0.8681922146227197,0.32579347982191587
seed29_imagenet_equal_per_image,29,imagenet,equal_per_image,705,0.864275081869604,0.28842683405256964
seed29_imagenet_equal_per_image,29,imagenet,equal_per_image,706,0.8372642951788809,0.3280701754385965
seed29_imagenet_equal_per_image,29,imagenet,equal_per_image,707,0.8353828562258019,0.2501740773898339
seed29_imagenet_equal_per_image,29,imagenet,equal_per_image,708,0.8376080849356051,0.273095623987034
seed29_imagenet_equal_per_image,29,imagenet,equal_per_image,709,0.8747845919918905,0.33316134738704206
seed29_imagenet_equal_per_image,29,imagenet,equal_per_image,710,0.8758659800134878,0.40350575700292146
seed29_imagenet_equal_per_image,29,imagenet,equal_per_image,711,0.7819664308388141,0.32820463506106357
seed29_imagenet_equal_per_image,29,imagenet,equal_per_image,712,0.7108544490276959,0.30686207680072713
seed29_imagenet_equal_per_image,29,imagenet,equal_per_image,713,0.7108772788449773,0.2248991831248061
seed29_imagenet_equal_per_image,29,imagenet,equal_per_image,714,0.849267846247712,0.3513181594891109
seed29_imagenet_equal_per_image,29,imagenet,equal_per_image,716,0.9583447008313829,0.4221426172618381
seed29_imagenet_equal_per_image,29,imagenet,equal_per_image,723,0.9082562104237701,0.5045172219085262
seed29_imagenet_equal_per_image,29,imagenet,equal_per_image,724,0.4108166313522526,0.1791786974655117
seed29_imagenet_equal_per_image,29,imagenet,equal_per_image,725,0.9046133758885826,0.4232313095835424
seed29_imagenet_equal_per_image,29,imagenet,equal_per_image,728,0.8918758406260371,0.3639147332469674
seed29_imagenet_equal_per_image,29,imagenet,equal_per_image,729,0.9045592024196258,0.39261454859824624
seed29_imagenet_equal_per_image,29,imagenet,equal_per_image,730,0.7968339829766924,0.3016255267910897
seed29_imagenet_equal_per_image,29,imagenet,equal_per_image,731,0.8390146276379374,0.3577172503242542
seed29_imagenet_equal_per_image,29,imagenet,equal_per_image,732,0.9356040256437806,0.4647135416666667
seed29_imagenet_equal_per_image,29,imagenet,equal_per_image,733,0.8779556936476287,0.3093950177935943
seed29_imagenet_equal_per_image,29,imagenet,equal_per_image,734,0.9128778288180756,0.359507968435711
seed29_imagenet_equal_per_image,29,imagenet,equal_per_image,735,0.947357892029379,0.45623178164473105
seed29_imagenet_equal_per_image,29,imagenet,equal_per_image,736,0.921911352383225,0.43309162821357944
seed29_imagenet_equal_per_image,29,imagenet,equal_per_image,737,0.9299448041460092,0.46454399357171555
seed29_imagenet_equal_per_image,29,imagenet,equal_per_image,745,0.8485040407367062,0.2760166245619754
seed29_imagenet_equal_per_image,29,imagenet,equal_per_image,746,0.8792024738412858,0.3141333333333333
seed29_imagenet_equal_per_image,29,imagenet,equal_per_image,747,0.8687181536617045,0.35560247323179006
seed29_imagenet_equal_per_image,29,imagenet,equal_per_image,748,0.925249527920151,0.3702465125167208
seed29_imagenet_equal_per_image,29,imagenet,equal_per_image,749,0.8871605838430483,0.34122137404580155
seed29_imagenet_equal_per_image,29,imagenet,equal_per_image,750,0.8682782506274801,0.283991683991684
seed29_imagenet_equal_per_image,29,imagenet,equal_per_image,751,0.8773249630340606,0.2795468948035488
seed29_imagenet_equal_per_image,29,imagenet,equal_per_image,752,0.8005644669474818,0.29006085192697767
seed29_imagenet_equal_per_image,29,imagenet,equal_per_image,753,0.9061337920995169,0.3807031318154061
seed29_imagenet_equal_per_image,29,imagenet,equal_per_image,754,0.9239766737692049,0.3696076835422432
seed29_imagenet_equal_per_image,29,imagenet,equal_per_image,755,0.9191512929727164,0.3705993012631013
seed29_imagenet_equal_per_image,29,imagenet,equal_per_image,757,0.8658299658066522,0.37877827097865147
seed29_imagenet_equal_per_image,29,imagenet,equal_per_image,762,0.9021810971579644,0.35330948121645794
seed29_imagenet_equal_per_image,29,imagenet,equal_per_image,763,0.7519529945917073,0.28120192800738386
seed29_imagenet_equal_per_image,29,imagenet,equal_per_image,764,0.7345049584133078,0.27773429857170806
seed29_imagenet_equal_per_image,29,imagenet,equal_per_image,765,0.8152008470650519,0.25857404660092503
seed29_imagenet_equal_per_image,29,imagenet,equal_per_image,766,0.8800514937159086,0.38267929634641407
seed29_imagenet_equal_per_image,29,imagenet,equal_per_image,767,0.8335044330377975,0.3986661726565395
seed29_imagenet_equal_per_image,29,imagenet,equal_per_image,769,0.8353342600783521,0.33672395650648895
seed29_imagenet_equal_per_image,29,imagenet,equal_per_image,770,0.8297751157492467,0.3309964947421132
seed29_imagenet_equal_per_image,29,imagenet,equal_per_image,771,0.7846753078837638,0.37703672435626845
seed29_imagenet_equal_per_image,29,imagenet,equal_per_image,772,0.8351321032068392,0.3795481065025989
seed29_imagenet_equal_per_image,29,imagenet,equal_per_image,773,0.8007550598408422,0.3751759324419423
seed29_imagenet_equal_per_image,29,imagenet,equal_per_image,775,0.8325352909519933,0.3602917856010149
seed29_imagenet_equal_per_image,29,imagenet,equal_per_image,776,0.7637122500316194,0.30471179143745514
seed29_imagenet_equal_per_image,29,imagenet,equal_per_image,777,0.8230415323464054,0.37699147832530566
seed29_imagenet_equal_per_image,29,imagenet,equal_per_image,778,0.8856679470763977,0.3602887331310807
seed29_imagenet_equal_per_image,29,imagenet,equal_per_image,779,0.8134619835667168,0.2966028217860802
seed29_imagenet_equal_per_image,29,imagenet,equal_per_image,782,0.8282257652844186,0.3478603825675409
seed29_imagenet_equal_per_image,29,imagenet,equal_per_image,791,0.9456460674157303,0.38047178988326846
seed29_imagenet_equal_per_image,29,imagenet,equal_per_image,792,0.8759857343809944,0.34172313649564373
seed29_imagenet_equal_per_image,29,imagenet,equal_per_image,794,0.896700406715391,0.3346938775510204
seed29_imagenet_equal_per_image,29,imagenet,equal_per_image,795,0.7561054635292211,0.28230192562104955
seed29_imagenet_equal_per_image,29,imagenet,equal_per_image,797,0.7979871498845498,0.2851716185049518
seed29_imagenet_equal_per_image,29,imagenet,equal_per_image,798,0.7976333290627657,0.2803709235748071
seed29_imagenet_equal_per_image,29,imagenet,equal_per_image,800,0.8814841591572207,0.29489808225786995
seed29_imagenet_equal_per_image,29,imagenet,equal_per_image,801,0.7798193279244183,0.30645438898450944
seed29_imagenet_equal_per_image,29,imagenet,equal_per_image,802,0.8462102490291394,0.30217613553381045
seed29_imagenet_equal_per_image,29,imagenet,equal_per_image,803,0.7580759463768972,0.2619707467282525
seed29_imagenet_equal_per_image,29,imagenet,equal_per_image,804,0.8459687123947052,0.2093407991855434
seed29_imagenet_equal_per_image,29,imagenet,equal_per_image,805,0.6098363681102362,0.23235887096774194
seed29_imagenet_equal_per_image,29,imagenet,equal_per_image,807,0.8626318312559923,0.28478134110787173
seed29_imagenet_equal_per_image,29,imagenet,equal_per_image,809,0.8328197580830612,0.2606744454417233
seed29_imagenet_equal_per_image,29,imagenet,equal_per_image,810,0.7912848361428517,0.38449429358520265
seed29_imagenet_equal_per_image,29,imagenet,equal_per_image,812,0.9367256476401555,0.40066098894114655
seed29_imagenet_equal_per_image,29,imagenet,equal_per_image,813,0.9256420244289252,0.4059112292902434
seed29_imagenet_equal_per_image,29,imagenet,equal_per_image,814,0.8499486396080806,0.3929530731553168
seed29_imagenet_equal_per_image,29,imagenet,equal_per_image,815,0.8758222297183336,0.3249238799478034
seed29_imagenet_equal_per_image,29,imagenet,equal_per_image,816,0.8937880700214015,0.4107596007443749
seed29_imagenet_equal_per_image,29,imagenet,equal_per_image,817,0.8991554453106544,0.3827765553110622
seed29_imagenet_equal_per_image,29,imagenet,equal_per_image,818,0.9030792143484515,0.3867691220632397
seed29_imagenet_equal_per_image,29,imagenet,equal_per_image,819,0.9131147048214501,0.38395140664961636
seed29_imagenet_equal_per_image,29,imagenet,equal_per_image,820,0.8230200174064404,0.28214116532449074
seed29_imagenet_equal_per_image,29,imagenet,equal_per_image,823,0.8530714363413155,0.3606691517410674
seed29_imagenet_equal_per_image,29,imagenet,equal_per_image,824,0.8927786457643725,0.361873116451588
seed29_imagenet_equal_per_image,29,imagenet,equal_per_image,825,0.8302722678599257,0.284941013185288
seed29_imagenet_equal_per_image,29,imagenet,equal_per_image,826,0.8911662709905162,0.3670616833789122
seed29_imagenet_equal_per_image,29,imagenet,equal_per_image,828,0.8852986652361869,0.39954545454545454
seed29_imagenet_equal_per_image,29,imagenet,equal_per_image,851,0.9252741053251244,0.35595401509951957
seed29_imagenet_equal_per_image,29,imagenet,equal_per_image,855,0.8992703857552639,0.33285872488530294
seed29_imagenet_equal_per_image,29,imagenet,equal_per_image,858,0.9014584654407102,0.3224162340726758
seed29_imagenet_equal_per_image,29,imagenet,equal_per_image,860,0.8897508027164492,0.3246123109123775
seed29_imagenet_equal_per_image,29,imagenet,equal_per_image,862,0.9201739618406285,0.4034715997066254
seed29_imagenet_equal_per_image,29,imagenet,equal_per_image,864,0.9276418334114784,0.4240945768436855
seed29_imagenet_equal_per_image,29,imagenet,equal_per_image,866,0.8868915140101581,0.3760070827799911
seed29_imagenet_equal_per_image,29,imagenet,equal_per_image,968,0.8492065815669282,0.2543174828483558
seed29_imagenet_equal_per_image,29,imagenet,equal_per_image,969,0.920664376620471,0.30472377902321857
seed29_imagenet_equal_per_image,29,imagenet,equal_per_image,970,0.82429049144738,0.20430107526881722
seed29_imagenet_equal_per_image,29,imagenet,equal_per_image,972,0.8382770041537814,0.21414100486223664
seed29_imagenet_equal_per_image,29,imagenet,equal_per_image,975,0.9330797876554948,0.3111360391596981
seed29_imagenet_equal_per_image,29,imagenet,equal_per_image,976,0.9061697611944729,0.3615429868056139
seed29_imagenet_equal_per_image,29,imagenet,equal_per_image,978,0.9278661158895428,0.3042469664525339
seed29_imagenet_equal_per_image,29,imagenet,equal_per_image,979,0.9218928253293535,0.3099074074074074
seed29_imagenet_equal_per_image,29,imagenet,equal_per_image,981,0.951405507163141,0.4652567975830816
seed29_imagenet_equal_per_image,29,imagenet,equal_per_image,982,0.9539399860064159,0.3963327284882055
seed29_imagenet_equal_per_image,29,imagenet,equal_per_image,983,0.9686900851936446,0.5461538461538461
seed29_imagenet_equal_per_image,29,imagenet,equal_per_image,984,0.9614013215309811,0.43022694350555285
seed29_imagenet_equal_per_image,29,imagenet,equal_per_image,985,0.9087859455895755,0.3972334168391243
seed29_imagenet_equal_per_image,29,imagenet,equal_per_image,986,0.8091518960525387,0.32053941908713696
seed29_imagenet_equal_per_image,29,imagenet,equal_per_image,1074,0.8517234670958386,0.3082640586797066
seed29_imagenet_equal_per_image,29,imagenet,equal_per_image,1075,0.9389146820113232,0.4321166638239809
seed29_imagenet_equal_per_image,29,imagenet,equal_per_image,1076,0.792983844927974,0.3117167179002128
seed29_imagenet_equal_per_image,29,imagenet,equal_per_image,1078,0.7424846070264397,0.28658212468676436
seed29_imagenet_equal_per_image,29,imagenet,equal_per_image,1079,0.9258132278891601,0.3260975848244842
seed29_imagenet_equal_per_image,29,imagenet,equal_per_image,1080,0.7732343616434206,0.28217694093371165
seed29_imagenet_equal_per_image,29,imagenet,equal_per_image,1081,0.8797289844796344,0.3886521044219499
seed29_imagenet_equal_per_image,29,imagenet,equal_per_image,1083,0.6711980548187445,0.33321705764367315
seed29_imagenet_equal_per_image,29,imagenet,equal_per_image,1085,0.8385010972075648,0.41361944383621635
seed29_imagenet_equal_per_image,29,imagenet,equal_per_image,1087,0.824419018421701,0.24807353077708663
seed29_imagenet_equal_per_image,29,imagenet,equal_per_image,1089,0.9044049901640977,0.3389164930277288
seed29_imagenet_equal_per_image,29,imagenet,equal_per_image,1091,0.9307986870897156,0.42103131749460043
seed29_imagenet_equal_per_image,29,imagenet,equal_per_image,1096,0.9475246990228364,0.3832980225988701
seed29_imagenet_equal_per_image,29,imagenet,equal_per_image,1108,0.7730268578019444,0.2210685701925157
seed29_imagenet_equal_per_image,29,imagenet,equal_per_image,1114,0.8618199085297278,0.20815424290801915
seed29_imagenet_equal_per_image,29,imagenet,equal_per_image,1243,0.9235845173200943,0.35240633328107857
seed29_imagenet_equal_per_image,29,imagenet,equal_per_image,1245,0.9278454024840717,0.3297192805513532
seed29_imagenet_equal_per_image,29,imagenet,equal_per_image,1247,0.9193386773547094,0.34621963735887784
seed29_imagenet_equal_per_image,29,imagenet,equal_per_image,1252,0.5901180601914935,0.3641030028231671
seed29_imagenet_equal_per_image,29,imagenet,equal_per_image,1253,0.6039117227104156,0.4011720301946762
seed29_imagenet_equal_per_image,29,imagenet,equal_per_image,1261,0.8531346854439672,0.3192406085902787
seed29_imagenet_equal_per_image,29,imagenet,equal_per_image,1262,0.8660529951413359,0.3787533650859391
seed29_imagenet_equal_per_image,29,imagenet,equal_per_image,1263,0.8917183149196084,0.4178146159234182
seed29_imagenet_equal_per_image,29,imagenet,equal_per_image,1324,0.792537793502734,0.19990662931839404
seed29_imagenet_equal_per_image,29,imagenet,equal_per_image,1326,0.7981543362709282,0.23869425096163843
seed29_imagenet_equal_per_image,29,imagenet,equal_per_image,1714,0.8146582440544491,0.25480974775545107
seed29_imagenet_equal_per_image,29,imagenet,equal_per_image,1715,0.7156044773037049,0.2229580573951435
seed29_imagenet_equal_per_image,29,imagenet,equal_per_image,1716,0.8519701098313245,0.24638348843637703
seed29_imagenet_equal_per_image,29,imagenet,equal_per_image,1717,0.756699954863462,0.21289198606271778
seed29_imagenet_equal_per_image,29,imagenet,equal_per_image,1718,0.8269365212527964,0.26309314586994725
seed29_imagenet_equal_per_image,29,imagenet,equal_per_image,1719,0.7405679166903772,0.2630531677809615
seed29_imagenet_equal_per_image,29,imagenet,equal_per_image,1720,0.6797817614964926,0.19175715695952616
seed29_imagenet_equal_per_image,29,imagenet,equal_per_image,1776,0.49807474518686295,0.20441771028498176
seed29_imagenet_equal_per_image,29,imagenet,equal_per_image,1830,0.908687832538156,0.40683005222981117
seed29_imagenet_equal_per_image,29,imagenet,equal_per_image,1831,0.8808038409567892,0.352289156626506
seed29_imagenet_equal_per_image,29,imagenet,equal_per_image,1832,0.9323545263020365,0.43183648811921066
seed29_imagenet_equal_per_image,29,imagenet,equal_per_image,1833,0.9216402760860739,0.35465924895688455
seed29_imagenet_equal_per_image,29,imagenet,equal_per_image,1834,0.7972660955695355,0.3233685183758379
seed29_imagenet_equal_per_image,29,imagenet,equal_per_image,1835,0.9040441632551792,0.3351136363636364
seed29_imagenet_equal_per_image,29,imagenet,equal_per_image,1836,0.9406606917526774,0.34273365748244194
seed29_imagenet_equal_per_image,29,imagenet,equal_per_image,1837,0.8730559274899578,0.32749698119717097
seed29_imagenet_equal_per_image,29,imagenet,equal_per_image,1838,0.9058473541116672,0.3635699678644464
seed29_imagenet_equal_per_image,29,imagenet,equal_per_image,1839,0.8328269371601302,0.27927927927927926
seed29_imagenet_equal_per_image,29,imagenet,equal_per_image,1840,0.8626921946073091,0.2941004672897196
seed29_imagenet_equal_per_image,29,imagenet,equal_per_image,1841,0.8339178111937463,0.28498372849837283
seed29_imagenet_equal_per_image,29,imagenet,equal_per_image,1842,0.8893938492653619,0.3650155503299704
seed29_imagenet_equal_per_image,29,imagenet,equal_per_image,1843,0.871819705145352,0.34754304913901723
seed29_imagenet_equal_per_image,29,imagenet,equal_per_image,1844,0.9395189867629913,0.38470128419877164
seed29_imagenet_equal_per_image,29,imagenet,equal_per_image,1845,0.9202779326380485,0.39094020172910665
seed29_imagenet_equal_per_image,29,imagenet,equal_per_image,1846,0.8785939346199291,0.3770808424537846
seed29_imagenet_equal_per_image,29,imagenet,equal_per_image,1847,0.8882669300845132,0.4207964601769911
seed29_imagenet_equal_per_image,29,imagenet,equal_per_image,1848,0.9594610796391212,0.4678099113500945
seed29_imagenet_equal_per_image,29,imagenet,equal_per_image,1849,0.8484986268482986,0.31096176550722004
seed29_imagenet_equal_per_image,29,imagenet,equal_per_image,1850,0.8544485806531289,0.3649787032654993
seed29_imagenet_equal_per_image,29,imagenet,equal_per_image,1851,0.8686840461553634,0.3136400035590355
seed29_imagenet_equal_per_image,29,imagenet,equal_per_image,1852,0.7751215265181746,0.3468149646107179
seed29_imagenet_equal_per_image,29,imagenet,equal_per_image,1855,0.7809373715225435,0.19459018304768566
seed29_imagenet_equal_per_image,29,imagenet,equal_per_image,1856,0.9614437738246506,0.42778993435448576
seed29_imagenet_equal_per_image,29,imagenet,equal_per_image,1858,0.9100951023517558,0.39817020871056896
seed29_imagenet_equal_per_image,29,imagenet,equal_per_image,1872,0.8724144276775856,0.45747673663709154
seed29_imagenet_equal_per_image,29,imagenet,equal_per_image,1873,0.7701527483554466,0.29022465088038857
seed29_imagenet_equal_per_image,29,imagenet,equal_per_image,1874,0.7314181398923905,0.36843766438716463
seed29_imagenet_equal_per_image,29,imagenet,equal_per_image,1875,0.836091515729266,0.3651536090145636
seed29_imagenet_equal_per_image,29,imagenet,equal_per_image,1876,0.8840471640956331,0.322757361333029
seed29_imagenet_equal_per_image,29,imagenet,equal_per_image,1877,0.7378790675818551,0.3042124542124542
seed29_imagenet_equal_per_image,29,imagenet,equal_per_image,1890,0.800493503356168,0.31673779042200095
seed29_imagenet_equal_per_image,29,imagenet,equal_per_image,1894,0.4489690187545332,0.25967588179218304
seed29_imagenet_equal_per_image,29,imagenet,equal_per_image,1896,0.6110797857344235,0.2739644970414201
