step,examples_processed,data_passages,learning_rate,train_loss,train_bce,train_soft_dice_loss,validation_loss,validation_bce,validation_soft_dice_loss,validation_mean_iou,validation_mean_dice,elapsed_seconds,subset_seed,initialization,strategy,train_base_loss,train_boundary_bce,train_boundary_coefficient,train_boundary_addition
0,0,0.0,0.001,,,,0.6862850733694321,0.6750598459095278,0.6975102927858029,0.0034602076124567,0.0034602076124567,7.063176041934639,17,random,reference,,,,
100,358,14.32,0.001,0.4370558282732963,0.317229139059782,0.5568825134634972,0.3590470542132236,0.2831183940069073,0.434975713594562,0.656397674980658,0.7770316932403729,42.12558100000024,17,random,reference,,,,
200,716,28.64,0.001,0.2959884823858738,0.2034220097213983,0.3885549548268318,0.2521598025589253,0.2060712798656477,0.2982483262834252,0.7259506858914722,0.8304836116056467,76.22355933394283,17,random,reference,,,,
300,1074,42.96,0.001,0.2343277408182621,0.1791813085228204,0.2894741742312908,0.1948611409400161,0.1826593324181117,0.2070629499775315,0.7488566995454574,0.8475409023559776,110.03560841688886,17,random,reference,,,,
400,1429,57.16,0.001,0.1914034601300955,0.1536092721670866,0.2291976480185985,0.2250595893001886,0.2278559070248092,0.2222632693584402,0.7153112558917546,0.8241753639522745,144.2522239170503,17,random,reference,,,,
500,1787,71.48,0.001,0.1984383600950241,0.1696094769984483,0.2272672411799431,0.2421205697587617,0.2420365494840285,0.2422045902397393,0.6914309184283649,0.8024911530318619,178.8402664999012,17,random,reference,,,,
600,2145,85.8,0.001,0.1646405693143606,0.1395507113263011,0.1897304283082485,0.1887763559199534,0.1827717711150027,0.1947809437154486,0.756442683894943,0.8546671547070749,214.7589312088676,17,random,reference,,,,
700,2500,100.0,0.001,0.1430493146926164,0.1221984799951314,0.1639001496136188,0.1922652623438917,0.2065868395731936,0.1779436817631177,0.7513210589547247,0.8480883110489229,250.35645787487735,17,random,reference,,,,
800,2858,114.32,0.001,0.1321278577297926,0.1167666241154074,0.1474890913069248,0.1873847928839158,0.2095967098864304,0.1651728763712318,0.7691054011049434,0.8595911729898341,284.52395316702314,17,random,reference,,,,
900,3216,128.64,0.001,0.1387408905103802,0.1237372181937098,0.1537445621192455,0.1764496947448559,0.1954802577883314,0.1574191304639136,0.7666251685479432,0.8599596422902505,318.98486312502064,17,random,reference,,,,
1000,3574,142.96,0.001,0.134632231388241,0.1172800142597407,0.15198445007205,0.1994573463618136,0.2280547224939075,0.1708599704359641,0.7515796721751163,0.8478682139184411,353.19617599993944,17,random,reference,,,,
1100,3929,157.16,0.001,0.1110822024941444,0.0965698527172207,0.125594553053379,0.2007233803659986,0.2352394687211637,0.1662072941506197,0.7505209310189134,0.8472205136638453,387.9403198750224,17,random,reference,,,,
1200,4287,171.48,0.001,0.1043994583189487,0.0970514043606817,0.1117475113272667,0.19640554338178,0.2202823447727414,0.1725287437438964,0.7491728640564008,0.8471482082756147,425.717106374912,17,random,reference,,,,
1300,4645,185.8,0.001,0.1105982583947479,0.1024607142433524,0.1187358014285564,0.1771636984752536,0.2036463050075055,0.1506810910149016,0.7706697502214497,0.8629672561473508,460.6865057500545,17,random,reference,,,,
1400,5000,200.0,0.001,0.0991032518073916,0.0928679203614592,0.1053385835886001,0.1930442571021281,0.2231110127120694,0.1629775011828201,0.7640671129863268,0.8585559351335049,495.0830422500149,17,random,reference,,,,
1500,5358,214.32,0.001,0.0883631249144673,0.0814883332513272,0.0952379164099693,0.1937105421067109,0.2332705627469455,0.1541505198165207,0.7656818323191477,0.8573115404739095,529.1234870839398,17,random,reference,,,,
1600,5716,228.64,0.001,0.094566494077444,0.0868605607748031,0.1022724270820617,0.2409912726252136,0.2613729665951745,0.2206095770568583,0.6783087458495556,0.7937879529184304,565.0672378749587,17,random,reference,,,,
1700,6074,242.96,0.001,0.0874013017490506,0.0817910504713654,0.0930115526914596,0.1858786300185642,0.2234245814563493,0.1483326770855068,0.7711979722705681,0.8634908620674121,600.0631842089351,17,random,reference,,,,
1800,6429,257.16,0.001,0.0823392698913812,0.075002153981477,0.0896763853728771,0.1918239464087469,0.2270778250529279,0.1565700664239771,0.7633330046654898,0.8560548900763232,634.7014399589971,17,random,reference,,,,
1900,6787,271.48,0.001,0.0770835155248642,0.0719890998490154,0.0821779315173625,0.1927004622031248,0.2388108572229794,0.1465900674410757,0.7713335282259164,0.862942789519666,668.8607162500266,17,random,reference,,,,
2000,7145,285.8,0.001,0.0613991600275039,0.0562348004709929,0.0665635196864605,0.1898962996100884,0.237727409621836,0.1420651880515075,0.7805388000309138,0.8676163477759752,703.935251833871,17,random,reference,,,,
2100,7500,300.0,0.0001,0.0517672586534172,0.0458468416891992,0.0576876759529113,0.1924751712376683,0.2427496188755266,0.1422007228263934,0.7784243886136779,0.8663671759428999,739.401397791924,17,random,reference,,,,
2200,7858,314.32,0.0001,0.0520031279884278,0.0472664832510054,0.0567397725582122,0.1973845372975491,0.2507413220446827,0.1440277553347155,0.7760849040516867,0.8647114535941416,774.5265836250037,17,random,reference,,,,
2300,8216,328.64,0.0001,0.0509809805452823,0.0458355737756937,0.056126387566328,0.1917875260114669,0.2417342238978943,0.1418408275063062,0.7784555137026259,0.8666404285088274,810.4270681249909,17,random,reference,,,,
2400,8574,342.96,0.0001,0.0561630070209503,0.0507284850534051,0.0615975287556648,0.195647193589425,0.247899844675328,0.143394541162933,0.7754122256115916,0.864720508037933,845.7803037918638,17,random,reference,,,,
2500,8929,357.16,0.0001,0.0484571639075875,0.0437011017464101,0.0532132259011268,0.2015367330770591,0.2561129914229303,0.1469604760717768,0.77042591944313,0.8608977656235546,880.9112432920374,17,random,reference,,,,
2600,9287,371.48,0.0001,0.0612690644711256,0.0555787470052018,0.0669593811035156,0.1982417453119086,0.2512571827144358,0.1452263080125036,0.7739777006419118,0.8633576180752667,916.2280616250356,17,random,reference,,,,
2700,9645,385.8,0.0001,0.0484206194803118,0.0438867000304162,0.0529545390605926,0.1991673003121643,0.2540945363292232,0.144240059448361,0.7750574202932842,0.8640116087089001,951.5941866249776,17,random,reference,,,,
2800,10000,400.0,0.0001,0.0451132966391742,0.0406649948749691,0.0495615983009338,0.1976363308289472,0.252929208909764,0.1423434507888081,0.7767192411584553,0.8653430162901917,986.6195751249325,17,random,reference,,,,
2900,10358,414.32,0.0001,0.0445197583921253,0.0400455775484442,0.0489939391613006,0.1995354433991917,0.2566170660475959,0.1424538202351764,0.7761995230877807,0.865018381396235,1022.4521470419132,17,random,reference,,,,
3000,10716,428.64,0.0001,0.0588066549412906,0.0537795038521289,0.0638338066637516,0.1992721241547574,0.2559368191705855,0.1426074310982516,0.776738680111659,0.8652033830574529,1057.9462615000084,17,random,reference,,,,
3100,11074,442.96,0.0001,0.0429323163628578,0.0382274850690737,0.0476371479034423,0.1988043431901602,0.2556046768249524,0.1420040085241456,0.7772786125494939,0.8655184849958395,1093.4245048339944,17,random,reference,,,,
3200,11429,457.16,0.0001,0.0614964388869702,0.0543367428798228,0.0686561354994773,0.203452647969797,0.2615575842997607,0.1453477117429555,0.7732973071333717,0.8629372119522906,1128.4912789589723,17,random,reference,,,,
3300,11787,471.48,0.0001,0.0431862772256135,0.0383868842665106,0.047985670119524,0.2012500590725341,0.2604971589926617,0.142002958946162,0.776337991246468,0.8649795527409545,1163.866043749964,17,random,reference,,,,
3400,12145,485.8,0.0001,0.0494224415067583,0.0445238985214382,0.0543209838867187,0.2040096818369565,0.2652729265005118,0.1427464373796456,0.7751573476093717,0.8642610167789272,1198.9595908748452,17,random,reference,,,,
3500,12500,500.0,0.0001,0.0446023659501224,0.0393763753445819,0.0498283568024635,0.2048146286431481,0.2672847367075487,0.1423445187225474,0.775486999784983,0.8645195117784282,1234.2754411669448,17,random,reference,,,,
3600,12858,514.32,0.0001,0.0439809938333928,0.0399827128276228,0.0479792746901512,0.2012971125053287,0.2627981572724543,0.1397960685116197,0.7788325202452796,0.8671244142461196,1269.722812833963,17,random,reference,,,,
3700,13216,528.64,0.0001,0.0482935684360563,0.0424411494191735,0.0541459865868091,0.2023487222029676,0.2630081677931815,0.1416892762002648,0.7764389436147834,0.8650060809040381,1305.0299564169254,17,random,reference,,,,
3800,13574,542.96,0.0001,0.0542439119331538,0.0485260943137109,0.0599617290496826,0.203137112530045,0.2632441300009361,0.143030096502865,0.7756036156817206,0.8649559872393843,1340.2890890419949,17,random,reference,,,,
3900,13929,557.16,0.0001,0.0482943308167159,0.0424551236070692,0.0541335378587245,0.2039026443727288,0.267213456770953,0.1405918317682603,0.7781699863948971,0.8660925813515754,1375.4467096668668,17,random,reference,,,,
4000,14287,571.48,0.0001,0.0410888500045985,0.036859128922224,0.0453185713291168,0.202522289794209,0.26489478040319,0.1401498008351837,0.7794017007018764,0.8668765451124395,1410.692960166838,17,random,reference,,,,
0,0,0.0,0.001,,,,0.6862850733694321,0.6750598459095278,0.6975102927858029,0.0034602076124567,0.0034602076124567,7.066470749909058,17,random,area_proportional,,,,
100,358,14.32,0.001,0.4707882151007652,0.322075271308422,0.5599541386961937,0.3442413037623501,0.2790885161363542,0.4093940957194794,0.6510128490592165,0.774982482035372,44.61769608291797,17,random,area_proportional,0.4410147055983543,0.7040186613798142,0.0420450210571289,0.0297735091578215
200,716,28.64,0.001,0.3355747602880001,0.208970913439989,0.3998700818419456,0.2940612242502324,0.2469021230420439,0.3412203283458432,0.6777168414138186,0.7944781274611066,80.58942087483592,17,random,area_proportional,0.3044204968214035,0.7334935629367828,0.0419577598571777,0.031154264267534
300,1074,42.96,0.001,0.2643175648152828,0.1715447632223367,0.2901708182692528,0.1991051735556249,0.1927282165697289,0.2054821306446431,0.7501360904477515,0.8468557709303042,116.49996179086156,17,random,area_proportional,0.2308577919006347,0.7753537738323212,0.0422343254089355,0.0334597733803093
400,1429,57.16,0.001,0.2204954349249601,0.1429332049936056,0.231753726452589,0.1911358290890096,0.1723902322429274,0.2098814282037807,0.7584193262897125,0.8546648225538009,152.13175808289088,17,random,area_proportional,0.1873434646427631,0.7614632952213287,0.0425641536712646,0.0331519693508744
500,1787,71.48,0.001,0.2103300413489341,0.139651126563549,0.2133841457962989,0.2266922357998092,0.2227512207204495,0.2306332489198466,0.716164291741426,0.8256579235303556,187.99531424976885,17,random,area_proportional,0.1765176355093717,0.7761027628183365,0.0426717376708984,0.0338124057557433
600,2145,85.8,0.001,0.1947814422100782,0.1294978532940149,0.1942418202757835,0.188007671734041,0.1883211716442372,0.1876941729581892,0.7612132095788398,0.8559452975765254,223.5146568748169,17,random,area_proportional,0.1618698370456695,0.7680160316824913,0.0423131275177001,0.0329116059467196
700,2500,100.0,0.001,0.1731689259409904,0.1142961961403489,0.1680737301707267,0.2022451940911039,0.2149929628549562,0.1894974236257348,0.736584163963613,0.8365352903627081,259.2086456657853,17,random,area_proportional,0.1411849629133939,0.7417090737819672,0.0424925231933593,0.0319839631300419
800,2858,114.32,0.001,0.1603158703446388,0.1074902494251728,0.1497404481470584,0.2017971737162052,0.2266572477186427,0.1769371001778177,0.7445962757438249,0.843947886924072,294.7359985408839,17,random,area_proportional,0.1286153483390808,0.7262929210066795,0.0431019687652587,0.0317005221638828
900,3216,128.64,0.001,0.17554213732481,0.1225626160576939,0.1633215910196304,0.1830205462589396,0.1944623005843905,0.1715787911085109,0.7560225195982123,0.8530407552849605,330.2466691248119,17,random,area_proportional,0.1429421041160821,0.7483502307534218,0.0425266456604003,0.0326000335719436
1000,3574,142.96,0.001,0.1489784030988812,0.0957215353008359,0.1431330671906471,0.1758549286626202,0.1872407018519603,0.1644691542358134,0.7687998670146864,0.8605320233554199,365.79367512487806,17,random,area_proportional,0.1194273007288575,0.7121061250567436,0.0413621807098388,0.0295511020394042
1100,3929,157.16,0.001,0.1416277224570512,0.0914113904908299,0.1328833636641502,0.2138344689842738,0.2428018790009112,0.1848670570083143,0.737155932414727,0.8377707414459971,401.4968194998801,17,random,area_proportional,0.1121473768353462,0.6986197090148926,0.0415272521972656,0.0294803455937653
1200,4287,171.48,0.001,0.1449947373569011,0.0979494167119264,0.1306017018854618,0.1948634923329402,0.2160513907361608,0.1736755915579086,0.7533508586420857,0.8480658804828038,436.69642904098146,17,random,area_proportional,0.1142755594104528,0.7096776685118675,0.0424512863159179,0.0307191784167662
1300,4645,185.8,0.001,0.1539139264822006,0.1050087027624249,0.1400427122414112,0.1834807855860172,0.2079278445161337,0.159033723562234,0.7626719274925304,0.8569886127958708,472.253253582865,17,random,area_proportional,0.1225257076323032,0.7319232535362243,0.0420217418670654,0.0313882189337164
1400,5000,200.0,0.001,0.1155904023349285,0.0728507869131863,0.1001954327523708,0.1715273831336143,0.1919645725855777,0.1510901950222398,0.7790604911793705,0.8684797422120962,507.639812707901,17,random,area_proportional,0.0865231095068156,0.6656069546937943,0.042304983139038,0.0290672925394028
1500,5358,214.32,0.001,0.1123403716832399,0.0729996182397007,0.094956460148096,0.1739087470881254,0.2023422253998093,0.145475266713997,0.7812783495320087,0.8692864711181012,543.4193552078214,17,random,area_proportional,0.083978039547801,0.645079263150692,0.0429830265045166,0.0283623320516198
1600,5716,228.64,0.001,0.1132556622102856,0.0716657271422445,0.098139104694128,0.2000244247459622,0.2279216203722574,0.1721272309758671,0.7444500949329029,0.8422488105045515,579.2022400409915,17,random,area_proportional,0.0849024162068963,0.6498665139079094,0.0422925949096679,0.0283532460965216
1700,6074,242.96,0.001,0.1308376752212643,0.0883368614688515,0.1139329905807972,0.1979629527326273,0.2301450346992915,0.1657808711784521,0.7537458151579596,0.8496277984911407,614.491816040827,17,random,area_proportional,0.1011349266953766,0.692806943655014,0.0415351963043212,0.0297027479996904
1800,6429,257.16,0.001,0.1538228135183453,0.1102126368694007,0.1370767372846603,0.1928733343380957,0.2196940215607415,0.1660526456717388,0.7621782791336298,0.8548989204330715,649.6879266658798,17,random,area_proportional,0.1236446872726082,0.7128211095929146,0.0415681171417236,0.0301781254634261
1900,6787,271.48,0.001,0.1202909059077501,0.0792723840102553,0.1043903066217899,0.1738773418339066,0.2004553374534659,0.1472993449768805,0.7792710582647195,0.8672904629367308,685.2617308329791,17,random,area_proportional,0.0918313453719019,0.6547173228859902,0.0426337528228759,0.0284595603588968
2000,7145,285.8,0.001,0.0967107907868921,0.0588171232119202,0.0807339167594909,0.1872072682867413,0.2255347597970269,0.1488797788389001,0.7744454180524512,0.8644743636196278,720.915783832781,17,random,area_proportional,0.0697755201905965,0.6083559522032738,0.0429939651489257,0.0269352710293605
2100,7500,300.0,0.0001,0.0824521496519446,0.0470190896466374,0.0693094959855079,0.1890730384002507,0.2283369373903967,0.1498091402350825,0.7746622674301716,0.8637977595026847,756.2714799998794,17,random,area_proportional,0.0581642927043139,0.5764473950862885,0.0412808227539062,0.0242878571059554
2200,7858,314.32,0.0001,0.0798369793593883,0.0452999875694513,0.0653093528747558,0.1912605979038357,0.2328973707958901,0.1496238234133869,0.774441975505232,0.8635456828644809,792.0123263329733,17,random,area_proportional,0.0553046700730919,0.5602448290586471,0.0426922035217285,0.0245323096308857
2300,8216,328.64,0.0001,0.0795744290575385,0.0449977804999798,0.0648834140598774,0.1892965397310917,0.2306888238575219,0.147904257254617,0.7763167487146223,0.8648481553600288,827.6524405828677,17,random,area_proportional,0.0549405972845852,0.5616016706824303,0.0426300525665283,0.0246338318753987
2400,8574,342.96,0.0001,0.084287823755294,0.0498601816128939,0.0710965830087661,0.1923233521232143,0.2356069431379179,0.149039760386655,0.7740767848883617,0.8635552317938824,863.3334407079965,17,random,area_proportional,0.0604783820919692,0.5607243639230728,0.0419278717041015,0.0238094412069767
2500,8929,357.16,0.0001,0.0760389931127429,0.0423548991791904,0.0619888877868652,0.1968250843377262,0.2451667298907639,0.1484834395065439,0.7729217320284693,0.8626108897981214,898.5961449998431,17,random,area_proportional,0.0521718935109674,0.5505594304203987,0.0421576786041259,0.0238670995412394
2600,9287,371.48,0.0001,0.0888568665087223,0.0545768582820892,0.076197967082262,0.1955997690197505,0.2410405437529705,0.1501589972255139,0.7716472959246865,0.862138144248677,934.1632658329328,17,random,area_proportional,0.0653874127566814,0.5535752800107002,0.0419162273406982,0.0234694540221244
2700,9645,385.8,0.0001,0.075223556086421,0.0423892418853938,0.0598350743949413,0.1985221718628101,0.2457726124970558,0.1512717320019811,0.7717222158030533,0.8615174218312908,969.5153380827978,17,random,area_proportional,0.0511121579073369,0.5391105505824089,0.043521499633789,0.0241113980859518
2800,10000,400.0,0.0001,0.071868040189147,0.0390925371740013,0.0579801334440708,0.1918397272025012,0.2370834653765272,0.1465959881003752,0.7762993366893342,0.8651127556143433,1004.7981595408636,17,random,area_proportional,0.0485363352298736,0.5405683210492134,0.0419795417785644,0.0233317050524055
2900,10358,414.32,0.0001,0.0707040948793292,0.0386267278622835,0.0563833707571029,0.1980791666825337,0.2452716167410352,0.1508867169333989,0.771349754704594,0.8612363943099851,1040.3784975409508,17,random,area_proportional,0.0475050494633615,0.5333032557368278,0.0424508190155029,0.0231990453973412
3000,10716,428.64,0.0001,0.0855429585278034,0.0533118596859276,0.0713254937529564,0.2028241061628071,0.2538406162113467,0.1518075946705564,0.7696778001374485,0.8599137637974454,1076.112985874992,17,random,area_proportional,0.0623186773061752,0.5430037677288055,0.0425620937347412,0.0232242816593498
3100,11074,442.96,0.0001,0.0687031765840947,0.0372055093757808,0.0552533663809299,0.1990245532205773,0.2467835034053631,0.1512656038607693,0.7695109303490921,0.860138401174499,1111.5033672079444,17,random,area_proportional,0.046229438111186,0.5208608104288578,0.0417832374572753,0.0224737386824563
3200,11429,457.16,0.0001,0.0882322109676897,0.0551752297952771,0.0770360706746578,0.1982744165976567,0.2457477151316342,0.1508011205386125,0.7716917395021573,0.8612957520527716,1146.6129561658015,17,random,area_proportional,0.0661056502908468,0.5288080528378487,0.0413070392608642,0.022126561156474
3300,11787,471.48,0.0001,0.0673032910749316,0.0359471832215785,0.0535659320652484,0.1945237215208759,0.24249548905861,0.1465519555299752,0.7747583618506367,0.8641096069342392,1182.2138940829318,17,random,area_proportional,0.0447565575689077,0.5217708653211593,0.0419593238830566,0.022546733492054
3400,12145,485.8,0.0001,0.0754984867945313,0.0437187540344893,0.0618090975284576,0.1972133210992318,0.2468448807211483,0.147581762714782,0.7736662040429068,0.8632999535659297,1217.7165495827794,17,random,area_proportional,0.0527639256976544,0.5272745943069458,0.0420660781860351,0.0227345613203942
3500,12500,500.0,0.0001,0.0697780248522758,0.0380930405855178,0.0564161050319671,0.1988615484901778,0.2507857040962958,0.1469373909247375,0.7744843959329404,0.8633358207262573,1253.0643042079173,17,random,area_proportional,0.047254572995007,0.5176371578872204,0.042253885269165,0.0225234520575031
3600,12858,514.32,0.0001,0.067661444004625,0.0364114838466048,0.0530143797397613,0.1984044074187229,0.2502035521305968,0.1466052622943601,0.7753284428183653,0.8640247756621688,1288.5626468749251,17,random,area_proportional,0.0447129318118095,0.5176133219897747,0.0429671955108642,0.0229485121183097
3700,13216,528.64,0.0001,0.0724918613955378,0.0403696862142533,0.0597519233822822,0.2054184274071228,0.2621681408692396,0.1486687138418838,0.7714676199438791,0.8611666927954049,1324.2150784158148,17,random,area_proportional,0.0500608045235276,0.519898130595684,0.0420552062988281,0.0224310569418594
3800,13574,542.96,0.0001,0.0780350046232342,0.0453707912564277,0.0659289622306823,0.1993038343929501,0.249113908997869,0.1494937598911536,0.7721949588248372,0.8619568782348628,1359.6783704999834,17,random,area_proportional,0.0556498767808079,0.5201413032412529,0.0422473716735839,0.022385127749294
3900,13929,557.16,0.0001,0.0713725892454385,0.0395677743759006,0.059148274809122,0.2031360886294949,0.2582028215319227,0.148069357583267,0.771736030233854,0.8613891605944235,1395.191436749883,17,random,area_proportional,0.0493580243736505,0.5136268541216851,0.0419885158538818,0.0220145650859922
4000,14287,571.48,0.0001,0.0647538275644183,0.0343866611458361,0.0511201640963554,0.1942017587823439,0.244809096659756,0.1435944180175095,0.7787923921145392,0.8664026203943299,1430.9322465828154,17,random,area_proportional,0.0427534126490354,0.5042827890813351,0.0424152374267578,0.0220004148036241
0,0,0.0,0.001,,,,0.6862850733694321,0.6750598459095278,0.6975102927858029,0.0034602076124567,0.0034602076124567,6.412949041929096,17,random,equal_per_image,,,,
100,358,14.32,0.001,0.4742517277598381,0.325196942538023,0.5640013778209686,0.3782708572681387,0.2984625829132371,0.4580791318292849,0.5827299711078235,0.7119918315710939,41.825208083959296,17,random,equal_per_image,0.4445991608500481,0.703239352107048,0.0421656817197799,0.0296525666117668
200,716,28.64,0.001,0.3351502040028572,0.2087371186912059,0.3988080763816833,0.245125518022524,0.1994160037861563,0.2908350307636195,0.7381655933814325,0.8392842095996147,77.77369645913132,17,random,equal_per_image,0.3037725967168808,0.7441503745317459,0.0421656817197799,0.0313776077330112
300,1074,42.96,0.001,0.268419154882431,0.1768310862779617,0.2941587905585766,0.2226547550371361,0.2074564615954164,0.2378530469320224,0.7186994842072094,0.8254046023592997,113.6075185840018,17,random,equal_per_image,0.2354949380457401,0.7808296614885331,0.0421656817197799,0.0329242151603102
400,1429,57.16,0.001,0.2199642500281333,0.1439794241264462,0.2308614398539066,0.2028681464673738,0.1844852326444276,0.2212510610121756,0.7419316759167542,0.8419500729212324,148.90915070893243,17,random,equal_per_image,0.1874204315245151,0.7718081974983215,0.0421656817197799,0.0325438186712563
500,1787,71.48,0.001,0.2124859631806612,0.1422527147084474,0.2175821849703788,0.1959633394096137,0.199192044541085,0.1927346331437978,0.7418908965208086,0.8437417894548023,184.6094629999716,17,random,equal_per_image,0.1799174503982067,0.7723938366770744,0.0421656817197799,0.0325685127079486
600,2145,85.8,0.001,0.1928038722276687,0.1287001448869705,0.1929791262745857,0.1980043357837571,0.188897497101226,0.2071111750850215,0.7412808857002087,0.8424368893320962,220.2330902919639,17,random,equal_per_image,0.1608396364748477,0.7580628359317779,0.0421656817197799,0.0319642362184822
700,2500,100.0,0.001,0.1689693585783243,0.1122825936973094,0.1642072780430317,0.2113017323314112,0.2170899477384494,0.2055135185743285,0.7227309862933394,0.8272105133377651,255.36192891700193,17,random,equal_per_image,0.1382449359819293,0.7286594703793525,0.0421656817197799,0.0307244233042001
800,2858,114.32,0.001,0.1624820040911436,0.1111082697287201,0.1531816181540489,0.2133924646567308,0.2166368611749893,0.210148066591639,0.7323926168474206,0.8352873688022723,290.571628959151,17,random,equal_per_image,0.1321449439227581,0.719472778737545,0.0421656817197799,0.0303370600752532
900,3216,128.64,0.001,0.1668785306811332,0.1158101392164826,0.1560304833948612,0.2136128495308767,0.2365548768464256,0.1906708229371833,0.7295814912206878,0.830949272788975,326.2040245421231,17,random,equal_per_image,0.1359203118830919,0.7342041251063347,0.0421656817197799,0.0309582178480923
1000,3574,142.96,0.001,0.1538910210505127,0.1021267907693982,0.1467943051457405,0.1984779757921258,0.2225021696214444,0.1744537825815405,0.7500878378339558,0.8456867848766325,361.7778581669554,17,random,equal_per_image,0.1244605477899312,0.6979721805453301,0.0421656817197799,0.0294304725527763
1100,3929,157.16,0.001,0.1383727755397558,0.0890302069857716,0.1298515303432941,0.2037917923143578,0.2344621184787948,0.1731214640874763,0.7500191044795707,0.8457762632160549,397.4538286670577,17,random,equal_per_image,0.1094408689811825,0.6861482113599777,0.0421656817197799,0.0289319070428609
1200,4287,171.48,0.001,0.1444394306093454,0.0997653000056743,0.1296475404500961,0.1776072399942107,0.1838421728784237,0.1713723074193644,0.7691749802133653,0.8619152773632728,432.9695751250256,17,random,equal_per_image,0.1147064196318388,0.7051471588015557,0.0421656817197799,0.029733010707423
1300,4645,185.8,0.001,0.1532177305966615,0.1086469992250204,0.1385774181783199,0.1826712209666889,0.1967742498255106,0.1685681916438172,0.7616904488695995,0.8566561161680891,468.76362750004046,17,random,equal_per_image,0.1236122087761759,0.7021236082911492,0.0421656817197799,0.0296055207587778
1400,5000,200.0,0.001,0.1349658449366688,0.0912059216387569,0.1222376327216625,0.1865853124320713,0.2064528780824998,0.1667177487409651,0.7647534758351339,0.8578093229493405,504.0340794590302,17,random,equal_per_image,0.1067217772081494,0.6698354285955429,0.0421656817197799,0.0282440673932433
1500,5358,214.32,0.001,0.1109525707364082,0.0725771129876375,0.0957679875195026,0.1793516777894076,0.2087731640850384,0.149930190668799,0.7802152760826667,0.8667569809353503,539.4573784170207,17,random,equal_per_image,0.0841725501418113,0.6351141291856766,0.0421656817197799,0.0267800202965736
1600,5716,228.64,0.001,0.1150052744150161,0.0756508752703666,0.1001682531833648,0.2297250300542706,0.2683659555796521,0.1910841046320113,0.7246805324686518,0.8286501509115226,575.1489197090268,17,random,equal_per_image,0.0879095642641186,0.6426010191440582,0.0421656817197799,0.027095710337162
1700,6074,242.96,0.001,0.1160871825926005,0.0765043134707957,0.1010102148354053,0.1881357594860466,0.2171571277417113,0.1591143865898818,0.7692141454904549,0.8592058051301594,610.5609965841286,17,random,equal_per_image,0.0887572643533349,0.6481554982066154,0.0421656817197799,0.0273299181647598
1800,6429,257.16,0.001,0.1069547188282012,0.0682561163138598,0.0943365503847599,0.1776781530734989,0.2012802667683796,0.1540760387598849,0.7751503553916019,0.8634096940812985,645.682502125157,17,random,equal_per_image,0.0812963332980871,0.6085134840011597,0.0421656817197799,0.0256583857629448
1900,6787,271.48,0.001,0.1109775922447443,0.0739185509271919,0.0950083646178245,0.194720919156982,0.2318545862465169,0.1575872559860915,0.7639017833768819,0.8568804402696637,681.0358395001385,17,random,equal_per_image,0.0844634578749537,0.6288084027171135,0.0421656817197799,0.026514134965837
2000,7145,285.8,0.001,0.1023302975669503,0.0691187999024987,0.0843096137046814,0.1874986393022702,0.2239316028500923,0.1510656756513259,0.7772343857609674,0.864938669122641,716.4480784591287,17,random,equal_per_image,0.0767142066545784,0.6075104129314423,0.0421656817197799,0.0256160909682512
2100,7500,300.0,0.0001,0.0812718380801379,0.0473414977453649,0.0688520780205726,0.1833017874754011,0.2232048103141124,0.1433987607180453,0.7836204615822195,0.8694014374725165,751.6101787500083,17,random,equal_per_image,0.0580967881064862,0.5496187601983548,0.0421656817197799,0.0231750497035682
2200,7858,314.32,0.0001,0.0781000072881579,0.0463000350631773,0.0641408272087574,0.1882009487147974,0.2296336049852074,0.1467682925475097,0.779073483703929,0.8663213762226796,787.3157637501135,17,random,equal_per_image,0.0552204309776425,0.5426113232970238,0.0421656817197799,0.0228795764222741
2300,8216,328.64,0.0001,0.0752358970791101,0.0431099997460842,0.061766817420721,0.1923451149339907,0.2355066467218333,0.1491835814446314,0.7741530296834075,0.8630131463114437,823.0367102921009,17,random,equal_per_image,0.0524384083785116,0.5406645357608795,0.0421656817197799,0.0227974887844175
2400,8574,342.96,0.0001,0.0811387395486235,0.0491580788511782,0.0681294077634811,0.1962932066212063,0.240793787278106,0.1517926250362066,0.7712859941899614,0.8608606454446032,858.7497413340025,17,random,equal_per_image,0.0586437433212995,0.5334906250238418,0.0421656817197799,0.0224949958920478
2500,8929,357.16,0.0001,0.0738167095929384,0.0422513452079147,0.0604960638284683,0.1968907223543906,0.2431557435271649,0.150625702419083,0.7708450193692467,0.8605085650266231,893.935387125006,17,random,equal_per_image,0.0513737045414745,0.5322576087713241,0.0421656817197799,0.022443005060777
2600,9287,371.48,0.0001,0.0849019852653145,0.0524235781189054,0.0726805444061756,0.1922626567546884,0.2356266979527721,0.1488986137004047,0.7768534989107072,0.864910645317271,929.1854241250549,17,random,equal_per_image,0.0625520619936287,0.5300500866770744,0.0421656817197799,0.0223499233182519
2700,9645,385.8,0.0001,0.0702512188628315,0.0397467955201864,0.0568233399093151,0.1990558706146623,0.2471169304476477,0.1509948084098657,0.7722128274221602,0.8613487291470757,964.3310122920666,17,random,equal_per_image,0.0482850678823888,0.5209485572576523,0.0421656817197799,0.0219661510549485
2800,10000,400.0,0.0001,0.0684977708756923,0.0382207507360726,0.054994543492794,0.1912292430763838,0.2369538848787855,0.145504603542671,0.7790547267260772,0.8661691526747267,999.5066683341284,17,random,equal_per_image,0.0466076471470296,0.5191454875469208,0.0421656817197799,0.0218901234678924
2900,10358,414.32,0.0001,0.0679309195652604,0.0384895471669733,0.0540166218578815,0.1970682539638763,0.2477719693551014,0.1463645393460679,0.7770297838333395,0.8645622118728968,1034.838231083937,17,random,equal_per_image,0.0462530846521258,0.5141108530759811,0.0421656817197799,0.0216778346709907
3000,10716,428.64,0.0001,0.0819498620182275,0.0511500761285424,0.0690325188636779,0.1924469902544285,0.2386779690283805,0.1462160119960877,0.7795852668488263,0.8662793557421474,1070.4551170419436,17,random,equal_per_image,0.0600912975147366,0.5183970378339291,0.0421656817197799,0.0218585645314306
3100,11074,442.96,0.0001,0.0673755261674523,0.0375078183598816,0.0545743836462497,0.1940367936469279,0.2393380600997733,0.1487355289987214,0.774578823272827,0.8629241241253715,1106.0481215000618,17,random,equal_per_image,0.0460411008074879,0.5059665749967098,0.0421656817197799,0.0213344257045537
3200,11429,457.16,0.0001,0.0847829214856028,0.0517895634099841,0.0743960781395435,0.1952494094116052,0.2450389391307599,0.1454598792284005,0.7781397835472714,0.865231763258615,1141.4817435841542,17,random,equal_per_image,0.0630928209051489,0.5144017396867275,0.0421656817197799,0.0216901001613587
3300,11787,471.48,0.0001,0.0641825392097234,0.0348234774637967,0.0510979659855365,0.1951762979727715,0.2452529432658093,0.1450996516485115,0.7781807331275029,0.8654772328045239,1177.186867167009,17,random,equal_per_image,0.0429607218690216,0.5032959538698196,0.0421656817197799,0.0212218171358108
3400,12145,485.8,0.0001,0.0698855676874518,0.0400545759778469,0.0569626301527023,0.1883017441393182,0.2353101259799977,0.1412933607002443,0.7842125403445434,0.8696281657787255,1212.9124852090608,17,random,equal_per_image,0.0485086033120751,0.5069754296541213,0.0421656817197799,0.0213769644126296
3500,12500,500.0,0.0001,0.0657698559202253,0.0360460500745102,0.0530302983522415,0.191037947898505,0.2396776685458978,0.1423982270448678,0.7815879776278867,0.867912187819021,1248.5943961250596,17,random,equal_per_image,0.0445381741039454,0.5035298995673656,0.0421656817197799,0.0212316814064979
3600,12858,514.32,0.0001,0.0646615817025303,0.0357970139104872,0.051000884771347,0.194201330257947,0.2450092758686897,0.1433933857815488,0.7805180456004234,0.8671442023701751,1288.6685816671234,17,random,equal_per_image,0.0433989492617547,0.5042639330029488,0.0421656817197799,0.021262632459402
3700,13216,528.64,0.0001,0.0684688133373856,0.038400297127664,0.0565314753353595,0.2012750224361782,0.2558349377143754,0.14671510849857,0.7735597449550674,0.8628048371400627,1326.6017327499576,17,random,equal_per_image,0.0474658860079944,0.4981047758460045,0.0421656817197799,0.0210029274318367
3800,13574,542.96,0.0001,0.0733640776574611,0.0425856747571379,0.0622398974001407,0.1934740117470698,0.2390143343321592,0.1479336877182693,0.7780406262953129,0.8656540224527394,1364.687080959091,17,random,equal_per_image,0.0524127855710685,0.4968801808357239,0.0421656817197799,0.0209512916114181
3900,13929,557.16,0.0001,0.0685918517783284,0.0382420432381331,0.0569941438734531,0.2064296280945873,0.2639534174364743,0.1489058400932892,0.7709007150363929,0.8608142988662971,1403.0833487501368,17,random,equal_per_image,0.0476180933788418,0.4974130019545555,0.0421656817197799,0.0209737584926188
4000,14287,571.48,0.0001,0.06165372017771,0.0331407637242227,0.0487614265084266,0.1909812816699071,0.241062349204786,0.1409002163005947,0.783165669585075,0.8689668193927543,1440.9601439170074,17,random,equal_per_image,0.0409510953538119,0.4909828069806099,0.0421656817197799,0.0207026247214525
0,0,0.0,0.001,,,,0.6805803738663353,0.661634955439188,0.6995257856936603,0.0034602076124567,0.0034602076124567,6.277366458205506,17,imagenet,reference,,,,
100,358,14.32,0.001,0.3832095417380333,0.2647668676078319,0.5016522142291069,0.2836279357593365,0.2177879719070084,0.3494679016225478,0.7523736418146979,0.8525961635484427,41.48821245809086,17,imagenet,reference,,,,
200,716,28.64,0.001,0.2133392089605331,0.1314735507965088,0.2952048662304878,0.2027827380643996,0.172048595640486,0.2335168836851021,0.8061676778754958,0.8871570583313656,76.30645491718315,17,imagenet,reference,,,,
300,1074,42.96,0.001,0.1282733722776174,0.084084729924798,0.1724620145559311,0.1650215897799363,0.1635746926997359,0.1664684880976033,0.7930681448132124,0.878464783420447,110.98943041707388,17,imagenet,reference,,,,
400,1429,57.16,0.001,0.0857336311787366,0.0585493072122335,0.112917955070734,0.1485917912635011,0.1524480409585068,0.1447355415169343,0.821560060460143,0.8966522250418412,145.40352129214443,17,imagenet,reference,,,,
500,1787,71.48,0.001,0.0680065150931477,0.0511256609857082,0.0848873689770698,0.1380628701106074,0.1620233718396058,0.1141023681238035,0.8307498397324331,0.9019161185872908,180.81975300004703,17,imagenet,reference,,,,
600,2145,85.8,0.001,0.0678956687077879,0.0554962535202503,0.080295083373785,0.158069071318039,0.1808694166914402,0.1352687267696156,0.8097823203830377,0.8877743098941151,216.33022650005296,17,imagenet,reference,,,,
700,2500,100.0,0.001,0.0565511617064476,0.0473399387858808,0.0657623846828937,0.1510459049556494,0.1819826236645655,0.1201091862467333,0.8156121942430757,0.8921135791083056,251.23450954211876,17,imagenet,reference,,,,
800,2858,114.32,0.001,0.0569793070666492,0.0484595788270235,0.0654990346729755,0.1733624937212591,0.209317088024014,0.1374079017903153,0.7960311163582524,0.8783137497617322,286.6092773331329,17,imagenet,reference,,,,
900,3216,128.64,0.001,0.0558718605153262,0.0460078147985041,0.0657359056174755,0.1628008101225724,0.2037743075805551,0.1218273150879619,0.8054094581773726,0.8859175784636188,322.1817484581843,17,imagenet,reference,,,,
1000,3574,142.96,0.001,0.0450124406442046,0.0349582050461322,0.0550666764378547,0.1429276755627463,0.1763991903268754,0.1094561615204728,0.8320637954594954,0.9026983956361996,357.7641923332121,17,imagenet,reference,,,,
1100,3929,157.16,0.001,0.0349587173573672,0.0294325897563248,0.0404848450422287,0.1514749265047093,0.1915697899347358,0.111380064569955,0.8232635729893243,0.8974784800699892,393.6789159581531,17,imagenet,reference,,,,
1200,4287,171.48,0.001,0.0310158728342503,0.0266989774815738,0.0353327684104442,0.1668315683475415,0.2183332299897415,0.1153299078396859,0.814998287953578,0.8915369661920024,428.7352250001859,17,imagenet,reference,,,,
1300,4645,185.8,0.001,0.0404223112389445,0.034258289868012,0.0465863324701786,0.1590289541594297,0.2030793109773352,0.1149785968259131,0.8157616780158315,0.8922278385087584,463.60122720804065,17,imagenet,reference,,,,
1400,5000,200.0,0.001,0.0279792769066989,0.0244095035549253,0.0315490500628948,0.1471586687857717,0.1923200415904959,0.1019972969091474,0.8323019765409776,0.9033566854214736,498.016181625193,17,imagenet,reference,,,,
1500,5358,214.32,0.001,0.0254799172841012,0.022213246487081,0.0287465880811214,0.1530122949796564,0.203442698892425,0.1025818901903489,0.8316701846862844,0.902679196825131,533.6590955420397,17,imagenet,reference,,,,
1600,5716,228.64,0.001,0.0236554013006389,0.0204514052718877,0.0268593974411487,0.1592853646274256,0.2150205349014704,0.1035501940440141,0.8283095074914723,0.9006334984708437,569.3885003752075,17,imagenet,reference,,,,
1700,6074,242.96,0.001,0.0222864371119067,0.0193150067050009,0.0252578672766685,0.1506147285130609,0.2025322076771086,0.0986972488334022,0.8368371931600475,0.905659319049192,605.0613574581221,17,imagenet,reference,,,,
1800,6429,257.16,0.001,0.0557882837112993,0.0521318211220204,0.0594447468221187,0.1723373660682394,0.2154351831719949,0.129239551336295,0.799324752996277,0.881369557655116,640.4973995001055,17,imagenet,reference,,,,
1900,6787,271.48,0.001,0.0434641128964722,0.0384725707862526,0.0484556543827056,0.1803079528998338,0.2392946916880492,0.1213212118429296,0.803867862072318,0.8832413194127131,675.5750892499927,17,imagenet,reference,,,,
2000,7145,285.8,0.001,0.0296020844578742,0.0267919806111603,0.0324121883511543,0.1565316259139136,0.2079113661005422,0.1051518851085517,0.8292872584789275,0.9000549905569105,710.6028972500935,17,imagenet,reference,,,,
2100,7500,300.0,0.0001,0.0247426661476492,0.0216499349800869,0.027835397273302,0.1626277782512783,0.2188426437674921,0.1064129137662867,0.8264769749660594,0.8978730979158285,745.314220083179,17,imagenet,reference,,,,
2200,7858,314.32,0.0001,0.0244218255765736,0.0216787049174308,0.027164946347475,0.1635209610717931,0.2200883229401697,0.1069535992549777,0.8261026470576588,0.8973725941838749,780.1597337920684,17,imagenet,reference,,,,
2300,8216,328.64,0.0001,0.0245784101728349,0.0221835747547447,0.0269732455909252,0.1606196814239231,0.2152882085848844,0.105951153902034,0.8272060105157462,0.8982797554623814,814.6776760001667,17,imagenet,reference,,,,
2400,8574,342.96,0.0001,0.025636865850538,0.0218635914474725,0.0294101399183273,0.1620358947960975,0.2174593724284617,0.1066124152559722,0.8256771012318997,0.8973913234162515,849.333077083109,17,imagenet,reference,,,,
2500,8929,357.16,0.0001,0.0230842954851686,0.0203595529403537,0.0258090381324291,0.1597048487630269,0.2144898442248572,0.1049198533011967,0.82794481040342,0.8988988830247624,883.8847629171796,17,imagenet,reference,,,,
2600,9287,371.48,0.0001,0.0254217010270804,0.0207381111895665,0.0301052908599376,0.1655423907260168,0.2225956698189969,0.1084891118392812,0.8232210835247096,0.8956246925529895,918.755781542044,17,imagenet,reference,,,,
2700,9645,385.8,0.0001,0.0224325102288275,0.0200470767356455,0.0248179437220096,0.1660734651719822,0.2255402172828628,0.1066067136282739,0.8261116073767243,0.8974221330955501,953.6533228331244,17,imagenet,reference,,,,
2800,10000,400.0,0.0001,0.0223604178614914,0.0199452129704877,0.024775622934103,0.1548178450149648,0.2077299039875347,0.101905787486106,0.8324107645794028,0.9019245026325954,988.2264174581504,17,imagenet,reference,,,,
2900,10358,414.32,0.0001,0.0215295082144439,0.019164783898741,0.0238942323625087,0.1582432035034503,0.2135149535423331,0.1029714548051563,0.8316875843286827,0.9009164901152056,1023.9693389581516,17,imagenet,reference,,,,
3000,10716,428.64,0.0001,0.0248473775014281,0.0203618955612182,0.0293328592181205,0.1645103609995033,0.2227205050960956,0.1063002172638388,0.8264708728854453,0.8974711889319903,1059.5978380001616,17,imagenet,reference,,,,
3100,11074,442.96,0.0001,0.0206095341034233,0.0182005358440801,0.0230185323953628,0.1644185418488657,0.2233801477920637,0.1054569359056677,0.8274635153004661,0.8982506757243994,1094.841212542029,17,imagenet,reference,,,,
3200,11429,457.16,0.0001,0.0223885020334273,0.0184976787259802,0.0262793251872062,0.1673795196733672,0.2276084932488966,0.1071505435197823,0.8254335292961692,0.8967602224907466,1129.928059417056,17,imagenet,reference,,,,
3300,11787,471.48,0.0001,0.020671008164063,0.0183315890002995,0.0230104275047779,0.1638009447643088,0.2226100117999377,0.1049918788114633,0.8274678271878827,0.8985353987950516,1166.2597502500284,17,imagenet,reference,,,,
3400,12145,485.8,0.0001,0.0213096593273803,0.0184596978547051,0.0241596208512783,0.1606534268307438,0.2179346877089008,0.1033721663135145,0.8298157144170619,0.9002476751350867,1201.73717149999,17,imagenet,reference,,,,
3500,12500,500.0,0.0001,0.0205252002039924,0.0181378791155293,0.022912521213293,0.164837273810974,0.2251037037496335,0.1045708462441256,0.8284534572496286,0.8989172457207921,1236.727041167207,17,imagenet,reference,,,,
3600,12858,514.32,0.0001,0.0205627052159979,0.0184557136893272,0.0226696966588497,0.1651322766880675,0.2259015120230744,0.1043630409405718,0.8286231725629716,0.8991270654131938,1271.4761138330214,17,imagenet,reference,,,,
3700,13216,528.64,0.0001,0.020620694225654,0.0180294037377461,0.0232119846343994,0.1669591877184112,0.2294514725777517,0.1044669033746818,0.8275041630062092,0.898602331236734,1306.059736583149,17,imagenet,reference,,,,
3800,13574,542.96,0.0001,0.0205846100673079,0.0175231275521218,0.0236460925638675,0.1634514681917573,0.2230887499647569,0.1038141856969021,0.8289085065689911,0.8995305874572092,1341.2966543750372,17,imagenet,reference,,,,
3900,13929,557.16,0.0001,0.0199985219445079,0.0173211428988724,0.0226759010553359,0.1684247866324487,0.2323625378542705,0.1044870336575491,0.8270272022044264,0.898512340561454,1376.6180990419816,17,imagenet,reference,,,,
4000,14287,571.48,0.0001,0.0192638097191229,0.017108358554542,0.0214192607998847,0.1654448207068195,0.2266872055493424,0.1042024357096134,0.827863628513491,0.8991061015240134,1412.274042917183,17,imagenet,reference,,,,
0,0,0.0,0.001,,,,0.6805803738663353,0.661634955439188,0.6995257856936603,0.0034602076124567,0.0034602076124567,6.556236250093207,17,imagenet,area_proportional,,,,
100,358,14.32,0.001,0.4104987427592277,0.2647116962075233,0.5013796401023864,0.285565671933151,0.2147363413473314,0.3563950037048762,0.7893721015359594,0.8760618469546446,41.892198709072545,17,imagenet,area_proportional,0.3830456677079201,0.6469256955385209,0.0420450210571289,0.0274530763179063
200,716,28.64,0.001,0.2404376432299614,0.1314743100106716,0.2976787935197353,0.2274608330536878,0.1866955604004612,0.2682261060678422,0.7992420181707782,0.882865015682694,77.83351525012404,17,imagenet,area_proportional,0.2145765519142151,0.6096607652306557,0.0419577598571777,0.0258610918279737
300,1074,42.96,0.001,0.1604425660520792,0.0885327558591961,0.1823444928228855,0.1706937479312857,0.1619109694932984,0.1794765234818508,0.7937042386784778,0.8777573254476695,113.66102416696958,17,imagenet,area_proportional,0.1354386236518621,0.5792637065052986,0.0422343254089355,0.025003941738978
400,1429,57.16,0.001,0.1150743518024683,0.0623202868923544,0.1208000481128692,0.1449830126803639,0.1509333532883634,0.1390326720208032,0.8163237597321569,0.8932100539508342,148.95680479193106,17,imagenet,area_proportional,0.0915601674467325,0.5420678868889809,0.0425641536712646,0.0235141841042786
500,1787,71.48,0.001,0.0965379936248064,0.0519823515042662,0.094186024069786,0.1482757821833798,0.1650955221747857,0.1314560416248018,0.8248197453720458,0.8974741534002959,184.72758320905268,17,imagenet,area_proportional,0.0730841880664229,0.5401282387971879,0.0426717376708984,0.0234538057539612
600,2145,85.8,0.001,0.0919751504063606,0.0525132316537201,0.0857921457290649,0.1528425027445525,0.1701749426064606,0.1355100643263556,0.8128619825813316,0.8908244079270525,220.6750003339257,17,imagenet,area_proportional,0.0691526881605386,0.535322944521904,0.0423131275177001,0.0228224621992558
700,2500,100.0,0.001,0.0664892963320016,0.0335545453801751,0.0587047204375267,0.152578054002412,0.1754442788016012,0.1297118290485395,0.8160125218845191,0.8925638608850099,256.18606887501664,17,imagenet,area_proportional,0.0461296331137418,0.4694834354519844,0.0424925231933593,0.0203596629668027
800,2858,114.32,0.001,0.0691040151938796,0.0378698933124542,0.0602158997952938,0.1392902498323612,0.1490906933290323,0.1294898058716401,0.8245803216208178,0.8982741084539375,291.9861672089901,17,imagenet,area_proportional,0.0490428964048624,0.4590162858366966,0.0431019687652587,0.0200611183792352
900,3216,128.64,0.001,0.0647556855902075,0.0352901579719036,0.0551178957521915,0.1693963695149933,0.2117086613363873,0.1270840782607715,0.8008756301295378,0.8822599605272812,327.7479803750757,17,imagenet,area_proportional,0.0452040272951126,0.4551604068279266,0.0425266456604003,0.0195516582718119
1000,3574,142.96,0.001,0.0697453218884766,0.0385727510228753,0.0631852951645851,0.1539663138789701,0.182283829291799,0.1256487986208246,0.8152861900583421,0.8914346524248039,363.4287582091056,17,imagenet,area_proportional,0.0508790235966444,0.4540266999602317,0.0413621807098388,0.0188662983709946
1100,3929,157.16,0.001,0.0532496899180114,0.0264429449476301,0.0442271554470062,0.1432786382296506,0.1748486233933161,0.1117086530144239,0.8250260256525669,0.8983615009817133,398.6733287090902,17,imagenet,area_proportional,0.0353350502811372,0.418936408162117,0.0415272521972656,0.0179146397020667
1200,4287,171.48,0.001,0.0427143847756087,0.0202681862143799,0.0331994512677192,0.1468581031350528,0.1848284837799501,0.1088877225417166,0.8275352648392011,0.8996538473364206,434.2607648749836,17,imagenet,area_proportional,0.0267338187526911,0.3658917593955993,0.0424512863159179,0.0159805660042911
1300,4645,185.8,0.001,0.0784707898087799,0.0487936617434024,0.066383264362812,0.1809520388350767,0.2185518833386444,0.1433521931971645,0.7770172138593211,0.8667433841541028,470.20839308411814,17,imagenet,area_proportional,0.0575884629227221,0.4930267249047756,0.0420217418670654,0.0208823272353038
1400,5000,200.0,0.001,0.065681562218815,0.0374627120606601,0.0515936717391014,0.1480459986467262,0.180432157532979,0.115659839554229,0.819125141323966,0.893332220688928,505.6503501669504,17,imagenet,area_proportional,0.044528191871941,0.4856866715848446,0.042304983139038,0.021153370309621
1500,5358,214.32,0.001,0.0495887831412255,0.0256897648982703,0.0376890982687473,0.1872934588717754,0.2434369032770704,0.1311500144664804,0.7945933685156233,0.8763854975536616,541.0403677921277,17,imagenet,area_proportional,0.0316894315741956,0.4056393638253212,0.0429830265045166,0.0178993516322225
1600,5716,228.64,0.001,0.0478844161517918,0.0239249733369797,0.0372049705684185,0.1733611353953404,0.2139704707997068,0.1327517973097962,0.7957204124580208,0.8781933471279294,576.5333170001395,17,imagenet,area_proportional,0.0305649718828499,0.3978335288167,0.0422925949096679,0.0173194440547376
1700,6074,242.96,0.001,0.0478443359956145,0.0252714118361473,0.0366678838431835,0.1716728477535775,0.222716703804719,0.1206289948476639,0.8090171165408879,0.8869145879715316,612.1595636249986,17,imagenet,area_proportional,0.0309696477930992,0.3949879562854766,0.0415351963043212,0.0168746884912252
1800,6429,257.16,0.001,0.0471816567704081,0.0243760143592953,0.0380248601734638,0.1704052577381728,0.2199236326770386,0.1208868849648736,0.8095741340073119,0.8872116844258875,647.4004987089429,17,imagenet,area_proportional,0.0312004373129457,0.3838048169016838,0.0415681171417236,0.0159812193969264
1900,6787,271.48,0.001,0.0459164052642881,0.0226091898186132,0.0364812439680099,0.1912283220402509,0.2574828257816473,0.1249738191238324,0.8010728176461621,0.8810076239835894,682.7865860001184,17,imagenet,area_proportional,0.0295452168770134,0.3858732298016548,0.0426337528228759,0.0163711883034557
2000,7145,285.8,0.001,0.039627683982253,0.0190742352744564,0.0285708385705947,0.1651471772820892,0.2180986940138892,0.1121956602924835,0.8196828614587801,0.8937568260091218,718.5003839591518,17,imagenet,area_proportional,0.0238225369900465,0.3560627242922783,0.0429939651489257,0.0158051469596102
2100,7500,300.0,0.0001,0.0332587848510593,0.0154744824860245,0.024281957000494,0.1742103007012997,0.2347095852595299,0.1137110155758973,0.8163579778498328,0.8912827279028924,753.707400833955,17,imagenet,area_proportional,0.0198782197386026,0.3140785370767116,0.0412808227539062,0.0133805650169961
2200,7858,314.32,0.0001,0.0336314077489078,0.0157338245399296,0.0239747433364391,0.1692289099561301,0.2277872607266614,0.1106705589277934,0.8210029351516442,0.8944391099466678,789.1760566250887,17,imagenet,area_proportional,0.0198542839474976,0.3116288982331753,0.0426922035217285,0.0137771237455308
2300,8216,328.64,0.0001,0.0329664541408419,0.0154282857989892,0.0235549730062484,0.1674681083141313,0.2244515607204404,0.1104846557531389,0.8208613246546194,0.8944543867825986,824.5387167090084,17,imagenet,area_proportional,0.0194916294142603,0.3041695602238178,0.0426300525665283,0.0134748246567323
2400,8574,342.96,0.0001,0.0369460384175181,0.0175355311203748,0.0293430531024932,0.15908444304161,0.2086890422864768,0.1094798437451821,0.8230709114776421,0.8958046113374231,859.9400403341278,17,imagenet,area_proportional,0.0234392920136451,0.3217755728960037,0.0419278717041015,0.0135067464783787
2500,8929,357.16,0.0001,0.0324777080677449,0.0152340463874861,0.0232554492354393,0.1599213685131403,0.2114482775691471,0.1083944580134223,0.8236009093826262,0.8962570655456185,895.0124602089636,17,imagenet,area_proportional,0.0192447477113455,0.3040819616615772,0.0421576786041259,0.0132329605193808
2600,9287,371.48,0.0001,0.034308297606185,0.0151968514965847,0.0271273481845855,0.160280067615443,0.2119266691401755,0.1086334664516383,0.8246663758867033,0.8968614643238555,930.289445209084,17,imagenet,area_proportional,0.0211620998568832,0.3197044011950493,0.0419162273406982,0.0131461978796869
2700,9645,385.8,0.0001,0.0318724954314529,0.0150589308608323,0.0223935249447822,0.1614029926206001,0.2151578118231882,0.1076481748617231,0.8251221761822887,0.8971923258899053,965.6869657090864,17,imagenet,area_proportional,0.0187262277863919,0.2922729682922363,0.043521499633789,0.0131462675333023
2800,10000,400.0,0.0001,0.0306986687332391,0.0142739364877343,0.0219027861952781,0.158215607841947,0.2102193330707847,0.1062118831802817,0.8266126179462506,0.8982613769273247,1001.0008014589548,17,imagenet,area_proportional,0.0180883612390607,0.2897457829117775,0.0419795417785644,0.0126103077060543
2900,10358,414.32,0.0001,0.0304061634279787,0.0142320027481764,0.0213785845041275,0.1595249058981667,0.2121766907224193,0.1068731197848864,0.8259707031286714,0.8978750021229254,1036.480443791952,17,imagenet,area_proportional,0.0178052936587482,0.2862326066195965,0.0424508190155029,0.0126008697552606
3000,10716,428.64,0.0001,0.0322025090269744,0.0145741214277222,0.024310996979475,0.1617235599092133,0.2165009513961402,0.1069461692988253,0.8255080558618297,0.8975903115565903,1071.95843241713,17,imagenet,area_proportional,0.0194425592245534,0.3009012791514396,0.0425620937347412,0.0127599498117342
3100,11074,442.96,0.0001,0.0291628388129174,0.0135987406317144,0.0207016298174858,0.1622428810513968,0.2177991866034207,0.1066865753962506,0.825745448699036,0.8976674245815611,1107.4485085839406,17,imagenet,area_proportional,0.0171501851733773,0.2766877779364586,0.0417832374572753,0.0120126536535099
3200,11429,457.16,0.0001,0.0307005732133984,0.0136864180257543,0.0235689459741115,0.16428762921825,0.2211698113737634,0.1074054478361532,0.8249470234066716,0.8971612815820756,1142.953490542015,17,imagenet,area_proportional,0.018627681909129,0.2888525056838989,0.0413070392608642,0.0120728914253413
3300,11787,471.48,0.0001,0.0289665399771183,0.0134637613687664,0.0205303284525871,0.1635495232463295,0.2208032385803836,0.1062958069326143,0.8256213313049382,0.8976485519531968,1178.4611228341237,17,imagenet,area_proportional,0.0169970448873937,0.2746593005955219,0.0419593238830566,0.0119694949919357
3400,12145,485.8,0.0001,0.0291621118597686,0.0133826157357543,0.0211350488662719,0.1613003561550358,0.2170486964259593,0.1055520148013289,0.8266509710566191,0.8984470029626288,1214.223414374981,17,imagenet,area_proportional,0.0172588322730734,0.2752885745465755,0.0420660781860351,0.0119032796449027
3500,12500,500.0,0.0001,0.0284179486799985,0.0132661108043976,0.020054731965065,0.1630502395770129,0.2208725933797631,0.1052278878367071,0.8268352294444697,0.8985879634546119,1249.5391858750954,17,imagenet,area_proportional,0.0166604214953258,0.2679475559294224,0.042253885269165,0.0117575272917747
3600,12858,514.32,0.0001,0.028891727477312,0.0136243364703841,0.0200296330451965,0.1634778716572428,0.2209008079292864,0.106054934869588,0.8261337705821116,0.8980164226104774,1285.1618137499318,17,imagenet,area_proportional,0.0168269847752526,0.2691384509205818,0.0429671955108642,0.0120647426322102
3700,13216,528.64,0.0001,0.0284968455694615,0.0131064901128411,0.0204999454319477,0.1657153999104219,0.2255916743954985,0.1058391260440786,0.825747251965621,0.897742561369625,1320.7647625000682,17,imagenet,area_proportional,0.0168032178562134,0.2686552955210209,0.0420552062988281,0.0116936276620253
3800,13574,542.96,0.0001,0.0282915876153856,0.0128634159266948,0.0208000266551971,0.1645291234692075,0.2232132911372762,0.1058449555433332,0.8256679755971205,0.8978275632251109,1356.0998903750442,17,imagenet,area_proportional,0.0168317213281989,0.2652691508829594,0.0422473716735839,0.0114598662150092
3900,13929,557.16,0.0001,0.0276435693353414,0.0128055280586704,0.0197478118538856,0.1677543827716042,0.2293373511324291,0.1061714130701903,0.8250405056638702,0.8973429813197463,1391.4276102920994,17,imagenet,area_proportional,0.0162766699958592,0.2630028745532036,0.0419885158538818,0.011366899407003
4000,14287,571.48,0.0001,0.0269877851195633,0.0125735176424495,0.0189126153290271,0.1653386911306414,0.2248828424508183,0.1057945392948533,0.8258755721591235,0.8979455539164725,1426.800863625016,17,imagenet,area_proportional,0.0157430665194988,0.2556299038231372,0.0424152374267578,0.011244718558155
0,0,0.0,0.001,,,,0.6805803738663353,0.661634955439188,0.6995257856936603,0.0034602076124567,0.0034602076124567,6.748172166990116,17,imagenet,equal_per_image,,,,
100,358,14.32,0.001,0.4099408480525017,0.264367848932743,0.5011231517791748,0.2790399849621069,0.2134488848872663,0.3446310847275809,0.7713094594595998,0.862689780832648,44.764022999908775,17,imagenet,equal_per_image,0.3827455013990402,0.644963995218277,0.0421656817197799,0.0271953464485704
200,716,28.64,0.001,0.2385873888432979,0.1296887046843767,0.2963741464912891,0.1961386599755204,0.1655197039143437,0.22675761570155,0.7956149729924185,0.8795462082754762,83.01661133393645,17,imagenet,equal_per_image,0.2130314256250858,0.6060844221711159,0.0421656817197799,0.025555962678045
300,1074,42.96,0.001,0.1519648403674364,0.0821385106071829,0.1747913609445095,0.1638091600477489,0.1598297066238924,0.1677886138325331,0.8105328033074626,0.8876483825003085,121.2652465000283,17,imagenet,equal_per_image,0.1284649358689785,0.5573229894042016,0.0421656817197799,0.0234999038465321
400,1429,57.16,0.001,0.1116072790324688,0.0598370985686779,0.11830123052001,0.1617285617495078,0.1712907803821728,0.1521663443027483,0.8012997458270087,0.8829379365960275,159.18200599984266,17,imagenet,equal_per_image,0.0890691642835736,0.5345132309198379,0.0421656817197799,0.0225381148606538
500,1787,71.48,0.001,0.0882996201142668,0.047352785654366,0.0865366086363792,0.1511736345126142,0.1632936832504701,0.1390535858263193,0.8119059343869459,0.8901040806190104,196.98835824988785,17,imagenet,equal_per_image,0.0669446973502636,0.5064526891708374,0.0421656817197799,0.0213549227826297
600,2145,85.8,0.001,0.1003430118411779,0.0611811321042478,0.0928874830901622,0.1808762973155117,0.2073085816467509,0.1544440128811502,0.7839367756031633,0.8703632227987605,235.0908172919881,17,imagenet,equal_per_image,0.0770343074947595,0.5527884992957115,0.0421656817197799,0.023308703880757
700,2500,100.0,0.001,0.0693620102852582,0.0366890221089124,0.0613828815519809,0.153380818175197,0.1809914916960013,0.1257701419216538,0.8176095255843207,0.8919649508207782,272.949297624873,17,imagenet,equal_per_image,0.049035951718688,0.4820521792769432,0.0421656817197799,0.0203260586224496
800,2858,114.32,0.001,0.0668743219226598,0.0370097940601408,0.0592117834091186,0.1731048861589398,0.200342725201874,0.1458670463941501,0.7941436391580785,0.8766996528895323,311.0546470419504,17,imagenet,equal_per_image,0.0481107888370752,0.4449953684210777,0.0421656817197799,0.0187635329551994
900,3216,128.64,0.001,0.0619855143129825,0.0333549513574689,0.0531747466325759,0.1692678371515241,0.212995336336248,0.1255403394105112,0.8022005138409022,0.8828078366608452,348.71910658385605,17,imagenet,equal_per_image,0.0432648491859436,0.4439787209033966,0.0421656817197799,0.0187206655368208
1000,3574,142.96,0.001,0.0643681023828685,0.0339363216981291,0.0574249604344367,0.1597012444866569,0.1907266414237682,0.1286758448425873,0.8020140215437085,0.8842613389894367,386.5063232500106,17,imagenet,equal_per_image,0.0456806410569697,0.4431912440061569,0.0421656817197799,0.0186874611396342
1100,3929,157.16,0.001,0.0553556521981954,0.0295948270428925,0.0448914727568626,0.17939613635771,0.2266187957877931,0.1321734757159408,0.7900491220170426,0.8764904752262388,423.998071791837,17,imagenet,equal_per_image,0.0372431498765945,0.4295555418729782,0.0421656817197799,0.0181125022750347
1200,4287,171.48,0.001,0.0803584660962224,0.0531318599358201,0.0641366821527481,0.1857305227885196,0.2318967887583901,0.139564255323377,0.7806276080077169,0.8714661882467825,461.838914624881,17,imagenet,equal_per_image,0.0586342713609337,0.5152103269100189,0.0421656817197799,0.0217241945583373
1300,4645,185.8,0.001,0.0694852845370769,0.040655091125518,0.057694037258625,0.1460514811599131,0.1749793561787753,0.1171236083581785,0.8218536165300104,0.8953159158701356,499.7189120419789,17,imagenet,equal_per_image,0.0491745637543499,0.4816884225606918,0.0421656817197799,0.0203107207641005
1400,5000,200.0,0.001,0.0445305359363555,0.0221690708212554,0.0339943884313106,0.1491987368536655,0.1881723443117108,0.1102251286737646,0.8260662995834577,0.8979742007653707,537.5469417499844,17,imagenet,equal_per_image,0.0280817297194153,0.3900993743538856,0.0421656817197799,0.0164488061610609
1500,5358,214.32,0.001,0.0408108147419989,0.0201443684846162,0.0305721478164196,0.1714490456667738,0.2242229394227988,0.1186751523232377,0.8126215806815346,0.8883090415572443,575.5078344589565,17,imagenet,equal_per_image,0.0253582581691443,0.3664723607897758,0.0421656817197799,0.0154525568708777
1600,5716,228.64,0.001,0.0395571974664926,0.0194821237865835,0.0295939509570598,0.1529671338396501,0.1958262921926472,0.1101079764663141,0.8243994891904564,0.8968549137012098,613.4255100840237,17,imagenet,equal_per_image,0.0245380373764783,0.3561939337849617,0.0421656817197799,0.0150191600341349
1700,6074,242.96,0.001,0.036674619782716,0.0178196960221976,0.0270988281071186,0.1476018918117437,0.1925636178791316,0.1026401660021613,0.8316129527562012,0.9028480661357604,651.5399320838042,17,imagenet,equal_per_image,0.022459262041375,0.3371309861540794,0.0421656817197799,0.0142153577692806
1800,6429,257.16,0.001,0.0485982490517199,0.0272017789632082,0.0379136809706687,0.1601345110877987,0.2056435047033336,0.1146255174722638,0.815354986416433,0.8920246940456518,689.6785817088094,17,imagenet,equal_per_image,0.0325577301159501,0.380416450202465,0.0421656817197799,0.0160405189730227
1900,6787,271.48,0.001,0.0507633101381361,0.0262535180989652,0.0412478725612163,0.1816387385336173,0.2387711180432032,0.1245063590755924,0.802557985157285,0.8816121392444027,727.6272964170203,17,imagenet,equal_per_image,0.0337506954371929,0.4034706434607505,0.0421656817197799,0.0170126147661358
2000,7145,285.8,0.001,0.0385610776208341,0.0196456942753866,0.0280996960401535,0.1644522862760253,0.2169566814462206,0.1119478912089522,0.8200112909219438,0.8936707009357587,765.6523192499299,17,imagenet,equal_per_image,0.0238726952113211,0.3483492195606231,0.0421656817197799,0.0146883823629468
2100,7500,300.0,0.0001,0.0322439774498343,0.0151801497628912,0.0236709497869014,0.162412580888989,0.2156245150832156,0.1092006458955652,0.8234835068574909,0.8958313698401618,803.4647204168141,17,imagenet,equal_per_image,0.0194255497818812,0.3040014274418354,0.0421656817197799,0.0128184275515377
2200,7858,314.32,0.0001,0.0323407559469342,0.0156900841230526,0.0233790682256221,0.1612095203263537,0.2138650812285994,0.1085539621052857,0.8244930191196737,0.8964161062797427,841.4261614168063,17,imagenet,equal_per_image,0.0195345761254429,0.3037109632790088,0.0421656817197799,0.0128061798308044
2300,8216,328.64,0.0001,0.0317007604800164,0.0153672149125486,0.0230038666725158,0.1613378458266439,0.2146247353623895,0.1080509566518262,0.8249362145537892,0.8966956710037126,879.2774584998842,17,imagenet,equal_per_image,0.0191855408344417,0.296810564994812,0.0421656817197799,0.0125152198318392
2400,8574,342.96,0.0001,0.0351224763318896,0.016589418919757,0.0278080640733242,0.1664480822721567,0.2230266564651344,0.1098695073573234,0.8221467611066225,0.8947014067343645,917.1182681669015,17,imagenet,equal_per_image,0.022198741575703,0.3064988912642002,0.0421656817197799,0.0129237347468733
2500,8929,357.16,0.0001,0.0311938737519085,0.0150747338030487,0.0225499832630157,0.1640423865776161,0.2194003916529223,0.1086843807804543,0.8233980639432213,0.8955605771506814,954.9862501248716,17,imagenet,equal_per_image,0.018812358463183,0.293639630228281,0.0421656817197799,0.0123815152514725
2600,9287,371.48,0.0001,0.0345905156712979,0.015331154204905,0.0277700954675674,0.164911137526423,0.2192281322701992,0.1105941408233246,0.8220661658688228,0.8947426796992994,992.9396359999664,17,imagenet,equal_per_image,0.0215506249200552,0.3092536453902721,0.0421656817197799,0.0130398907419294
2700,9645,385.8,0.0001,0.0299588329158723,0.014688577465713,0.0215507070720195,0.1668999249753655,0.2246094651288227,0.1091903844094193,0.8232553831108244,0.8953815333833558,1030.8779126668817,17,imagenet,equal_per_image,0.0181196423247456,0.2807778738439083,0.0421656817197799,0.0118391905352473
2800,10000,400.0,0.0001,0.0292380830831825,0.0139880639896728,0.021119749546051,0.1610163355884255,0.2153136797739147,0.1067189910420084,0.8263760195356201,0.8975361467867355,1068.6054753749631,17,imagenet,equal_per_image,0.0175539068505167,0.2771015588939189,0.0421656817197799,0.0116841761255636
2900,10358,414.32,0.0001,0.0289836348593235,0.0140063306782394,0.0207601609826087,0.1656995136741948,0.2227443045707722,0.1086547224166896,0.8237706179539368,0.8957820599447441,1106.697519666981,17,imagenet,equal_per_image,0.01738324589096,0.2751144680380821,0.0421656817197799,0.0116003890894353
3000,10716,428.64,0.0001,0.0322525665722787,0.014531730688177,0.0256881150603294,0.1663013048547362,0.2242063640207567,0.10839624635901,0.824628489673823,0.8959590867797836,1144.820355291944,17,imagenet,equal_per_image,0.0201099229883402,0.2879745583236217,0.0421656817197799,0.0121426435513421
3100,11074,442.96,0.0001,0.028022117037326,0.0134243249637074,0.0201286886632442,0.1649473603930852,0.2221772631559405,0.1077174575271078,0.8250734042205321,0.8964297542274215,1182.7230312498286,17,imagenet,equal_per_image,0.0167765067797154,0.266700547337532,0.0421656817197799,0.0112456103041768
3200,11429,457.16,0.0001,0.0301342871040105,0.0133546255016699,0.0236365033686161,0.1718477913561989,0.2336445118729218,0.1100510725925538,0.8226096591636837,0.8941647529841767,1220.6007483338472,17,imagenet,equal_per_image,0.0184955643722787,0.2760235868394375,0.0421656817197799,0.0116387227317318
3300,11787,471.48,0.0001,0.0275590990111231,0.0131747014727443,0.0197835490107536,0.1663735064977593,0.2256513551444743,0.1070956575416776,0.8253983427101205,0.8967154849296379,1258.8750124590006,17,imagenet,equal_per_image,0.0164791252184659,0.262772312760353,0.0421656817197799,0.0110799737507477
3400,12145,485.8,0.0001,0.0278701044246554,0.0130728398705832,0.0206091505289077,0.164420744230178,0.2215507124328283,0.1072907748931832,0.8258922541913174,0.8969817288065263,1296.7549795839004,17,imagenet,equal_per_image,0.0168409952335059,0.2615660114586353,0.0421656817197799,0.0110291092284023
3500,12500,500.0,0.0001,0.0270552652888,0.0129687186004593,0.0194399368762969,0.1686019629858769,0.2301993062236317,0.107004618768461,0.8253832038652394,0.8966039976464528,1334.5990406249184,17,imagenet,equal_per_image,0.0162043277127668,0.2573404993861913,0.0421656817197799,0.010850937590003
3600,12858,514.32,0.0001,0.0271184088289737,0.0132158040069043,0.0192816117405891,0.1688286545058022,0.2299935303138614,0.1076637801414542,0.8247728174947865,0.8961785204929569,1372.5737220419103,17,imagenet,equal_per_image,0.0162487078737467,0.2577854912728071,0.0421656817197799,0.0108697009691968
3700,13216,528.64,0.0001,0.0269167240522801,0.0127004283014684,0.0196827861666679,0.1672580855734208,0.2285498705496012,0.1059662982254292,0.826567333710838,0.8973897142969293,1410.6379904588684,17,imagenet,equal_per_image,0.0161916072014719,0.2543565361201763,0.0421656817197799,0.0107251167669892
3800,13574,542.96,0.0001,0.0273858286626637,0.012555409274064,0.020829854607582,0.1677470045828076,0.2283232188348539,0.1071707899182725,0.825586398266743,0.8967650405818044,1448.7413282499183,17,imagenet,equal_per_image,0.0166926320269703,0.2535995192825794,0.0421656817197799,0.0106931966729462
3900,13929,557.16,0.0001,0.0267969535849988,0.0124649985274299,0.0196571539342403,0.1718906910258593,0.236760391702289,0.1070209914837741,0.8249234164017556,0.8962699052798465,1486.6038547498174,17,imagenet,equal_per_image,0.0160610763356089,0.2546117337048054,0.0421656817197799,0.010735877319239
4000,14287,571.48,0.0001,0.0255798315443098,0.0122860616538673,0.0182429359853267,0.1677996851890557,0.2298117629075133,0.1057876061815704,0.8267618299970345,0.8976537692416625,1524.7317511669826,17,imagenet,equal_per_image,0.0152644988708198,0.2446381080150604,0.0421656817197799,0.010315332612954
0,0,0.0,0.001,,,,0.6862850733694321,0.6750598459095278,0.6975102927858029,0.0034602076124567,0.0034602076124567,7.293803957989439,29,random,reference,,,,
100,358,14.32,0.001,0.4134005385637283,0.2981709322333336,0.528630146086216,0.4155906331580403,0.3630368370292096,0.4681444267088154,0.6184570169560887,0.741941989360198,44.23132558306679,29,random,reference,,,,
200,716,28.64,0.001,0.272043791115284,0.1923126234859228,0.3517749589681625,0.2552068750132326,0.2172817080491141,0.2931320446585289,0.71257367048835,0.8227937778847719,79.7448985830415,29,random,reference,,,,
300,1074,42.96,0.001,0.2029968809336423,0.1536090844124555,0.2523846764862537,0.2053061663898217,0.1951242508978992,0.2154880840473109,0.7341427202083044,0.8372674254537719,114.9346875420306,29,random,reference,,,,
400,1429,57.16,0.001,0.157798363789916,0.1264163848757744,0.1891803449392318,0.198329588430563,0.1943278116235271,0.2023313633298379,0.7493390811337121,0.8475062320954914,150.73652675002813,29,random,reference,,,,
500,1787,71.48,0.001,0.1448216263577342,0.1228794765099883,0.1667637738585472,0.191546094046332,0.2012670454166339,0.1818251428307134,0.7571142260887215,0.8529481173004231,186.53961424995217,29,random,reference,,,,
600,2145,85.8,0.001,0.1329166230559349,0.1168337716907262,0.148999475389719,0.193823224326731,0.2113142095531971,0.1763322365737704,0.7523007007272968,0.8501948679857761,222.2595783751458,29,random,reference,,,,
700,2500,100.0,0.001,0.1084288956224918,0.0950498025864362,0.1218079885840416,0.1929828309064093,0.2104735720941352,0.1754920907499056,0.7500578242655711,0.8477759458445037,257.85477745812386,29,random,reference,,,,
800,2858,114.32,0.001,0.1083232886344194,0.0978624270483851,0.118784150481224,0.1939019810369683,0.2114764259142034,0.1763275366753443,0.7430242568760951,0.8419316799509321,293.55837741703726,29,random,reference,,,,
900,3216,128.64,0.001,0.0956213952973485,0.0879740670882165,0.1032687248289585,0.1784764574163925,0.1967353569182557,0.160217554099007,0.763538356078185,0.8587762804205076,329.7234995421022,29,random,reference,,,,
1000,3574,142.96,0.001,0.0806328781694173,0.0740202026255428,0.0872455535829067,0.2030813321729019,0.2330927168724858,0.1730699504123014,0.741188534184264,0.8418320114021189,365.5379990830552,29,random,reference,,,,
1100,3929,157.16,0.001,0.0833255296945571,0.0769434699602425,0.0897075898945331,0.1866349626371192,0.2094856639840611,0.1637842591246106,0.7591323421853751,0.8529132227890147,401.0254427080508,29,random,reference,,,,
1200,4287,171.48,0.001,0.0824637093394994,0.0771128232404589,0.0878145943582058,0.1764224586705435,0.2021902804762434,0.150654635627377,0.7721357412537391,0.8631224261937661,436.35755870793946,29,random,reference,,,,
1300,4645,185.8,0.001,0.0723957891762256,0.0675843858532607,0.0772071926295757,0.1818242720666641,0.2137171140385334,0.1499314285479615,0.7704401777182455,0.8618618384380641,471.8184628330637,29,random,reference,,,,
1400,5000,200.0,0.001,0.062526398487389,0.05785933483392,0.0671934631466865,0.2144439977345582,0.2543729038387021,0.1745150936928587,0.7324889112720879,0.836807367043593,507.071694042068,29,random,reference,,,,
1500,5358,214.32,0.001,0.0554129353538155,0.0514795704558491,0.0593463003635406,0.2125872075042097,0.2615237741321841,0.1636506430418021,0.7465010807240533,0.8447342555105857,542.6397826250177,29,random,reference,,,,
1600,5716,228.64,0.001,0.0572618738468736,0.0533145001716911,0.0612092477083206,0.2097622658348413,0.2561030140900694,0.1634215168061966,0.7445058477218343,0.844584317107901,578.2120047919452,29,random,reference,,,,
1700,6074,242.96,0.001,0.0720506698824465,0.0668943594396114,0.0772069804370403,0.173969126180794,0.2051907786551643,0.1427474749954514,0.777013613828057,0.868265547027554,613.6541065420024,29,random,reference,,,,
1800,6429,257.16,0.001,0.0633777851425111,0.059332385379821,0.0674231843650341,0.1994259052210613,0.2467016043031916,0.1521502054686364,0.7616163661895674,0.8555034015939291,649.1384350829758,29,random,reference,,,,
1900,6787,271.48,0.001,0.0754399122484028,0.0723249578103423,0.0785548670589923,0.1819151829683244,0.2167181283957405,0.1471122393971083,0.7763571857310656,0.865400328199765,685.5533662501257,29,random,reference,,,,
2000,7145,285.8,0.001,0.0718812709860503,0.0690071772225201,0.0747553646564483,0.2009091658266358,0.2465420624170336,0.1552762698549712,0.7632073022267575,0.8556836435224466,720.9032314999495,29,random,reference,,,,
2100,7500,300.0,0.0001,0.0517841753922402,0.0467665272206068,0.056801823079586,0.1880396755096409,0.2321984707587318,0.1438808818589445,0.7749027770911282,0.8644987223882782,755.9201021250337,29,random,reference,,,,
2200,7858,314.32,0.0001,0.0491153684072196,0.0451842275820672,0.0530465093255043,0.1852965167752599,0.2285301080005804,0.1420629259624283,0.7779286433879652,0.8663158772360109,790.9437244171277,29,random,reference,,,,
2300,8216,328.64,0.0001,0.0449678352475166,0.0412041246797889,0.0487315455079078,0.1886927778333116,0.2359413324136635,0.1414442241810597,0.7777972466476508,0.8661155697372482,826.4197065001354,29,random,reference,,,,
2400,8574,342.96,0.0001,0.0430915677733719,0.0398695980943739,0.0463135373592376,0.1904687580352836,0.2368700199061199,0.1440674980206473,0.7747481503912405,0.8639453063209528,861.7024287921377,29,random,reference,,,,
2500,8929,357.16,0.0001,0.0432289702445268,0.0394760886766016,0.0469818519055843,0.1941288591049946,0.2453123033046722,0.142945412121017,0.7753146593686605,0.8646832190688813,896.7660164581612,29,random,reference,,,,
2600,9287,371.48,0.0001,0.0435567419044673,0.0403059652727097,0.0468075183033943,0.1856308959965887,0.2324543018345189,0.1388074906227085,0.782560838730265,0.8692165019314761,932.019236500142,29,random,reference,,,,
2700,9645,385.8,0.0001,0.0419882304966449,0.0390033605229109,0.044973100721836,0.1897674462787008,0.2394806275524482,0.1400542626331421,0.7784522633726613,0.8666423033626891,967.358803542098,29,random,reference,,,,
2800,10000,400.0,0.0001,0.0427458667196333,0.0399092430062592,0.0455824901163578,0.1910181505972951,0.2421076564846566,0.1399286475973558,0.7784977560912011,0.8667017916156232,1002.5196978331078,29,random,reference,,,,
2900,10358,414.32,0.0001,0.0404871850647032,0.0373843261972069,0.0435900442302227,0.1895436175348024,0.240147144427349,0.1389400915703559,0.7805615410709497,0.8678911626242677,1037.776363500161,29,random,reference,,,,
3000,10716,428.64,0.0001,0.0418112791143357,0.0396213276218622,0.0440012304484844,0.191615662927446,0.2436356970389409,0.1395956267535067,0.7785615831626952,0.8667362656862149,1073.414366167039,29,random,reference,,,,
3100,11074,442.96,0.0001,0.0386979980021715,0.0358317214716225,0.0415642748773098,0.1911375000815078,0.2425635348244934,0.139711464358861,0.779202312704828,0.8669373384885436,1108.7694074581375,29,random,reference,,,,
3200,11429,457.16,0.0001,0.037904169075191,0.0349771825037896,0.0408311556279659,0.193068347381473,0.2479368352353779,0.1381998588057125,0.7804193886440083,0.867766746482077,1143.4831517499406,29,random,reference,,,,
3300,11787,471.48,0.0001,0.0365345949307084,0.0334804576728492,0.0395887321233749,0.1939320623049686,0.2485759973938489,0.1392881292785327,0.7797156547613875,0.8671466840376567,1178.65988633316,29,random,reference,,,,
3400,12145,485.8,0.0001,0.0373636278975754,0.0346910321805626,0.0400362235307693,0.1910902145205897,0.2441127492069785,0.1380676806591786,0.7817175833258867,0.8686052453010283,1213.8581544579938,29,random,reference,,,,
3500,12500,500.0,0.0001,0.0376884853653609,0.0349935933388769,0.0403833773732185,0.1906835914792486,0.2442309075779568,0.1371362759992738,0.7820522350173199,0.8689422572651511,1248.785297542112,29,random,reference,,,,
3600,12858,514.32,0.0001,0.0370423074997961,0.0343175498954951,0.039767065346241,0.1937312693125649,0.2490839049168524,0.1383786341723273,0.7809348058000087,0.8680237610744109,1284.121193625033,29,random,reference,,,,
3700,13216,528.64,0.0001,0.0370481270737946,0.0341826861537993,0.0399135679006576,0.1917299934530753,0.2464723966525912,0.1369875906660482,0.7825290539494482,0.869142759929112,1319.0773989169393,29,random,reference,,,,
3800,13574,542.96,0.0001,0.0366889371350407,0.0338986355811357,0.0394792385399341,0.1912288757550262,0.2445825597200426,0.1378751925118654,0.7817233017985888,0.8685244947035956,1353.8194508750455,29,random,reference,,,,
3900,13929,557.16,0.0001,0.0369389801751822,0.0339788145013153,0.0398991459608078,0.1920406631738669,0.2452443455020449,0.1388369831659389,0.7803632146825747,0.8676657288368332,1388.3500391249545,29,random,reference,,,,
4000,14287,571.48,0.0001,0.0336691176332533,0.0306878858432173,0.0366503494977951,0.1940382332331581,0.2499484423947582,0.138128024484047,0.7804285423512325,0.8677810846482141,1422.9694505000953,29,random,reference,,,,
0,0,0.0,0.001,,,,0.6862850733694321,0.6750598459095278,0.6975102927858029,0.0034602076124567,0.0034602076124567,7.045206083916128,29,random,area_proportional,,,,
100,358,14.32,0.001,0.4437971633672714,0.3005127048492431,0.5305875542759896,0.6089332792585697,0.570357271750493,0.6475092877978684,0.3113888934892573,0.4226254749313621,45.127386333886534,29,random,area_proportional,0.415550128519535,0.68328686773777,0.041102294921875,0.0282470337115228
200,716,28.64,0.001,0.3085043205320835,0.198205402046442,0.3594937592744827,0.2855858676986298,0.2404584139585495,0.3307133211809046,0.6633482117002936,0.7843789467315861,83.35244279191829,29,random,area_proportional,0.2788495796918869,0.7119828009605408,0.0408015537261962,0.029654740113765
300,1074,42.96,0.001,0.2411115303635597,0.1567004032433033,0.2649042059481143,0.2065922397230735,0.1862143161078225,0.2269701631836412,0.7448882922876847,0.8448472596832979,121.70983908395284,29,random,area_proportional,0.2108023051917553,0.730726636648178,0.0403396701812744,0.0303092243336141
400,1429,57.16,0.001,0.1884524746239185,0.1226439660042524,0.1949606603384018,0.2055364992585561,0.1989542210803312,0.2121187772305366,0.7368214400651505,0.8388822297215531,159.77984608407132,29,random,area_proportional,0.158802313953638,0.7130410987138748,0.040276231765747,0.0296501603256911
500,1787,71.48,0.001,0.1768422226607799,0.1194201842322945,0.17606907710433,0.2027893837760476,0.1988015061431277,0.2067772628526786,0.746945918604749,0.8454389325586641,197.82614483404905,29,random,area_proportional,0.14774463057518,0.7099626243114472,0.0397930240631103,0.0290975924488157
600,2145,85.8,0.001,0.1616899588704109,0.1103986763954162,0.154844172000885,0.1838138705718888,0.1919397415793065,0.1756879988426155,0.7655903370965651,0.8583605156744263,236.0901872918475,29,random,area_proportional,0.1326214247196912,0.6929677402973176,0.0406111049652099,0.0290685345418751
700,2500,100.0,0.001,0.1422492411360144,0.096116937007755,0.1328656624257564,0.1897125762845405,0.1953647924026403,0.1840603601148796,0.7495296528777661,0.8464271816228781,274.15685641695745,29,random,area_proportional,0.1144912999123334,0.6724900695681572,0.0400624084472656,0.0277579406648874
800,2858,114.32,0.001,0.140971458107233,0.0972466329857707,0.1286922927200794,0.1859527285948756,0.1935170570768699,0.1783883994425869,0.7543433340296951,0.8518695007415461,312.149815791985,29,random,area_proportional,0.1129694627970457,0.6628204113245011,0.0406450271606445,0.0280019951518625
900,3216,128.64,0.001,0.1271980590373277,0.0869095385912805,0.1120446133613586,0.2121209392910597,0.2187694715381081,0.2054724078689892,0.7265146693364674,0.8305473676074343,350.18974149995483,29,random,area_proportional,0.0994770756177604,0.6506716239452363,0.040940237045288,0.0277209836663678
1000,3574,142.96,0.001,0.1238548006862401,0.0834669894352555,0.1100034362077713,0.1767860542737901,0.1963945445201801,0.1571775635633501,0.7754171646980882,0.8641908081918471,388.13749083387665,29,random,area_proportional,0.0967352134734392,0.6438720250129699,0.0406965923309326,0.027119587380439
1100,3929,157.16,0.001,0.1061021164059639,0.0681390743330121,0.0940279547870159,0.1829448452664081,0.205087214605206,0.160802474896388,0.7707445398574525,0.8619355793644813,426.129333958961,29,random,area_proportional,0.0810835142433643,0.6070731985569,0.0398722171783447,0.0250186026282608
1200,4287,171.48,0.001,0.1047601877897977,0.0689255653880536,0.0898168554902076,0.2192482059389662,0.2497589122052836,0.1887375002913821,0.7224241980137889,0.8287317326936232,464.14167912490666,29,random,area_proportional,0.0793712108954787,0.6035854813456535,0.040705337524414,0.0253889771550893
1300,4645,185.8,0.001,0.1160805105790495,0.0788458521664142,0.1002994707226753,0.1777807459699241,0.202596127574419,0.1529653635404514,0.7792170427230285,0.8668903187710099,502.1137992918957,29,random,area_proportional,0.0895726612955331,0.6186042001843453,0.0413544940948486,0.0265078491810709
1400,5000,200.0,0.001,0.1016081379726529,0.0662207611463964,0.0873089139163494,0.1693388057621292,0.188360455642522,0.1503171578410587,0.779591639000955,0.8677705442274215,540.0904040839523,29,random,area_proportional,0.0767648377269506,0.6000838112831116,0.04001389503479,0.0248432998824864
1500,5358,214.32,0.001,0.0881504010781645,0.0552181408181786,0.0733186815679073,0.1681928690329555,0.1941637774239774,0.1422219600232002,0.7844683870002587,0.8717971261601516,578.348807875067,29,random,area_proportional,0.0642684112489223,0.5713346174359322,0.0405730628967285,0.0238819896243512
1600,5716,228.64,0.001,0.0925598741322755,0.0600362508185207,0.0779329542815685,0.1752380296123894,0.1992864001374756,0.1511896615622365,0.7749315980131949,0.8651516240833479,616.6323765418492,29,random,area_proportional,0.068984602484852,0.5674291709065438,0.040316572189331,0.0235752719081938
1700,6074,242.96,0.001,0.0829459992051124,0.050488409679383,0.0691151142120361,0.1683557889453267,0.19136103533956,0.145350543272949,0.7844659168444299,0.8713230213456641,654.6083703748882,29,random,area_proportional,0.0598017619363963,0.5658037003874778,0.0397836112976074,0.0231442374363541
1800,6429,257.16,0.001,0.0777917155623436,0.0472375910729169,0.0634578835964203,0.1658769795432635,0.1931621451381993,0.1385918166810666,0.7907145996284123,0.8766652771497575,692.5485888340045,29,random,area_proportional,0.0553477375954389,0.5413100850582123,0.0401859188079833,0.0224439781624823
1900,6787,271.48,0.001,0.0679331866279244,0.0391145399864763,0.0529349260032177,0.1690619316686808,0.2049528472770044,0.1331710165759684,0.7940682068930669,0.8779454140633086,730.8714185419958,29,random,area_proportional,0.0460247331764549,0.5217009833455086,0.0404896926879882,0.021908453060314
2000,7145,285.8,0.001,0.0744112189486622,0.0448307136353105,0.0600107729434967,0.200700131667114,0.2400608820692478,0.1613393797181469,0.756660491266522,0.8532386731994472,769.17014366691,29,random,area_proportional,0.0524207431450486,0.5300464501976967,0.0400931453704834,0.0219904756359756
2100,7500,300.0,0.0001,0.0669762137345969,0.0391349288076162,0.0536923344433307,0.1645277741149222,0.1959446916118212,0.133110854658701,0.7959599576241914,0.8788759290187773,807.0700603749137,29,random,area_proportional,0.0464136316813528,0.5004462876915932,0.0396931743621826,0.020562581596896
2200,7858,314.32,0.0001,0.0652505579590797,0.0380345604475587,0.0512790389358997,0.1641590262160581,0.1927706006798364,0.1355474517007187,0.7926760853187973,0.8771092183486829,845.4231755419169,29,random,area_proportional,0.0446567996591329,0.4906339693069458,0.0405807590484619,0.020593758188188
2300,8216,328.64,0.0001,0.0613707120902836,0.0345436203293502,0.0477605149149894,0.1616869400735545,0.1923749798515676,0.1309988997799302,0.7967959684082586,0.880595380419315,883.4082435420714,29,random,area_proportional,0.0411520676501095,0.4863306996226311,0.040282917022705,0.0202186445426195
2400,8574,342.96,0.0001,0.0585318308882415,0.0323504512012004,0.0445222242176532,0.1663868919169614,0.2005105979714839,0.13226318730615,0.7937399095117613,0.8786476433523601,921.706438541878,29,random,area_proportional,0.0384363378118723,0.476983493566513,0.0407980823516845,0.0200954929040744
2500,8929,357.16,0.0001,0.0588721244968473,0.032667432334274,0.045087883323431,0.1696462737441475,0.2059799455441405,0.1333126029753767,0.791529397861837,0.8773281035767397,959.5332601249684,29,random,area_proportional,0.0388776579126715,0.4759979847073555,0.0405456447601318,0.0199944664165377
2600,9287,371.48,0.0001,0.0578064909949898,0.0321824962832033,0.0437117825448513,0.1653203404795339,0.2011421362009015,0.1294985440363108,0.7983364699707673,0.8815926574726355,997.2918434999884,29,random,area_proportional,0.0379471393860876,0.4680504801869392,0.0410636711120605,0.0198593516368418
2700,9645,385.8,0.0001,0.0560372949577867,0.0304770361445844,0.0427457517385482,0.1687619452554874,0.2041874117504766,0.1333364790698648,0.7939115642161261,0.8781909254269454,1035.6473245839588,29,random,area_proportional,0.0366113940626382,0.4655844846367836,0.0403347492218017,0.0194259010255336
2800,10000,400.0,0.0001,0.0549609558284282,0.0296616412512958,0.0413082607090473,0.1691802452386044,0.2089388747941251,0.1294216169205504,0.7960183271940209,0.8802823199242744,1073.2480904168915,29,random,area_proportional,0.0354849510733038,0.4610123965144157,0.0409053039550781,0.019476004987955
2900,10358,414.32,0.0001,0.0548263441398739,0.0293568935990333,0.0416968874633312,0.1686588844419763,0.208207290168452,0.1291104796436006,0.797551883506371,0.8812499688153612,1111.2290598340333,29,random,area_proportional,0.0355268905311822,0.4618852782249451,0.0404911804199218,0.0192994534783065
3000,10716,428.64,0.0001,0.0573370706662535,0.032829627553001,0.041924965083599,0.1684970174074997,0.2093316552754504,0.1276623759302713,0.798494398175209,0.8818906764437683,1149.040718833916,29,random,area_proportional,0.0373772965371608,0.4670139914751053,0.0410104179382324,0.0199597739521414
3100,11074,442.96,0.0001,0.0529744416289031,0.0282030860893428,0.0400169783830642,0.1677319332183851,0.2065266380054315,0.1289372283282164,0.7986164937961582,0.8815132556880824,1187.1314983749762,29,random,area_proportional,0.0341100321710109,0.4532732872664928,0.040215950012207,0.0188644095696508
3200,11429,457.16,0.0001,0.054152034074068,0.0295443300157785,0.0400485444068908,0.1671498112096918,0.2069408548125758,0.1273587680192967,0.7998456927840456,0.8824933701045108,1225.3061036670117,29,random,area_proportional,0.0347964371927082,0.4541229182481766,0.0410263538360595,0.0193555966578423
3300,11787,471.48,0.0001,0.050362157151103,0.0261860909033566,0.0376713171601295,0.1721502534761561,0.2162194743907163,0.1280810315303736,0.797307065698532,0.8809957727188686,1263.6254993339537,29,random,area_proportional,0.031928704092279,0.44639701962471,0.0399246311187744,0.0184334530122578
3400,12145,485.8,0.0001,0.0506954175978899,0.0266997450497001,0.0373104508221149,0.1725807370405296,0.2177780370605033,0.1273834365049448,0.7985707732837691,0.8816312874727811,1301.6312818338629,29,random,area_proportional,0.0320050978194922,0.4459179869294166,0.0405022621154785,0.0186903199739754
3500,12500,500.0,0.0001,0.0522512912563979,0.0282504536071792,0.0387133571505546,0.1722278685718259,0.2159629539428697,0.1284927828914153,0.7969345084691676,0.8799460483691696,1339.421339625027,29,random,area_proportional,0.0334819051716476,0.4452825145423412,0.0407401752471923,0.0187693859962746
3600,12858,514.32,0.0001,0.051775927785784,0.0282933612447232,0.0381898543238639,0.1773217070370809,0.2229294313897723,0.1317139818594117,0.7943992468680803,0.8776574092554323,1377.4283529999666,29,random,area_proportional,0.0332416079193353,0.4427435132861137,0.0400593185424804,0.0185343199642375
3700,13216,528.64,0.0001,0.0538715169951319,0.029548698477447,0.040212837010622,0.1688537224353803,0.2100460136431723,0.1276614282370438,0.7987726100841795,0.8817513928920432,1415.3889002499636,29,random,area_proportional,0.0348807676322758,0.4512763696908951,0.0407069492340087,0.0189907491672784
3800,13574,542.96,0.0001,0.0512082389183342,0.0268583502899855,0.0376488687098026,0.1734616080988649,0.2179010300075306,0.1290221841277548,0.7962456654091726,0.8798688648705913,1453.4743457499426,29,random,area_proportional,0.0322536095045506,0.4424473059177398,0.0414099025726318,0.0189546294417232
3900,13929,557.16,0.0001,0.050546729080379,0.0265871395636349,0.0376881650090217,0.1746994925720881,0.2203568352134995,0.1290421508587768,0.7966880632105741,0.8793744995075218,1491.0388959168922,29,random,area_proportional,0.0321376522816717,0.4413573840260505,0.0403679943084716,0.0184090766264125
4000,14287,571.48,0.0001,0.0478045136481523,0.0245821682177484,0.0355903179943561,0.1778365423110117,0.2238224995383754,0.1318505825055924,0.7927630239438157,0.8770143176729472,1529.051902124891,29,random,area_proportional,0.030086243180558,0.4315050998330116,0.0397286796569824,0.0177182704070582
0,0,0.0,0.001,,,,0.6862850733694321,0.6750598459095278,0.6975102927858029,0.0034602076124567,0.0034602076124567,6.949349958915263,29,random,equal_per_image,,,,
100,358,14.32,0.001,0.4411806100606918,0.2988409155607223,0.5285216727852822,0.5113355243082277,0.4361576533853801,0.5865133963654198,0.4166296302136772,0.5449006007388119,45.25357620907016,29,random,equal_per_image,0.4136812937259674,0.6787647998332977,0.0405137650668621,0.0274993176758289
200,716,28.64,0.001,0.2995632433891296,0.1910555249452591,0.3508335664868355,0.2744089354693271,0.222908921101514,0.325908948393429,0.7074902151845583,0.8182092582432614,83.5773825419601,29,random,equal_per_image,0.270944545418024,0.7063944274187088,0.0405137650668621,0.0286186978779733
300,1074,42.96,0.001,0.2327692422270774,0.1513910442590713,0.2541971246898174,0.2051760432629436,0.186868942526385,0.2234831450307245,0.7456753430949951,0.8451190977243718,122.0961789591238,29,random,equal_per_image,0.2027940833568573,0.7398759385943413,0.0405137650668621,0.0299751596339046
400,1429,57.16,0.001,0.1848279974609613,0.120997496843338,0.1905468271672725,0.211426157542991,0.2084639377659992,0.2143883804136494,0.7389150492512914,0.8393115717407204,160.31534729199484,29,random,equal_per_image,0.1557721620053053,0.7171842902898788,0.0405137650668621,0.0290558356791734
500,1787,71.48,0.001,0.1739769129455089,0.1184606454521417,0.1708084625005722,0.1918663640335769,0.1816821770684529,0.202050550586212,0.7509484201114682,0.8503629327968005,198.46913416706957,29,random,equal_per_image,0.1446345548331737,0.7242564988136292,0.0405137650668621,0.0293423576466739
600,2145,85.8,0.001,0.1658301853388548,0.1154008593410253,0.1584575252234935,0.1999921477995941,0.1982109902433045,0.201773305459006,0.746182348570501,0.8455450808996463,236.98668895894664,29,random,equal_per_image,0.1369291919469833,0.7133623212575912,0.0405137650668621,0.0289009934104979
700,2500,100.0,0.001,0.135808747857809,0.0904056208394467,0.1265050379931926,0.2141538751682195,0.223272159128453,0.2050355889392971,0.7196068096555293,0.825715310189012,274.97196925012395,29,random,equal_per_image,0.1084553297236561,0.6751635593175888,0.0405137650668621,0.0273534179665148
800,2858,114.32,0.001,0.1355133744329214,0.0936580946110189,0.1229590119421482,0.201219790018966,0.2206146998595201,0.181824880694023,0.7413136976489691,0.8410564554506013,313.1007946250029,29,random,equal_per_image,0.1083085532486438,0.671495757997036,0.0405137650668621,0.0272048213332891
900,3216,128.64,0.001,0.1214524622261524,0.0823284833878278,0.1078543372452259,0.1921373275737036,0.2087432019747664,0.1755314512648797,0.7487351872022404,0.8462867249773156,351.1995597090572,29,random,equal_per_image,0.0950914100930094,0.6506690296530724,0.0405137650668621,0.0263610521703958
1000,3574,142.96,0.001,0.1134255747497081,0.0756090848892927,0.0999342931807041,0.1920282761840259,0.2167467271013243,0.1673098251893858,0.7581005848205266,0.8541151714583416,389.2729938339908,29,random,equal_per_image,0.0877716890349984,0.6332140552997589,0.0405137650668621,0.0256538854539394
1100,3929,157.16,0.001,0.1079377373680472,0.070628408640623,0.0948460453748703,0.1934644523170167,0.2203033526257247,0.166625551698942,0.7619838972619316,0.8547601302079361,427.5637501250021,29,random,equal_per_image,0.0827372273243963,0.6220233923196793,0.0405137650668621,0.0252005094382911
1200,4287,171.48,0.001,0.1016245819628238,0.0667661464400589,0.0865348199009895,0.2096668254957892,0.2460962637073028,0.1732373854280755,0.7393353024864583,0.8417997716411884,465.9593050840776,29,random,equal_per_image,0.0766504835151136,0.6164348974823952,0.0405137650668621,0.0249740984849631
1300,4645,185.8,0.001,0.1066720965504646,0.0724563810974359,0.0912850674986839,0.171832440272747,0.1917764946663668,0.1518883868072272,0.7838313290203951,0.8697718356208781,504.06859254208393,29,random,equal_per_image,0.0818707244843244,0.6121714833378792,0.0405137650668621,0.0248013716191053
1400,5000,200.0,0.001,0.087598372772336,0.0548911399953067,0.0730806802213192,0.2040853932963935,0.2402858418576857,0.1678849446319791,0.7540269841122266,0.8507579014898949,542.2751670840662,29,random,equal_per_image,0.063985909987241,0.5828256836533546,0.0405137650668621,0.0236124627850949
1500,5358,214.32,0.001,0.0798757185414433,0.0496801493130624,0.0647866469621658,0.2314828618793751,0.2773077615817113,0.1856579617645501,0.7255050980288289,0.8292961059202508,580.4614631249569,29,random,equal_per_image,0.057233398258686,0.5588796979188919,0.0405137650668621,0.0226423207856714
1600,5716,228.64,0.001,0.0820560076460242,0.0513092011213302,0.0673306554555892,0.1937466281817446,0.225693015388139,0.1618002397378835,0.7609882469748973,0.852839497104685,618.5536362919956,29,random,equal_per_image,0.0593199284560978,0.5611939278244972,0.0405137650668621,0.0227360791247338
1700,6074,242.96,0.001,0.0823415290191769,0.0511090533621609,0.06776580914855,0.2025245593080883,0.2431903353611903,0.1618587824300086,0.7610381489034258,0.8539538385733824,656.6580881250557,29,random,equal_per_image,0.0594374311529099,0.5653411248326301,0.0405137650668621,0.0229040974751114
1800,6429,257.16,0.001,0.0756127363443374,0.0466810635104775,0.0605611750483512,0.1811499893149702,0.214358249131371,0.1479417293954473,0.7765035978238588,0.8651732542531129,694.5765630421229,29,random,equal_per_image,0.053621119223535,0.5428184068202973,0.0405137650668621,0.0219916172325611
1900,6787,271.48,0.001,0.0909018533676862,0.0608574386965483,0.0744929058849811,0.2039673072140934,0.2569997504508207,0.1509348646992218,0.7670753868729078,0.8594190420783653,732.629453334026,29,random,equal_per_image,0.067675172034651,0.5733034577965737,0.0405137650668621,0.0232266816496849
2000,7145,285.8,0.001,0.0881072811037302,0.0570681046787649,0.073206767141819,0.2040022607493153,0.232034362001815,0.1759701589812044,0.7382984240373647,0.8395102130200978,770.7349888749886,29,random,equal_per_image,0.0651374357007443,0.5669639846682548,0.0405137650668621,0.0229698455613106
2100,7500,300.0,0.0001,0.0709552645869553,0.0421803823299705,0.0582558469474315,0.180738145607978,0.216363851535279,0.1451124381854047,0.7802550352909227,0.8669714726688872,808.5069213749375,29,random,equal_per_image,0.0502181146666407,0.5118544214963913,0.0405137650668621,0.0207371496409177
2200,7858,314.32,0.0001,0.0668956029042601,0.0394060275889933,0.053119171410799,0.1807100874433055,0.217036661082898,0.1443835127724908,0.7811320139442264,0.8678357922972282,846.5578398751095,29,random,equal_per_image,0.0462625996395945,0.5092837777733803,0.0405137650668621,0.0206330032739788
2300,8216,328.64,0.0001,0.0626060826703906,0.0356799674220383,0.0490296001732349,0.1860269472570155,0.2267640613045247,0.1452898319204786,0.7761530183985207,0.8647652300377059,884.6472127500456,29,random,equal_per_image,0.0423547839559614,0.4998621651530265,0.0405137650668621,0.0202512985561043
2400,8574,342.96,0.0001,0.0618173438124358,0.0356317019648849,0.047931722253561,0.1844604415980177,0.2243614556673901,0.1445594267036675,0.7769572006234633,0.8656718311636307,922.72926641698,29,random,equal_per_image,0.0417817122675478,0.494538859128952,0.0405137650668621,0.0200356313213706
2500,8929,357.16,0.0001,0.0593325516022741,0.0332279959786683,0.0456676095724105,0.1879347123489247,0.232187821429906,0.1436816024945269,0.777903141937261,0.8660013161570698,960.7818182089832,29,random,equal_per_image,0.0394478028267622,0.4908146291971206,0.0405137650668621,0.0198847486451268
2600,9287,371.48,0.0001,0.0589016733318567,0.0333847607765346,0.0452247011661529,0.1861835159232459,0.2304028681508397,0.1419641629222355,0.7825906283399647,0.8686747195307023,998.8551070000976,29,random,equal_per_image,0.0393047308735549,0.483710708618164,0.0405137650668621,0.0195969421882182
2700,9645,385.8,0.0001,0.0576455089077353,0.0319580905977636,0.0444793266057968,0.1858734598312411,0.2300893852558103,0.1416575355925774,0.7810532843108265,0.8682285192608932,1037.0035195839591,29,random,equal_per_image,0.0382187085226178,0.479511102437973,0.0405137650668621,0.0194268001802265
2800,10000,400.0,0.0001,0.0569883307814598,0.0317644884437322,0.0435288666188716,0.1888145880715657,0.2366992884853719,0.1409298880702484,0.7804929538120601,0.8680998319871653,1074.955988292117,29,random,equal_per_image,0.0376466776058077,0.4774094250798225,0.0405137650668621,0.0193416533898562
2900,10358,414.32,0.0001,0.0556377798691391,0.0304562178906053,0.0423897057771682,0.1916021206593431,0.2409754339283313,0.1422288094012382,0.7787684146136714,0.867211383391016,1113.0672772920225,29,random,equal_per_image,0.0364229620248079,0.4742787504196167,0.0405137650668621,0.0192148179281502
3000,10716,428.64,0.0001,0.056060125362128,0.0314890359994024,0.0425375974178314,0.187895190911722,0.2349050710151764,0.1408853120457342,0.7810296832644182,0.8680548783978494,1151.2629942500498,29,random,equal_per_image,0.0370133167505264,0.4701317802071571,0.0405137650668621,0.0190468085277825
3100,11074,442.96,0.0001,0.0553877352550625,0.0304812679719179,0.0424011300504207,0.1935839709732359,0.2430397715019932,0.1441281675054952,0.7761452149507719,0.8652774739845753,1189.474049167009,29,random,equal_per_image,0.0364411990344524,0.467656762599945,0.0405137650668621,0.0189465362112969
3200,11429,457.16,0.0001,0.0534509448334574,0.0292008936032652,0.040132015645504,0.194872479073729,0.2455102492987491,0.1442347096736868,0.7746033564596915,0.8646075317180637,1227.3749354169704,29,random,equal_per_image,0.0346664547361433,0.4636569875478744,0.0405137650668621,0.0187844902835786
3300,11787,471.48,0.0001,0.0528776973485946,0.0286262218374758,0.0398003371059894,0.1865970015938306,0.234397855442288,0.1387961463532233,0.7837058291362627,0.870246325226573,1265.5087318341248,29,random,equal_per_image,0.0342132792808115,0.4606932520866394,0.0405137650668621,0.0186644181609153
3400,12145,485.8,0.0001,0.0514931659027934,0.0275874630454927,0.0384586028754711,0.1893550183327552,0.24013913564616,0.1385709004006171,0.7831859826350843,0.8701473858262998,1303.7700352089014,29,random,equal_per_image,0.0330230329092592,0.4558977192640304,0.0405137650668621,0.0184701330028474
3500,12500,500.0,0.0001,0.0525964916869998,0.029021926978603,0.0393147903680801,0.1898526896861185,0.2401039983986983,0.1396013822110054,0.7808461774623199,0.868612213420237,1341.7210400421172,29,random,equal_per_image,0.0341683587431907,0.4548610290884972,0.0405137650668621,0.0184281328041106
3600,12858,514.32,0.0001,0.0515235926024615,0.0280734430905431,0.0387851418554782,0.1935360906033367,0.2478945392432097,0.1391776428915637,0.7834053925182731,0.8699171103458807,1379.9101404999385,29,random,equal_per_image,0.0334292925242334,0.4466210481524467,0.0405137650668621,0.0180943002086132
3700,13216,528.64,0.0001,0.0507640438154339,0.0271899701282382,0.0378517416119575,0.193373895330825,0.2474654643799607,0.1392823253535894,0.7840402456035587,0.8696893764642246,1418.0626376669388,29,random,equal_per_image,0.0325208558514714,0.4502960368990898,0.0405137650668621,0.0182431878801435
3800,13574,542.96,0.0001,0.0513604420982301,0.0280116605386137,0.0382537123560905,0.1953760040053859,0.252759303652704,0.1379927027596734,0.7840334301214451,0.8707445304508081,1456.6042668339796,29,random,equal_per_image,0.0331326863542199,0.4499151188135147,0.0405137650668621,0.0182277556229382
3900,13929,557.16,0.0001,0.051015392653644,0.0276242355536669,0.038254175633192,0.1936638172213181,0.2480598054439551,0.1392678321439089,0.782553823199712,0.8695573042468575,1494.652342583984,29,random,equal_per_image,0.032939205635339,0.446173964291811,0.0405137650668621,0.0180761870648711
4000,14287,571.48,0.0001,0.0484012895263731,0.0255505474284291,0.0359968104958534,0.1941846679238712,0.2494734356044485,0.1388959010167105,0.7818532769185055,0.8691042059025,1532.7787335840983,29,random,equal_per_image,0.0307736789435148,0.4351017600297928,0.0405137650668621,0.0176276105362921
0,0,0.0,0.001,,,,0.6805803738663353,0.661634955439188,0.6995257856936603,0.0034602076124567,0.0034602076124567,6.247724000131711,29,imagenet,reference,,,,
100,358,14.32,0.001,0.3759200963377953,0.2604913718998432,0.4913488185405731,0.3021719297941993,0.22205311116669,0.382290744451503,0.7873691916234496,0.8733240348207708,40.95889899996109,29,imagenet,reference,,,,
200,716,28.64,0.001,0.2006078998744487,0.1273793002963066,0.2738364991545677,0.1940422528342804,0.1586911984071599,0.2293933089629176,0.8023755213051027,0.8834438244167314,75.68402074999176,29,imagenet,reference,,,,
300,1074,42.96,0.001,0.1213242084532976,0.0812450078129768,0.1614034086465835,0.1484529850392193,0.1391197498178812,0.1577862200027518,0.8238792765000778,0.8991169690750629,110.86775158299132,29,imagenet,reference,,,,
400,1429,57.16,0.001,0.0801117468625307,0.0571219172701239,0.1031015764176845,0.1371885431369695,0.1407242299776176,0.1336528574306659,0.8340352442174642,0.9039144583417532,146.00175620801747,29,imagenet,reference,,,,
500,1787,71.48,0.001,0.0589015388488769,0.0439257941022515,0.073877283334732,0.1300167857466272,0.1422499487866167,0.1177836235831765,0.8376900764943238,0.9063867802527455,180.71808600006625,29,imagenet,reference,,,,
600,2145,85.8,0.001,0.0588251772522926,0.0496071231551468,0.0680432315170764,0.1432532279858539,0.1671673167226224,0.1193391387850355,0.8306788967864865,0.9014195956255764,215.36974608292803,29,imagenet,reference,,,,
700,2500,100.0,0.001,0.0436935922689735,0.0354895855300128,0.0518975991010665,0.1453888250263504,0.1709401744150372,0.1198374752767358,0.8212398699109047,0.8955639901719856,249.93882612511516,29,imagenet,reference,,,,
800,2858,114.32,0.001,0.0438678476028144,0.037903281841427,0.0498324131965637,0.1415101435151479,0.1666193401834131,0.1164009455578549,0.8232466569985276,0.8973105089786441,284.37709324993193,29,imagenet,reference,,,,
900,3216,128.64,0.001,0.0364394093491137,0.0313730957359075,0.0415057231485843,0.1714803745074255,0.2078188411298507,0.1351419068537781,0.7958943939310948,0.8772499135193392,318.86326129199006,29,imagenet,reference,,,,
1000,3574,142.96,0.001,0.0333240159973502,0.0287424980383366,0.0379055339097976,0.1472751012516681,0.1827227404682694,0.1118274626022391,0.8285445746189449,0.8977557038260935,354.7306784579996,29,imagenet,reference,,,,
1100,3929,157.16,0.001,0.0278511446155607,0.0237010254152119,0.0320012637972831,0.1461808752642371,0.1841764982183912,0.1081852529288163,0.8299319723673274,0.8992745060959835,389.2810342500452,29,imagenet,reference,,,,
1200,4287,171.48,0.001,0.0267283846251666,0.0231371830403804,0.0303195862472057,0.1458057518855098,0.1870826270341048,0.1045288767369148,0.8345042796619242,0.9026965382672968,424.353799375007,29,imagenet,reference,,,,
1300,4645,185.8,0.001,0.0245161061733961,0.0213749160617589,0.0276572962105274,0.1458007691228266,0.1893236134394642,0.1022779256827278,0.8363303241082555,0.904119041943504,459.5997536671348,29,imagenet,reference,,,,
1400,5000,200.0,0.001,0.021747816549614,0.0186166593059897,0.0248789738118648,0.1484340942339088,0.194139584125532,0.1027286042391635,0.8343224146603263,0.90279763421118,495.08396250009537,29,imagenet,reference,,,,
1500,5358,214.32,0.001,0.0203865054249763,0.0176982012111693,0.0230748096108436,0.1539672373384752,0.2049495045185914,0.1029849695911869,0.832977864547155,0.9018805460816194,531.1605011250358,29,imagenet,reference,,,,
1600,5716,228.64,0.001,0.0193505423888564,0.0169365397375077,0.0217645449936389,0.1741853701305224,0.2363550893472552,0.1120156495216396,0.8171256892505954,0.8922210358795418,566.8415132500231,29,imagenet,reference,,,,
1700,6074,242.96,0.001,0.0193907173164188,0.0169195306953042,0.0218619038164615,0.1524281462583575,0.2081435531068425,0.096712738791139,0.8402727480848814,0.9066255734085183,602.2615548749454,29,imagenet,reference,,,,
1800,6429,257.16,0.001,0.0210412576422095,0.018996185362339,0.0230863299965858,0.2248390821230865,0.3246819046954383,0.1249962589320014,0.7952493868259856,0.8794039586084942,637.7050775000826,29,imagenet,reference,,,,
1900,6787,271.48,0.001,0.0529774563945829,0.0543511187005788,0.0516037939488887,0.1865076659872457,0.2525521111529591,0.120463219274699,0.8043270227080032,0.8850436166617096,673.2021938329563,29,imagenet,reference,,,,
2000,7145,285.8,0.001,0.0320045205391943,0.0298620015662163,0.0341470398008823,0.1434115144620717,0.1839728488435382,0.1028501787400163,0.833352100643027,0.902746991288426,708.8110723749269,29,imagenet,reference,,,,
2100,7500,300.0,0.0001,0.0216046108212322,0.0190948704350739,0.024114351272583,0.1432726814775731,0.1883733402486491,0.0981720250783082,0.8379825847207764,0.9060610004936768,744.5331570419949,29,imagenet,reference,,,,
2200,7858,314.32,0.0001,0.0216262237634509,0.0193890292849391,0.0238634184002876,0.1443256404779361,0.1905965076495206,0.0980547738735238,0.8385402927981526,0.9062869025843032,780.3450784171,29,imagenet,reference,,,,
2300,8216,328.64,0.0001,0.0205218002665787,0.0182109202537685,0.0228326803445816,0.1451898510583956,0.1934675954823675,0.0969121078718904,0.8393557405666326,0.9069462017892655,816.29663729202,29,imagenet,reference,,,,
2400,8574,342.96,0.0001,0.0201640820736065,0.0181887106224894,0.0221394535899162,0.1450380313252082,0.193092561768413,0.0969835020679091,0.8391996645826404,0.9069594741208732,852.022735417122,29,imagenet,reference,,,,
2500,8929,357.16,0.0001,0.0200963280815631,0.0179830261785537,0.0222096300125122,0.1444060471952993,0.1931147829574697,0.095697312000301,0.8408218147205079,0.9080096421028516,887.5356227080338,29,imagenet,reference,,,,
2600,9287,371.48,0.0001,0.0196578329801559,0.017809178745374,0.0215064871311187,0.1466582223618319,0.1963786865910032,0.096937760143544,0.8396924577711826,0.907048784852974,923.8820556250868,29,imagenet,reference,,,,
2700,9645,385.8,0.0001,0.0192566594202071,0.0171867146808654,0.0213266041874885,0.1462063498563007,0.1967933480611721,0.0956193532498237,0.8409755826840717,0.9078981564669096,959.7110339170322,29,imagenet,reference,,,,
2800,10000,400.0,0.0001,0.0191742306109517,0.017253080564551,0.0210953806340694,0.1465651753864486,0.197695984766145,0.0954343668317299,0.8408555394963512,0.9080409658205194,995.7409525420516,29,imagenet,reference,,,,
2900,10358,414.32,0.0001,0.0182942609675228,0.0164219759125262,0.0201665461063385,0.14847553255855,0.2010730383305401,0.0958780281271489,0.8401692708386158,0.9074729887780002,1031.5814197501168,29,imagenet,reference,,,,
3000,10716,428.64,0.0001,0.0183575427252799,0.0166309034265577,0.0200841818749904,0.1472481716050408,0.1993132319211135,0.0951831107733571,0.8416340963452023,0.9083963022642176,1067.644642750034,29,imagenet,reference,,,,
3100,11074,442.96,0.0001,0.0176121968310326,0.0158268415671773,0.0193975520133972,0.147327182356874,0.1996896331388645,0.0949647311108335,0.8412558587249809,0.9083266070020384,1103.8077239999548,29,imagenet,reference,,,,
3200,11429,457.16,0.0001,0.0178910154569894,0.0161630872543901,0.0196189434826374,0.1484886781154619,0.20157291969626,0.0954044387002304,0.8404814720099802,0.907750726377024,1139.3922723750584,29,imagenet,reference,,,,
3300,11787,471.48,0.0001,0.0169847638579085,0.0151475893030874,0.0188219381868839,0.1496523018526783,0.2046069405380005,0.0946976620845728,0.8410620612568884,0.9082596046390328,1175.1043877499178,29,imagenet,reference,,,,
3400,12145,485.8,0.0001,0.0170722614182159,0.0154138457402586,0.0187306770682334,0.1509384096287526,0.2066356660894869,0.0952411512602571,0.8404406230857211,0.907814984731457,1210.9786204579286,29,imagenet,reference,,,,
3500,12500,500.0,0.0001,0.0169938830053433,0.01536478954833,0.0186229763925075,0.1509685744773145,0.2066578888253769,0.0952792588402243,0.8405712397796125,0.907774822333885,1246.7427669579629,29,imagenet,reference,,,,
3600,12858,514.32,0.0001,0.0164869794109836,0.0148108040587976,0.01816315472126,0.1534248889008195,0.2117870052483667,0.0950627733266889,0.8404909480391167,0.9077688938859658,1282.513487166958,29,imagenet,reference,,,,
3700,13216,528.64,0.0001,0.0165453421790152,0.0149024274945259,0.018188256919384,0.1525665757771594,0.2102828751282708,0.0948502761682424,0.8411153446678918,0.9081447731145084,1318.2558346251026,29,imagenet,reference,,,,
3800,13574,542.96,0.0001,0.0164330760762095,0.0148703072220087,0.0179958449304103,0.1548391557379164,0.2137433264701011,0.0959349852119762,0.8395023760099927,0.9070761672855808,1353.9886821249966,29,imagenet,reference,,,,
3900,13929,557.16,0.0001,0.0160224806005135,0.0143948372290469,0.0176501241326332,0.1543996044302481,0.2139112917403448,0.094887915985807,0.840892405879129,0.9078344500107436,1389.411179000046,29,imagenet,reference,,,,
4000,14287,571.48,0.0001,0.0154647665005177,0.0137486370885744,0.0171808961033821,0.1558904176042979,0.2164638025950395,0.0953170335416562,0.8397059221806884,0.907254023481836,1425.1681022921111,29,imagenet,reference,,,,
0,0,0.0,0.001,,,,0.6805803738663353,0.661634955439188,0.6995257856936603,0.0034602076124567,0.0034602076124567,6.784998916788027,29,imagenet,area_proportional,,,,
100,358,14.32,0.001,0.4057274103164673,0.2640429037809372,0.4948535627126694,0.3039381922735062,0.2243848103759198,0.3834915734492371,0.7860085169531934,0.8729097715852934,44.64478745800443,29,imagenet,area_proportional,0.3794482335448265,0.6364020192623139,0.041102294921875,0.0262791773770004
200,716,28.64,0.001,0.2339393739402294,0.1331707374751568,0.2858754095435142,0.1957225938775547,0.1582298674797929,0.2332153194503388,0.7997814197777514,0.8822656959212031,83.34288941696286,29,imagenet,area_proportional,0.2095230731368065,0.5891875648498535,0.0408015537261962,0.0244163017068058
300,1074,42.96,0.001,0.1457130306214094,0.080243972055614,0.1661747631430626,0.184187530336908,0.16232190850903,0.2060531509788803,0.7811544718073017,0.8710142716124144,121.84084791690113,29,imagenet,area_proportional,0.1232093677669763,0.5461010044813156,0.0403396701812744,0.0225036632921546
400,1429,57.16,0.001,0.1042305774614214,0.0578017831407487,0.109190699905157,0.1482379861872089,0.1524860470146456,0.1439899245347943,0.8189984254931252,0.8943751669371456,159.9749876249116,29,imagenet,area_proportional,0.0834962412342429,0.4977159276604652,0.040276231765747,0.0207343361200764
500,1787,71.48,0.001,0.0937936650589108,0.0547208042815327,0.0905183111131191,0.1424167618722651,0.1468550146760412,0.1379785090169279,0.8208080883831227,0.8960714749254133,198.3156272917986,29,imagenet,area_proportional,0.072619557864964,0.5210853737592697,0.0397930240631103,0.0211741072311997
600,2145,85.8,0.001,0.0787060549110174,0.0445933619700372,0.0708462934195995,0.1504769113855791,0.1763832222116034,0.1245706015392158,0.8170911042266572,0.8935762996435221,236.9248235418927,29,imagenet,area_proportional,0.0577198276668787,0.5001676300168038,0.0406111049652099,0.0209862270019948
700,2500,100.0,0.001,0.067739763893187,0.0376801514346152,0.0592482680082321,0.1449398375196852,0.1585542286865439,0.1313254457856544,0.8294297159473312,0.9006997089390186,274.87768241693266,29,imagenet,area_proportional,0.0484642096236348,0.465949006229639,0.0400624084472656,0.019275554344058
800,2858,114.32,0.001,0.0563760130666196,0.0296113105304539,0.0469512371718883,0.1334618638852888,0.1552244925736143,0.1116992346555716,0.8386072237228859,0.9070329453795082,313.03880754183047,29,imagenet,area_proportional,0.0382812737487256,0.4328381511569023,0.0406450271606445,0.0180947396717965
900,3216,128.64,0.001,0.0490195663459599,0.0243748940527439,0.0393229499459266,0.1366010763550299,0.1649498765237603,0.1082522761862995,0.8399235280950244,0.907486302610788,351.23829708294943,29,imagenet,area_proportional,0.0318489220552146,0.4075541856884956,0.040940237045288,0.0171706443140283
1000,3574,142.96,0.001,0.0435921683534979,0.0214139237161725,0.0341565278172492,0.1356756577339139,0.1685196621195255,0.1028316538639134,0.8414536252579179,0.9085430508285486,389.6598341248464,29,imagenet,area_proportional,0.0277852257527411,0.3765897297859192,0.0406965923309326,0.0158069425914436
1100,3929,157.16,0.001,0.0392515512369573,0.018741236384958,0.0303523132205009,0.1379995005250389,0.1746866896387615,0.1013123139378108,0.8393044328046962,0.9073998551912822,427.77843079180457,29,imagenet,area_proportional,0.0245467748120427,0.3593309065699577,0.0398722171783447,0.0147047763224691
1200,4287,171.48,0.001,0.0402727355994284,0.0205053938832134,0.0301045157015323,0.1420549083127282,0.17959415487249,0.1045156620365525,0.832847309146276,0.903160990571531,465.8468181670178,29,imagenet,area_proportional,0.0253049547318369,0.3573766988515854,0.040705337524414,0.0149677807837724
1300,4645,185.8,0.001,0.0410544853284955,0.0202457246184349,0.0303116331994533,0.1401828555293561,0.1799276402561722,0.1004380707509789,0.8402698252355215,0.9075538071946516,503.8415328329429,29,imagenet,area_proportional,0.0252786788716912,0.3721229815483093,0.0413544940948486,0.0157758064661175
1400,5000,200.0,0.001,0.0368300289846956,0.0175518459174782,0.0271542572975158,0.1470758834512176,0.1892155201583585,0.1049362462284655,0.831194353713362,0.902327407042168,541.6446002919693,29,imagenet,area_proportional,0.0223530516307801,0.3531523290276527,0.04001389503479,0.0144769774051383
1500,5358,214.32,0.001,0.0340064796619117,0.0163169863726943,0.0246396593749523,0.1556282213608698,0.202785864369267,0.1084705783009116,0.8267736570273689,0.8993361070938354,579.8204744998366,29,imagenet,area_proportional,0.0204783228505402,0.3249295282363891,0.0405730628967285,0.0135281566018238
1600,5716,228.64,0.001,0.0348223399370908,0.0172201223485171,0.0250845259428024,0.1420681314691128,0.1840367065581483,0.1000995557613438,0.8380334322526295,0.9064369046194768,617.8455402918626,29,imagenet,area_proportional,0.0211523241084069,0.3284610074758529,0.040316572189331,0.0136700159171596
1700,6074,242.96,0.001,0.0388737131096422,0.0207819728320464,0.0281437082588672,0.1470565744852937,0.1895991797111026,0.1045139691821431,0.8303517192102022,0.9015872660568168,656.0315219168551,29,imagenet,area_proportional,0.0244628406036645,0.3529578566551208,0.0397836112976074,0.0144108725851401
1800,6429,257.16,0.001,0.0382229871675372,0.0200034007895737,0.026994924545288,0.1347249204415351,0.1758674029969839,0.0935824387626251,0.8447938228222317,0.911486527056607,693.8892228750046,29,imagenet,area_proportional,0.0234991625975817,0.3540951919555664,0.0401859188079833,0.0147238244954496
1900,6787,271.48,0.001,0.0363351910095661,0.0184269134094938,0.0258533972501754,0.1453351138681688,0.1930765583337797,0.0975936711040747,0.8394274287341039,0.9073750436289344,732.2405811669305,29,imagenet,area_proportional,0.02214015529491,0.3405904126167297,0.0404896926879882,0.0141950357938185
2000,7145,285.8,0.001,0.0305294024199247,0.0147141201235353,0.0214436508715152,0.141049113498427,0.1895776915663666,0.0925205347859735,0.8465726119412608,0.911852922129593,770.3915187919047,29,imagenet,area_proportional,0.0180788854695856,0.300668273717165,0.0400931453704834,0.0124505168385803
2100,7500,300.0,0.0001,0.0265895931515842,0.012445149552077,0.0187529428303241,0.142776459403929,0.1931581506473383,0.0923947696042308,0.8460826479431579,0.9116144435168728,808.345700582955,29,imagenet,area_proportional,0.0155990461632609,0.2677093549072742,0.0396931743621826,0.0109905470069497
2200,7858,314.32,0.0001,0.0264244183525443,0.0124926629988476,0.0183349625766277,0.1435606253807107,0.1946653329789844,0.092455917782437,0.8462362874724115,0.9116160886003516,846.3577154169325,29,imagenet,area_proportional,0.0154138128366321,0.2624536158144474,0.0405807590484619,0.0110106054786592
2300,8216,328.64,0.0001,0.025477801207453,0.0119370838394388,0.0177517659962177,0.1444261602567554,0.1965745369352683,0.0922777825985812,0.8459320770881827,0.911510926898857,884.3993410419207,29,imagenet,area_proportional,0.0148444249480962,0.2552283284068107,0.040282917022705,0.0106333762826398
2400,8574,342.96,0.0001,0.0255650581233203,0.0121455155219882,0.017520654797554,0.1453614046726259,0.198046852405921,0.0926759548253254,0.8450165106035843,0.910991155184374,922.4689087499864,29,imagenet,area_proportional,0.0148330851737409,0.2541138151288032,0.0407980823516845,0.0107319729635491
2500,8929,357.16,0.0001,0.0247968761157244,0.0116619597235694,0.0171232995390892,0.1446876928571186,0.1974829124435009,0.0918924744566419,0.8461564282206815,0.911711655166211,960.4004926669876,29,imagenet,area_proportional,0.0143926296196877,0.2484875357151031,0.0405456447601318,0.0104042464168742
2600,9287,371.48,0.0001,0.0248388905264437,0.0118764260271564,0.0169255097210407,0.1477688712850986,0.2030774836515473,0.0924602604654833,0.8455674620532528,0.9112538272787446,998.4389064998832,29,imagenet,area_proportional,0.0144009677972644,0.245176193267107,0.0410636711120605,0.0104379226686432
2700,9645,385.8,0.0001,0.0239462711010128,0.0112934001814574,0.0165811751782894,0.1452182613338978,0.1981175753793914,0.0923189473399654,0.8453161165206411,0.9111327307355678,1037.036354499869,29,imagenet,area_proportional,0.01393728768453,0.2382503871619701,0.0403347492218017,0.0100089833489619
2800,10000,400.0,0.0001,0.0239884589985013,0.0113543967856094,0.0164566028118133,0.1458847935224486,0.2000484422210178,0.0917211449270017,0.8460837423615506,0.9116194240063312,1075.3692512079142,29,imagenet,area_proportional,0.0139054998196661,0.2386095890402794,0.0409053039550781,0.0100829591276124
2900,10358,414.32,0.0001,0.0233248262573033,0.0110155090223997,0.0160015667974948,0.146136998202149,0.2001968753688475,0.0920771216026227,0.845640236285884,0.9113523493879166,1113.643624041928,29,imagenet,area_proportional,0.0135085379891097,0.2345275981724262,0.0404911804199218,0.0098162882542237
3000,10716,428.64,0.0001,0.0242893767356872,0.0120802742522209,0.0162724144756793,0.1463652910039499,0.1994373940679028,0.0932931873212636,0.8436889484096832,0.9101055608192432,1151.933482249966,29,imagenet,area_proportional,0.0141763443965464,0.235175113081932,0.0410104179382324,0.0101130324415862
3100,11074,442.96,0.0001,0.0226308598648756,0.0106859955145046,0.0155773745477199,0.1466715868472228,0.2011025211802816,0.0922406528235306,0.8453268864971354,0.9111955750959252,1190.048467332963,29,imagenet,area_proportional,0.013131684991531,0.2287044914066791,0.040215950012207,0.0094991748873144
3200,11429,457.16,0.0001,0.0226468949764966,0.0107481267256662,0.0154346132278442,0.1480774442732952,0.2029297603970992,0.0932251280979301,0.8435121216839688,0.9100027568744772,1228.0437293748837,29,imagenet,area_proportional,0.0130913699883967,0.224372436851263,0.0410263538360595,0.0095555250416509
3300,11787,471.48,0.0001,0.0216478737164288,0.0101914602424949,0.0148672464489936,0.1477353100545678,0.203533869765209,0.0919367493642655,0.8452224872531717,0.9110951858964308,1266.2885033749044,29,imagenet,area_proportional,0.0125293533643707,0.2203229402005672,0.0399246311187744,0.0091185203078202
3400,12145,485.8,0.0001,0.0217530583683401,0.0102841716399416,0.0148289839923381,0.1491012766080744,0.2060233976911096,0.0921791573296781,0.8449070806311951,0.910958429600434,1304.5727225418668,29,imagenet,area_proportional,0.0125565778091549,0.2186495043337345,0.0405022621154785,0.0091964806150645
3500,12500,500.0,0.0001,0.0218240552395582,0.0103739833878353,0.0147743129730224,0.1487828672550953,0.2052715787322463,0.0922941559326277,0.8444413040242575,0.9106857114301165,1342.7190025828313,29,imagenet,area_proportional,0.0125741481920704,0.2182213340699672,0.0407401752471923,0.0092499070195481
3600,12858,514.32,0.0001,0.0208179526869207,0.0097932575829327,0.0142620266973972,0.1498494858766509,0.2080153578499196,0.0916836129752822,0.8453266075150747,0.911144110435917,1380.88202154194,29,imagenet,area_proportional,0.0120276421261951,0.210095640271902,0.0400593185424804,0.0087903105537407
3700,13216,528.64,0.0001,0.0210460792295634,0.0099366677040234,0.0143088488280773,0.1504857392665836,0.2091927134970067,0.0917787636440105,0.8450962998393701,0.9110868705391172,1419.0838053748012,29,imagenet,area_proportional,0.0121227582916617,0.2117717516422271,0.0407069492340087,0.0089233209379017
3800,13574,542.96,0.0001,0.0207755707018077,0.0098549986956641,0.014084303677082,0.1506012703926918,0.2097851593807906,0.091417381920204,0.8456328626933806,0.9114235002081252,1457.228190082824,29,imagenet,area_proportional,0.0119696511514484,0.20476202622056,0.0414099025726318,0.008805919624865
3900,13929,557.16,0.0001,0.0201692757662385,0.0095315211592242,0.0137724851071834,0.1508675057273422,0.2099137984757605,0.0918212137007795,0.8448958526140091,0.9109046539327352,1495.3284017078113,29,imagenet,area_proportional,0.0116520031401887,0.2029817414283752,0.0403679943084716,0.0085172725189477
4000,14287,571.48,0.0001,0.0194131350889801,0.0090655692014843,0.0134433348476886,0.1500865791805062,0.2083567749567098,0.0918163846933305,0.8448035711927111,0.910853881920384,1533.587935499847,29,imagenet,area_proportional,0.0112544520385563,0.1979887802898884,0.0397286796569824,0.0081586830131709
0,0,0.0,0.001,,,,0.6805803738663353,0.661634955439188,0.6995257856936603,0.0034602076124567,0.0034602076124567,6.925726415822282,29,imagenet,equal_per_image,,,,
100,358,14.32,0.001,0.4047025206685066,0.2635038369894028,0.4943851745128632,0.2999520387410292,0.2204228981452829,0.3794811815539033,0.7810157643161159,0.869642673468913,44.85663133277558,29,imagenet,equal_per_image,0.3789445063471794,0.635784262418747,0.0405137650668621,0.0257580142281949
200,716,28.64,0.001,0.2335155199468135,0.1336716943234205,0.2855033905804157,0.2038175603922675,0.1665913444076855,0.2410437767893385,0.7930261214525497,0.8775616659340361,83.46323162480257,29,imagenet,equal_per_image,0.2095875434577465,0.5906134906411171,0.0405137650668621,0.0239279762282967
300,1074,42.96,0.001,0.1408503737300634,0.0764158578217029,0.1618188375234603,0.154301180507485,0.144687482204198,0.1639148805380692,0.8255057758404505,0.8973214185009729,121.78968949988484,29,imagenet,equal_per_image,0.11911734752357,0.5364356085658073,0.0405137650668621,0.0217330263461917
400,1429,57.16,0.001,0.1033141192793846,0.0581037601828575,0.1082299621403217,0.1547166794332253,0.1583940376975544,0.1510393207048462,0.8135100470163485,0.8897411059375309,160.01538658281788,29,imagenet,equal_per_image,0.0831668612733483,0.4972941350936889,0.0405137650668621,0.0201472577638924
500,1787,71.48,0.001,0.0941795266792178,0.0554206434823572,0.0904783779382705,0.1472697248714605,0.1545240343854501,0.1400154160793265,0.8146094913423542,0.8913908968431752,198.1585079159122,29,imagenet,equal_per_image,0.0729495102912187,0.5240198308229447,0.0405137650668621,0.0212300164438784
600,2145,85.8,0.001,0.0842165111750364,0.0508780657872557,0.0758838748931884,0.1472596723624991,0.1588701271165201,0.1356492176600393,0.82789638428577,0.8985677069497118,236.29172562481835,29,imagenet,equal_per_image,0.063380970545113,0.5142829978466034,0.0405137650668621,0.0208355405833572
700,2500,100.0,0.001,0.0620180163159966,0.0333119677752256,0.054208407998085,0.1456108387675664,0.1655420527429316,0.1256796247406401,0.821972413727706,0.8961811844043276,274.2644164999947,29,imagenet,equal_per_image,0.0437601877190172,0.4506574115157127,0.0405137650668621,0.0182578284945338
800,2858,114.32,0.001,0.0547833395004272,0.028642279068008,0.046193553507328,0.1333699819847786,0.152397128589013,0.1143428347102498,0.8328264577485844,0.9030957770001726,312.3467880829703,29,imagenet,equal_per_image,0.0374179161898791,0.4286302044987679,0.0405137650668621,0.0173654235433787
900,3216,128.64,0.001,0.0485506042838096,0.0248410427849739,0.0390874771773815,0.1294942419318591,0.1552943164502048,0.1036941660729246,0.8434879253914759,0.90953491955,350.63278949982487,29,imagenet,equal_per_image,0.0319642599578946,0.4094002215564251,0.0405137650668621,0.0165863442933186
1000,3574,142.96,0.001,0.0440472870506346,0.0221904822997748,0.0348059593141079,0.1291912058336099,0.1589879971062023,0.0993944154891175,0.8450952108282968,0.9108709034863712,389.1522941249423,29,imagenet,equal_per_image,0.0284982208907604,0.3837971124053001,0.0405137650668621,0.0155490660388022
1100,3929,157.16,0.001,0.0425437997840344,0.0210171009600162,0.033092842400074,0.1409573775674232,0.1772905286001911,0.1046242243690886,0.8368172804783662,0.9050679442554516,427.3991947909817,29,imagenet,equal_per_image,0.0270549716986715,0.3823102608323097,0.0405137650668621,0.0154888281226158
1200,4287,171.48,0.001,0.0398791905306279,0.0202783131133765,0.0298531045019626,0.1426700984214829,0.1849904946699274,0.1003497024308439,0.8387199922083662,0.9068071307308908,465.50195862492546,29,imagenet,equal_per_image,0.025065708681941,0.3656407077610493,0.0405137650668621,0.014813481690362
1300,4645,185.8,0.001,0.0452142773382365,0.0247613487951457,0.0338632382452488,0.14157075334379,0.1792341850723774,0.1039073207386637,0.8361789552304065,0.9047525787714812,503.5310669997707,29,imagenet,equal_per_image,0.0293122934922575,0.3925081638991832,0.0405137650668621,0.0159019837435334
1400,5000,200.0,0.001,0.0381634848378598,0.0184897870291024,0.0283879444003105,0.1394020211222262,0.1799148736734291,0.09888916980849,0.839573385702104,0.9075089115152636,541.4505957078654,29,imagenet,equal_per_image,0.0234388657286763,0.3634473130106926,0.0405137650668621,0.0147246191836893
1500,5358,214.32,0.001,0.0420651392079889,0.023350498881191,0.0310710343718528,0.1381527212767452,0.1742470187608758,0.1020584240504202,0.83974313289373,0.9060878812513974,579.4993914158549,29,imagenet,equal_per_image,0.0272107665333896,0.3666500115394592,0.0405137650668621,0.0148543724790215
1600,5716,228.64,0.001,0.0337549536675214,0.0164347508596256,0.0243416653573513,0.1421156242541376,0.1846698821622195,0.0995613672741556,0.8403472386408767,0.9065685252906712,617.7062910827808,29,imagenet,equal_per_image,0.020388208264485,0.3299309635162353,0.0405137650668621,0.0133667455008253
1700,6074,242.96,0.001,0.0356170780956745,0.0180355112440884,0.0256846177577972,0.1389153164047683,0.1833524215695767,0.0944782089197099,0.8461788662973816,0.9104598691986344,655.8483985408675,29,imagenet,equal_per_image,0.0218600645847618,0.3395639376342296,0.0405137650668621,0.0137570135761052
1800,6429,257.16,0.001,0.0319435645081102,0.0155746551416814,0.0229544466733932,0.1433580344523525,0.1898872063440435,0.0968288622512949,0.8433660298890225,0.9084781765475738,693.9175899578258,29,imagenet,equal_per_image,0.0192645509261637,0.3129557007551193,0.0405137650668621,0.012679013647139
1900,6787,271.48,0.001,0.0725007917545735,0.0508600680716335,0.0569156435132026,0.153383711475402,0.1835869694560457,0.1231804535463194,0.8145829061544979,0.889803527539984,732.1788768749684,29,imagenet,equal_per_image,0.0538878556899726,0.4594225233793259,0.0405137650668621,0.0186129360646009
2000,7145,285.8,0.001,0.0427541207708418,0.0228986299503594,0.0315520411729812,0.1413330808539704,0.1786027150067491,0.1040634479902194,0.8336469623560124,0.9031155259057267,770.3934958328027,29,imagenet,equal_per_image,0.0272253355197608,0.3832965171337127,0.0405137650668621,0.0155287850182503
2100,7500,300.0,0.0001,0.033775872811675,0.0164689677720889,0.0243019554018974,0.1420926924498436,0.1839028957805831,0.1002824892222262,0.8371372693463766,0.9054122437511638,808.3681743328925,29,imagenet,equal_per_image,0.0203854615800082,0.3305151024460792,0.0405137650668621,0.0133904111944139
2200,7858,314.32,0.0001,0.0333957562968134,0.0165657816221937,0.0237068454921245,0.1414529320277969,0.1834908517586731,0.0994150112656986,0.8384679826470334,0.9063511086036212,846.812157999957,29,imagenet,equal_per_image,0.0201363135594874,0.3272824096679687,0.0405137650668621,0.0132594427186995
2300,8216,328.64,0.0001,0.0321905727684497,0.0157310954807326,0.0228333066403865,0.1412151411021044,0.1847201366119318,0.0977101480672103,0.8401841793823029,0.9074522145573642,884.9864644999616,29,imagenet,equal_per_image,0.0192822009697556,0.3186169317364692,0.0405137650668621,0.0129083715938031
2400,8574,342.96,0.0001,0.0315545662399381,0.0156265417765825,0.0220146694779396,0.1426540503864882,0.1865157325168794,0.0987923698029303,0.8380161988719703,0.9063218823843182,923.0657660409342,29,imagenet,equal_per_image,0.018820605603978,0.3143119564652443,0.0405137650668621,0.0127339607104659
2500,8929,357.16,0.0001,0.0306228510849177,0.0148382794903591,0.0215113338828086,0.1433372775988595,0.1883161438687037,0.0983584110712097,0.8382818340811465,0.9065343254476904,961.057956415927,29,imagenet,equal_per_image,0.0181748066935688,0.307254691272974,0.0405137650668621,0.0124480443494394
2600,9287,371.48,0.0001,0.0309910230711102,0.015391549617052,0.021476489752531,0.1455485482013761,0.1916664080326945,0.0994306879060078,0.8372212519721394,0.9056598428533024,999.146474165842,29,imagenet,equal_per_image,0.0184340196661651,0.3099441230297088,0.0405137650668621,0.0125570033304393
2700,9645,385.8,0.0001,0.0299173288978636,0.014551051352173,0.0210956296324729,0.1436644052139203,0.1900628526730521,0.0972659585797662,0.8396066069238668,0.9073374268324084,1037.161301249871,29,imagenet,equal_per_image,0.0178233404830098,0.2985155376791954,0.0405137650668621,0.0120939884055405
2800,10000,400.0,0.0001,0.0299336293712258,0.014696047604084,0.0208557766675949,0.1435050893716746,0.1910716256571476,0.0959385520034182,0.8409133331239029,0.9082612934078542,1075.067513332935,29,imagenet,equal_per_image,0.0177759121637791,0.3000885500013828,0.0405137650668621,0.0121577170956879
2900,10358,414.32,0.0001,0.0289782949723303,0.0140947696985676,0.0201490297913551,0.1463693756751948,0.1947965910690466,0.0979421606938319,0.8380247604698317,0.9064536892020506,1112.8328429998364,29,imagenet,equal_per_image,0.0171218997240066,0.292651037722826,0.0405137650668621,0.0118563953228294
3000,10716,428.64,0.0001,0.0287043738737702,0.0141392997978255,0.0198184210062026,0.1447568030505857,0.1925716047984093,0.0969420011480786,0.8396890925093078,0.907542381967053,1150.9410700828305,29,imagenet,equal_per_image,0.0169788603670895,0.2894204859435558,0.0405137650668621,0.0117255135718733
3100,11074,442.96,0.0001,0.0277228633034974,0.0133412543265149,0.0192696210741996,0.1454361173933352,0.194314309109041,0.0965579273791461,0.840076857198572,0.9077789875466388,1188.85573799978,29,imagenet,equal_per_image,0.0163054377445951,0.2818159586191177,0.0405137650668621,0.0114174255030229
3200,11429,457.16,0.0001,0.0287523169070482,0.0144005000032484,0.0200626924633979,0.1480831078488934,0.19731205516208,0.0988541591951178,0.8375944799795714,0.9055248969538318,1226.478737790836,29,imagenet,equal_per_image,0.0172315961308777,0.2843655867874622,0.0405137650668621,0.0115207206690683
3300,11787,471.48,0.0001,0.0273286884278059,0.0131806362001225,0.0188753513991832,0.147595644306559,0.1973451306869414,0.0978461569980766,0.8386200254367585,0.9062901049274203,1264.5217304578982,29,imagenet,equal_per_image,0.0160279938206076,0.2789346887171268,0.0405137650668621,0.0113006945513188
3400,12145,485.8,0.0001,0.0269314164854586,0.0131106655532494,0.0185676464438438,0.1523462533950805,0.2059193245267373,0.0987731826759127,0.8369436968430704,0.9052488248196836,1302.5258852078114,29,imagenet,equal_per_image,0.015839155903086,0.2737899193167686,0.0405137650668621,0.0110922604519873
3500,12500,500.0,0.0001,0.0267935688514262,0.0131513613928109,0.0184190969169139,0.1492452555977349,0.2006320643486861,0.0978584485483004,0.8380688867746582,0.9059786184372206,1340.5561316248495,29,imagenet,equal_per_image,0.015785229159519,0.2717185059189796,0.0405137650668621,0.0110083396872505
3600,12858,514.32,0.0001,0.0260676967352628,0.0127101046871393,0.0180246689915657,0.1524069098349673,0.2069358317291035,0.0978779887658089,0.838135246568293,0.9058922508956272,1378.6823973748833,29,imagenet,equal_per_image,0.0153673868440091,0.2641154171526432,0.0405137650668621,0.0107003099704161
3700,13216,528.64,0.0001,0.0260179576463997,0.0126489893067628,0.0178788709640502,0.1533810073529147,0.2088831056257432,0.097878909441014,0.8377384602420669,0.9058008574550024,1416.7604741659015,29,imagenet,equal_per_image,0.0152639301866292,0.265441325455904,0.0405137650668621,0.0107540274783968
3800,13574,542.96,0.0001,0.0256849823333323,0.0126682279165834,0.0177788680791854,0.152308474259393,0.2071289204602423,0.0974880269241993,0.8385596758638855,0.9063160821337816,1454.8747252079193,29,imagenet,equal_per_image,0.0152235479652881,0.2582192584872246,0.0405137650668621,0.0104614343401044
3900,13929,557.16,0.0001,0.0252696651220321,0.0122516117291525,0.0174239239096641,0.14956055504228,0.2033017770641815,0.0958193324016452,0.840898061107047,0.9077850862801922,1492.8529124998022,29,imagenet,equal_per_image,0.0148377678357064,0.2574901953339576,0.0405137650668621,0.0104318972863256
4000,14287,571.48,0.0001,0.0243285434320569,0.0115842784382402,0.0168413020670413,0.1518841545165203,0.2069800742047881,0.0967882356016693,0.8388648660578872,0.9065386226036468,1531.0441687908024,29,imagenet,equal_per_image,0.0142127902526408,0.2496868203580379,0.0405137650668621,0.0101157532213255
